
/workspaces/pico-sexa-uart-bridge/build-pico2/uart_i2c_bridge.elf:     file format elf32-littlearm

Sections:
Idx Name          Size      VMA       LMA       File off  Algn
  0 .text         00007364  10000000  10000000  00001000  2**3
                  CONTENTS, ALLOC, LOAD, READONLY, CODE
  1 .rodata       00000490  10007368  10007368  00008368  2**3
                  CONTENTS, ALLOC, LOAD, READONLY, DATA
  2 .ARM.exidx    00000008  100077f8  100077f8  000087f8  2**2
                  CONTENTS, ALLOC, LOAD, READONLY, DATA
  3 .binary_info  00000024  10007800  10007800  00008800  2**2
                  CONTENTS, ALLOC, LOAD, READONLY, DATA
  4 .ram_vector_table 00000110  20000000  20000000  0000b000  2**2
                  ALLOC
  5 .uninitialized_data 00000000  20000110  20000110  0000ac28  2**0
                  CONTENTS
  6 .data         000013f0  20000110  10007824  00009110  2**3
                  CONTENTS, ALLOC, LOAD, READONLY, CODE
  7 .tdata        00000000  20001500  20001500  0000ac28  2**0
                  CONTENTS, ALLOC, LOAD, DATA, THREAD_LOCAL
  8 .tbss         00000000  20001500  20001500  00000000  2**0
                  ALLOC, THREAD_LOCAL
  9 .bss          0000fd5c  20001500  10008c14  0000b500  2**3
                  ALLOC
 10 .heap         00000800  2001125c  2001125c  0000ac28  2**2
                  CONTENTS, READONLY
 11 .scratch_x    00000000  20080000  20080000  0000b428  2**0
                  CONTENTS
 12 .scratch_y    00000000  20081000  20081000  0000b428  2**0
                  CONTENTS
 13 .stack1_dummy 00000800  20080000  20080000  0000b000  2**2
                  ALLOC
 14 .stack_dummy  00000800  20081000  20081000  0000b440  2**5
                  CONTENTS, READONLY
 15 .flash_end    00000014  10008c14  10008c14  0000ac14  2**2
                  CONTENTS, ALLOC, LOAD, READONLY, DATA
 16 .ARM.attributes 00000034  00000000  00000000  0000bc40  2**0
                  CONTENTS, READONLY
 17 .comment      00000026  00000000  00000000  0000bc74  2**0
                  CONTENTS, READONLY
 18 .debug_info   00041500  00000000  00000000  0000bc9a  2**0
                  CONTENTS, READONLY, DEBUGGING, OCTETS
 19 .debug_abbrev 0000ae4c  00000000  00000000  0004d19a  2**0
                  CONTENTS, READONLY, DEBUGGING, OCTETS
 20 .debug_loclists 00020b42  00000000  00000000  00057fe6  2**0
                  CONTENTS, READONLY, DEBUGGING, OCTETS
 21 .debug_aranges 00001710  00000000  00000000  00078b28  2**3
                  CONTENTS, READONLY, DEBUGGING, OCTETS
 22 .debug_rnglists 00005c06  00000000  00000000  0007a238  2**0
                  CONTENTS, READONLY, DEBUGGING, OCTETS
 23 .debug_line   00028b4d  00000000  00000000  0007fe3e  2**0
                  CONTENTS, READONLY, DEBUGGING, OCTETS
 24 .debug_str    0000ba8d  00000000  00000000  000a898b  2**0
                  CONTENTS, READONLY, DEBUGGING, OCTETS
 25 .debug_frame  00003dd4  00000000  00000000  000b4418  2**2
                  CONTENTS, READONLY, DEBUGGING, OCTETS
 26 .debug_line_str 00000215  00000000  00000000  000b81ec  2**0
                  CONTENTS, READONLY, DEBUGGING, OCTETS

/workspaces/pico-sexa-uart-bridge/build-pico2/uart_i2c_bridge.elf:     file format elf32-littlearm


Disassembly of section .text:

10000000 <__VECTOR_TABLE>:
10000000:	20082000 	.word	0x20082000
10000004:	1000015d 	.word	0x1000015d
10000008:	10000113 	.word	0x10000113
1000000c:	10000115 	.word	0x10000115
10000010:	10000111 	.word	0x10000111
10000014:	10000111 	.word	0x10000111
10000018:	10000111 	.word	0x10000111
1000001c:	10000111 	.word	0x10000111
10000020:	10000111 	.word	0x10000111
10000024:	10000111 	.word	0x10000111
10000028:	10000111 	.word	0x10000111
1000002c:	10000117 	.word	0x10000117
10000030:	10000111 	.word	0x10000111
10000034:	10000111 	.word	0x10000111
10000038:	10000119 	.word	0x10000119
1000003c:	1000011b 	.word	0x1000011b
10000040:	1000011d 	.word	0x1000011d
10000044:	1000011d 	.word	0x1000011d
10000048:	1000011d 	.word	0x1000011d
1000004c:	1000011d 	.word	0x1000011d
10000050:	1000011d 	.word	0x1000011d
10000054:	1000011d 	.word	0x1000011d
10000058:	1000011d 	.word	0x1000011d
1000005c:	1000011d 	.word	0x1000011d
10000060:	1000011d 	.word	0x1000011d
10000064:	1000011d 	.word	0x1000011d
10000068:	1000011d 	.word	0x1000011d
1000006c:	1000011d 	.word	0x1000011d
10000070:	1000011d 	.word	0x1000011d
10000074:	1000011d 	.word	0x1000011d
10000078:	1000011d 	.word	0x1000011d
1000007c:	1000011d 	.word	0x1000011d
10000080:	1000011d 	.word	0x1000011d
10000084:	1000011d 	.word	0x1000011d
10000088:	1000011d 	.word	0x1000011d
1000008c:	1000011d 	.word	0x1000011d
10000090:	1000011d 	.word	0x1000011d
10000094:	1000011d 	.word	0x1000011d
10000098:	1000011d 	.word	0x1000011d
1000009c:	1000011d 	.word	0x1000011d
100000a0:	1000011d 	.word	0x1000011d
100000a4:	1000011d 	.word	0x1000011d
100000a8:	1000011d 	.word	0x1000011d
100000ac:	1000011d 	.word	0x1000011d
100000b0:	1000011d 	.word	0x1000011d
100000b4:	1000011d 	.word	0x1000011d
100000b8:	1000011d 	.word	0x1000011d
100000bc:	1000011d 	.word	0x1000011d
100000c0:	1000011d 	.word	0x1000011d
100000c4:	1000011d 	.word	0x1000011d
100000c8:	1000011d 	.word	0x1000011d
100000cc:	1000011d 	.word	0x1000011d
100000d0:	1000011d 	.word	0x1000011d
100000d4:	1000011d 	.word	0x1000011d
100000d8:	1000011d 	.word	0x1000011d
100000dc:	1000011d 	.word	0x1000011d
100000e0:	1000011d 	.word	0x1000011d
100000e4:	1000011d 	.word	0x1000011d
100000e8:	1000011d 	.word	0x1000011d
100000ec:	1000011d 	.word	0x1000011d
100000f0:	1000011d 	.word	0x1000011d
100000f4:	1000011d 	.word	0x1000011d
100000f8:	1000011d 	.word	0x1000011d
100000fc:	1000011d 	.word	0x1000011d
10000100:	1000011d 	.word	0x1000011d
10000104:	1000011d 	.word	0x1000011d
10000108:	1000011d 	.word	0x1000011d
1000010c:	1000011d 	.word	0x1000011d

10000110 <isr_invalid>:
10000110:	be00      	bkpt	0x0000

10000112 <isr_nmi>:
10000112:	be00      	bkpt	0x0000

10000114 <isr_hardfault>:
10000114:	be00      	bkpt	0x0000

10000116 <isr_svcall>:
10000116:	be00      	bkpt	0x0000

10000118 <isr_pendsv>:
10000118:	be00      	bkpt	0x0000

1000011a <isr_systick>:
1000011a:	be00      	bkpt	0x0000

1000011c <__unhandled_user_irq>:
1000011c:	f3ef 8005 	mrs	r0, IPSR
10000120:	3810      	subs	r0, #16

10000122 <unhandled_user_irq_num_in_r0>:
10000122:	be00      	bkpt	0x0000

10000124 <binary_info_header>:
10000124:	7188ebf2 	.word	0x7188ebf2
10000128:	10007800 	.word	0x10007800
1000012c:	10007824 	.word	0x10007824
10000130:	100001a8 	.word	0x100001a8
10000134:	e71aa390 	.word	0xe71aa390

10000138 <__binary_info_header_end>:
10000138:	ffffded3 	.word	0xffffded3
1000013c:	10210142 	.word	0x10210142
10000140:	000001ff 	.word	0x000001ff
10000144:	00008adc 	.word	0x00008adc
10000148:	ab123579 	.word	0xab123579

1000014c <_entry_point>:
1000014c:	f04f 0000 	mov.w	r0, #0

10000150 <_enter_vtable_in_r0>:
10000150:	4920      	ldr	r1, [pc, #128]	@ (100001d4 <data_cpy_table+0x2c>)
10000152:	6008      	str	r0, [r1, #0]
10000154:	c806      	ldmia	r0!, {r1, r2}
10000156:	f381 8808 	msr	MSP, r1
1000015a:	4710      	bx	r2

1000015c <_reset_handler>:
1000015c:	f04f 4050 	mov.w	r0, #3489660928	@ 0xd0000000
10000160:	6800      	ldr	r0, [r0, #0]
10000162:	b110      	cbz	r0, 1000016a <hold_non_core0_in_bootrom+0x6>

10000164 <hold_non_core0_in_bootrom>:
10000164:	f04f 0000 	mov.w	r0, #0
10000168:	e7f2      	b.n	10000150 <_enter_vtable_in_r0>
1000016a:	a40f      	add	r4, pc, #60	@ (adr r4, 100001a8 <data_cpy_table>)
1000016c:	cc0e      	ldmia	r4!, {r1, r2, r3}
1000016e:	2900      	cmp	r1, #0
10000170:	d002      	beq.n	10000178 <hold_non_core0_in_bootrom+0x14>
10000172:	f000 f815 	bl	100001a0 <data_cpy>
10000176:	e7f9      	b.n	1000016c <hold_non_core0_in_bootrom+0x8>
10000178:	4917      	ldr	r1, [pc, #92]	@ (100001d8 <data_cpy_table+0x30>)
1000017a:	4a18      	ldr	r2, [pc, #96]	@ (100001dc <data_cpy_table+0x34>)
1000017c:	2000      	movs	r0, #0
1000017e:	e000      	b.n	10000182 <bss_fill_test>

10000180 <bss_fill_loop>:
10000180:	c101      	stmia	r1!, {r0}

10000182 <bss_fill_test>:
10000182:	4291      	cmp	r1, r2
10000184:	d1fc      	bne.n	10000180 <bss_fill_loop>

10000186 <platform_entry>:
10000186:	2000      	movs	r0, #0
10000188:	f380 880a 	msr	MSPLIM, r0
1000018c:	4914      	ldr	r1, [pc, #80]	@ (100001e0 <data_cpy_table+0x38>)
1000018e:	4788      	blx	r1
10000190:	4914      	ldr	r1, [pc, #80]	@ (100001e4 <data_cpy_table+0x3c>)
10000192:	4788      	blx	r1
10000194:	4914      	ldr	r1, [pc, #80]	@ (100001e8 <data_cpy_table+0x40>)
10000196:	4788      	blx	r1
10000198:	be00      	bkpt	0x0000
1000019a:	e7fd      	b.n	10000198 <platform_entry+0x12>

1000019c <data_cpy_loop>:
1000019c:	c901      	ldmia	r1!, {r0}
1000019e:	c201      	stmia	r2!, {r0}

100001a0 <data_cpy>:
100001a0:	429a      	cmp	r2, r3
100001a2:	d3fb      	bcc.n	1000019c <data_cpy_loop>
100001a4:	4770      	bx	lr
100001a6:	bf00      	nop

100001a8 <data_cpy_table>:
100001a8:	10007824 	.word	0x10007824
100001ac:	20000110 	.word	0x20000110
100001b0:	20001500 	.word	0x20001500
100001b4:	10008c14 	.word	0x10008c14
100001b8:	20080000 	.word	0x20080000
100001bc:	20080000 	.word	0x20080000
100001c0:	10008c14 	.word	0x10008c14
100001c4:	20081000 	.word	0x20081000
100001c8:	20081000 	.word	0x20081000
100001cc:	00000000 	.word	0x00000000
100001d0:	4770      	bx	lr
100001d2:	0000      	.short	0x0000
100001d4:	e000ed08 	.word	0xe000ed08
100001d8:	20001500 	.word	0x20001500
100001dc:	2001125c 	.word	0x2001125c
100001e0:	100042fd 	.word	0x100042fd
100001e4:	1000126d 	.word	0x1000126d
100001e8:	100042f5 	.word	0x100042f5

100001ec <_init>:
100001ec:	b5f8      	push	{r3, r4, r5, r6, r7, lr}
100001ee:	bf00      	nop

100001f0 <deregister_tm_clones>:
100001f0:	4803      	ldr	r0, [pc, #12]	@ (10000200 <deregister_tm_clones+0x10>)
100001f2:	4b04      	ldr	r3, [pc, #16]	@ (10000204 <deregister_tm_clones+0x14>)
100001f4:	4283      	cmp	r3, r0
100001f6:	d002      	beq.n	100001fe <deregister_tm_clones+0xe>
100001f8:	4b03      	ldr	r3, [pc, #12]	@ (10000208 <deregister_tm_clones+0x18>)
100001fa:	b103      	cbz	r3, 100001fe <deregister_tm_clones+0xe>
100001fc:	4718      	bx	r3
100001fe:	4770      	bx	lr
10000200:	20001500 	.word	0x20001500
10000204:	20001500 	.word	0x20001500
10000208:	00000000 	.word	0x00000000

1000020c <register_tm_clones>:
1000020c:	4b06      	ldr	r3, [pc, #24]	@ (10000228 <register_tm_clones+0x1c>)
1000020e:	4907      	ldr	r1, [pc, #28]	@ (1000022c <register_tm_clones+0x20>)
10000210:	1ac9      	subs	r1, r1, r3
10000212:	1089      	asrs	r1, r1, #2
10000214:	bf48      	it	mi
10000216:	3101      	addmi	r1, #1
10000218:	1049      	asrs	r1, r1, #1
1000021a:	d003      	beq.n	10000224 <register_tm_clones+0x18>
1000021c:	4b04      	ldr	r3, [pc, #16]	@ (10000230 <register_tm_clones+0x24>)
1000021e:	b10b      	cbz	r3, 10000224 <register_tm_clones+0x18>
10000220:	4801      	ldr	r0, [pc, #4]	@ (10000228 <register_tm_clones+0x1c>)
10000222:	4718      	bx	r3
10000224:	4770      	bx	lr
10000226:	bf00      	nop
10000228:	20001500 	.word	0x20001500
1000022c:	20001500 	.word	0x20001500
10000230:	00000000 	.word	0x00000000

10000234 <__do_global_dtors_aux>:
10000234:	b510      	push	{r4, lr}
10000236:	4c06      	ldr	r4, [pc, #24]	@ (10000250 <__do_global_dtors_aux+0x1c>)
10000238:	7823      	ldrb	r3, [r4, #0]
1000023a:	b943      	cbnz	r3, 1000024e <__do_global_dtors_aux+0x1a>
1000023c:	f7ff ffd8 	bl	100001f0 <deregister_tm_clones>
10000240:	4b04      	ldr	r3, [pc, #16]	@ (10000254 <__do_global_dtors_aux+0x20>)
10000242:	b113      	cbz	r3, 1000024a <__do_global_dtors_aux+0x16>
10000244:	4804      	ldr	r0, [pc, #16]	@ (10000258 <__do_global_dtors_aux+0x24>)
10000246:	f3af 8000 	nop.w
1000024a:	2301      	movs	r3, #1
1000024c:	7023      	strb	r3, [r4, #0]
1000024e:	bd10      	pop	{r4, pc}
10000250:	20004b30 	.word	0x20004b30
10000254:	00000000 	.word	0x00000000
10000258:	10007364 	.word	0x10007364

1000025c <frame_dummy>:
1000025c:	b508      	push	{r3, lr}
1000025e:	4b04      	ldr	r3, [pc, #16]	@ (10000270 <frame_dummy+0x14>)
10000260:	b11b      	cbz	r3, 1000026a <frame_dummy+0xe>
10000262:	4904      	ldr	r1, [pc, #16]	@ (10000274 <frame_dummy+0x18>)
10000264:	4804      	ldr	r0, [pc, #16]	@ (10000278 <frame_dummy+0x1c>)
10000266:	f3af 8000 	nop.w
1000026a:	e8bd 4008 	ldmia.w	sp!, {r3, lr}
1000026e:	e7cd      	b.n	1000020c <register_tm_clones>
10000270:	00000000 	.word	0x00000000
10000274:	20004b34 	.word	0x20004b34
10000278:	10007364 	.word	0x10007364

1000027c <update_uart_cfg>:
1000027c:	e92d 4ff0 	stmdb	sp!, {r4, r5, r6, r7, r8, r9, sl, fp, lr}
10000280:	f641 693c 	movw	r9, #7740	@ 0x1e3c
10000284:	fb09 f900 	mul.w	r9, r9, r0
10000288:	4d2d      	ldr	r5, [pc, #180]	@ (10000340 <update_uart_cfg+0xc4>)
1000028a:	f109 0610 	add.w	r6, r9, #16
1000028e:	442e      	add	r6, r5
10000290:	4604      	mov	r4, r0
10000292:	b08f      	sub	sp, #60	@ 0x3c
10000294:	2100      	movs	r1, #0
10000296:	4630      	mov	r0, r6
10000298:	f007 f836 	bl	10007308 <__mutex_try_enter_veneer>
1000029c:	2800      	cmp	r0, #0
1000029e:	d045      	beq.n	1000032c <update_uart_cfg+0xb0>
100002a0:	4f28      	ldr	r7, [pc, #160]	@ (10000344 <update_uart_cfg+0xc8>)
100002a2:	ea4f 1804 	mov.w	r8, r4, lsl #4
100002a6:	f857 0008 	ldr.w	r0, [r7, r8]
100002aa:	eb05 0a09 	add.w	sl, r5, r9
100002ae:	f855 1009 	ldr.w	r1, [r5, r9]
100002b2:	f8da 3007 	ldr.w	r3, [sl, #7]
100002b6:	eb07 1204 	add.w	r2, r7, r4, lsl #4
100002ba:	2800      	cmp	r0, #0
100002bc:	d04a      	beq.n	10000354 <update_uart_cfg+0xd8>
100002be:	4299      	cmp	r1, r3
100002c0:	d137      	bne.n	10000332 <update_uart_cfg+0xb6>
100002c2:	f641 633c 	movw	r3, #7740	@ 0x1e3c
100002c6:	fb03 5304 	mla	r3, r3, r4, r5
100002ca:	791a      	ldrb	r2, [r3, #4]
100002cc:	7adb      	ldrb	r3, [r3, #11]
100002ce:	4293      	cmp	r3, r2
100002d0:	f000 81df 	beq.w	10000692 <update_uart_cfg+0x416>
100002d4:	f641 633c 	movw	r3, #7740	@ 0x1e3c
100002d8:	fb03 5304 	mla	r3, r3, r4, r5
100002dc:	7999      	ldrb	r1, [r3, #6]
100002de:	f857 0008 	ldr.w	r0, [r7, r8]
100002e2:	1f4f      	subs	r7, r1, #5
100002e4:	795b      	ldrb	r3, [r3, #5]
100002e6:	2f02      	cmp	r7, #2
100002e8:	bf88      	it	hi
100002ea:	2108      	movhi	r1, #8
100002ec:	2a02      	cmp	r2, #2
100002ee:	bf14      	ite	ne
100002f0:	2201      	movne	r2, #1
100002f2:	2202      	moveq	r2, #2
100002f4:	2b01      	cmp	r3, #1
100002f6:	bf1b      	ittet	ne
100002f8:	3b02      	subne	r3, #2
100002fa:	fab3 f383 	clzne	r3, r3
100002fe:	2302      	moveq	r3, #2
10000300:	095b      	lsrne	r3, r3, #5
10000302:	f002 f975 	bl	100025f0 <uart_set_format>
10000306:	f641 633c 	movw	r3, #7740	@ 0x1e3c
1000030a:	fb04 f303 	mul.w	r3, r4, r3
1000030e:	441d      	add	r5, r3
10000310:	4a0d      	ldr	r2, [pc, #52]	@ (10000348 <update_uart_cfg+0xcc>)
10000312:	79a8      	ldrb	r0, [r5, #6]
10000314:	1d91      	adds	r1, r2, #6
10000316:	7368      	strb	r0, [r5, #13]
10000318:	441a      	add	r2, r3
1000031a:	f832 2c01 	ldrh.w	r2, [r2, #-1]
1000031e:	52ca      	strh	r2, [r1, r3]
10000320:	4630      	mov	r0, r6
10000322:	b00f      	add	sp, #60	@ 0x3c
10000324:	e8bd 4ff0 	ldmia.w	sp!, {r4, r5, r6, r7, r8, r9, sl, fp, lr}
10000328:	f006 bfde 	b.w	100072e8 <__mutex_exit_veneer>
1000032c:	b00f      	add	sp, #60	@ 0x3c
1000032e:	e8bd 8ff0 	ldmia.w	sp!, {r4, r5, r6, r7, r8, r9, sl, fp, pc}
10000332:	f002 f90f 	bl	10002554 <uart_set_baudrate>
10000336:	f855 3009 	ldr.w	r3, [r5, r9]
1000033a:	f8ca 3007 	str.w	r3, [sl, #7]
1000033e:	e7c0      	b.n	100002c2 <update_uart_cfg+0x46>
10000340:	20004ce0 	.word	0x20004ce0
10000344:	200013e0 	.word	0x200013e0
10000348:	20004ce5 	.word	0x20004ce5
1000034c:	3b000000 	.word	0x3b000000
10000350:	43800000 	.word	0x43800000
10000354:	4299      	cmp	r1, r3
10000356:	9102      	str	r1, [sp, #8]
10000358:	f000 8082 	beq.w	10000460 <update_uart_cfg+0x1e4>
1000035c:	2005      	movs	r0, #5
1000035e:	f8d2 9008 	ldr.w	r9, [r2, #8]
10000362:	f002 f9e5 	bl	10002730 <clock_get_hz>
10000366:	9902      	ldr	r1, [sp, #8]
10000368:	ee06 0a90 	vmov	s13, r0
1000036c:	00c9      	lsls	r1, r1, #3
1000036e:	ee07 1a90 	vmov	s15, r1
10000372:	eef8 6a66 	vcvt.f32.u32	s13, s13
10000376:	eef8 7a67 	vcvt.f32.u32	s15, s15
1000037a:	ed1f 6a0c 	vldr	s12, [pc, #-48]	@ 1000034c <update_uart_cfg+0xd0>
1000037e:	ee86 7aa7 	vdiv.f32	s14, s13, s15
10000382:	ee77 7a06 	vadd.f32	s15, s14, s12
10000386:	eebc 7ae7 	vcvt.u32.f32	s14, s15
1000038a:	ee17 3a10 	vmov	r3, s14
1000038e:	b29b      	uxth	r3, r3
10000390:	2b00      	cmp	r3, #0
10000392:	f000 828d 	beq.w	100008b0 <update_uart_cfg+0x634>
10000396:	ee07 3a10 	vmov	s14, r3
1000039a:	eeb8 7a47 	vcvt.f32.u32	s14, s14
1000039e:	ed5f 6a14 	vldr	s13, [pc, #-80]	@ 10000350 <update_uart_cfg+0xd4>
100003a2:	ee77 7ac7 	vsub.f32	s15, s15, s14
100003a6:	ee67 7aa6 	vmul.f32	s15, s15, s13
100003aa:	eefc 7ae7 	vcvt.u32.f32	s15, s15
100003ae:	edcd 7a02 	vstr	s15, [sp, #8]
100003b2:	f89d 2008 	ldrb.w	r2, [sp, #8]
100003b6:	0212      	lsls	r2, r2, #8
100003b8:	ea42 4203 	orr.w	r2, r2, r3, lsl #16
100003bc:	eb09 0349 	add.w	r3, r9, r9, lsl #1
100003c0:	00db      	lsls	r3, r3, #3
100003c2:	f103 43a0 	add.w	r3, r3, #1342177280	@ 0x50000000
100003c6:	f503 1300 	add.w	r3, r3, #2097152	@ 0x200000
100003ca:	f8c3 20c8 	str.w	r2, [r3, #200]	@ 0xc8
100003ce:	f641 633c 	movw	r3, #7740	@ 0x1e3c
100003d2:	fb04 f303 	mul.w	r3, r4, r3
100003d6:	eb07 0208 	add.w	r2, r7, r8
100003da:	2005      	movs	r0, #5
100003dc:	f855 a003 	ldr.w	sl, [r5, r3]
100003e0:	f8d2 9008 	ldr.w	r9, [r2, #8]
100003e4:	f002 f9a4 	bl	10002730 <clock_get_hz>
100003e8:	ea4f 0aca 	mov.w	sl, sl, lsl #3
100003ec:	ee07 aa90 	vmov	s15, sl
100003f0:	ee06 0a90 	vmov	s13, r0
100003f4:	eeb8 7a67 	vcvt.f32.u32	s14, s15
100003f8:	eef8 6a66 	vcvt.f32.u32	s13, s13
100003fc:	ed1f 6a2d 	vldr	s12, [pc, #-180]	@ 1000034c <update_uart_cfg+0xd0>
10000400:	eec6 7a87 	vdiv.f32	s15, s13, s14
10000404:	ee77 7a86 	vadd.f32	s15, s15, s12
10000408:	eebc 7ae7 	vcvt.u32.f32	s14, s15
1000040c:	ee17 3a10 	vmov	r3, s14
10000410:	b29b      	uxth	r3, r3
10000412:	2b00      	cmp	r3, #0
10000414:	f000 824e 	beq.w	100008b4 <update_uart_cfg+0x638>
10000418:	ee07 3a10 	vmov	s14, r3
1000041c:	eeb8 7a47 	vcvt.f32.u32	s14, s14
10000420:	ed5f 6a35 	vldr	s13, [pc, #-212]	@ 10000350 <update_uart_cfg+0xd4>
10000424:	ee77 7ac7 	vsub.f32	s15, s15, s14
10000428:	ee67 7aa6 	vmul.f32	s15, s15, s13
1000042c:	eefc 7ae7 	vcvt.u32.f32	s15, s15
10000430:	edcd 7a02 	vstr	s15, [sp, #8]
10000434:	f89d 2008 	ldrb.w	r2, [sp, #8]
10000438:	0212      	lsls	r2, r2, #8
1000043a:	ea42 4203 	orr.w	r2, r2, r3, lsl #16
1000043e:	eb09 0349 	add.w	r3, r9, r9, lsl #1
10000442:	00db      	lsls	r3, r3, #3
10000444:	f103 43a0 	add.w	r3, r3, #1342177280	@ 0x50000000
10000448:	f503 1340 	add.w	r3, r3, #3145728	@ 0x300000
1000044c:	f8c3 20c8 	str.w	r2, [r3, #200]	@ 0xc8
10000450:	f641 633c 	movw	r3, #7740	@ 0x1e3c
10000454:	fb04 f303 	mul.w	r3, r4, r3
10000458:	58ea      	ldr	r2, [r5, r3]
1000045a:	442b      	add	r3, r5
1000045c:	f8c3 2007 	str.w	r2, [r3, #7]
10000460:	f641 633c 	movw	r3, #7740	@ 0x1e3c
10000464:	fb03 5304 	mla	r3, r3, r4, r5
10000468:	f893 b005 	ldrb.w	fp, [r3, #5]
1000046c:	7b1a      	ldrb	r2, [r3, #12]
1000046e:	455a      	cmp	r2, fp
10000470:	f43f af56 	beq.w	10000320 <update_uart_cfg+0xa4>
10000474:	eb07 0208 	add.w	r2, r7, r8
10000478:	f892 9005 	ldrb.w	r9, [r2, #5]
1000047c:	6891      	ldr	r1, [r2, #8]
1000047e:	ea4f 32c9 	mov.w	r2, r9, lsl #15
10000482:	f402 2278 	and.w	r2, r2, #1015808	@ 0xf8000
10000486:	9203      	str	r2, [sp, #12]
10000488:	ea4f 6209 	mov.w	r2, r9, lsl #24
1000048c:	f002 50f8 	and.w	r0, r2, #520093696	@ 0x1f000000
10000490:	f883 b00c 	strb.w	fp, [r3, #12]
10000494:	9102      	str	r1, [sp, #8]
10000496:	9004      	str	r0, [sp, #16]
10000498:	f1bb 0f00 	cmp.w	fp, #0
1000049c:	f040 8112 	bne.w	100006c4 <update_uart_cfg+0x448>
100004a0:	f8cd b000 	str.w	fp, [sp]
100004a4:	f8d3 3007 	ldr.w	r3, [r3, #7]
100004a8:	464a      	mov	r2, r9
100004aa:	9305      	str	r3, [sp, #20]
100004ac:	4b7d      	ldr	r3, [pc, #500]	@ (100006a4 <update_uart_cfg+0x428>)
100004ae:	487e      	ldr	r0, [pc, #504]	@ (100006a8 <update_uart_cfg+0x42c>)
100004b0:	f8d3 a000 	ldr.w	sl, [r3]
100004b4:	2301      	movs	r3, #1
100004b6:	f006 fd15 	bl	10006ee4 <pio_sm_set_consecutive_pindirs>
100004ba:	4648      	mov	r0, r9
100004bc:	2106      	movs	r1, #6
100004be:	f001 ff71 	bl	100023a4 <gpio_set_function>
100004c2:	465a      	mov	r2, fp
100004c4:	4648      	mov	r0, r9
100004c6:	2101      	movs	r1, #1
100004c8:	f001 ff8a 	bl	100023e0 <gpio_set_pulls>
100004cc:	f44f 3180 	mov.w	r1, #65536	@ 0x10000
100004d0:	f44f 33f8 	mov.w	r3, #126976	@ 0x1f000
100004d4:	e9cd 130a 	strd	r1, r3, [sp, #40]	@ 0x28
100004d8:	f44f 2340 	mov.w	r3, #786432	@ 0xc0000
100004dc:	ea4f 1eca 	mov.w	lr, sl, lsl #7
100004e0:	930c      	str	r3, [sp, #48]	@ 0x30
100004e2:	f10a 0309 	add.w	r3, sl, #9
100004e6:	ea4e 3e03 	orr.w	lr, lr, r3, lsl #12
100004ea:	9804      	ldr	r0, [sp, #16]
100004ec:	f8cd b034 	str.w	fp, [sp, #52]	@ 0x34
100004f0:	f10d 0c18 	add.w	ip, sp, #24
100004f4:	f10d 0928 	add.w	r9, sp, #40	@ 0x28
100004f8:	f02e 5bf8 	bic.w	fp, lr, #520093696	@ 0x1f000000
100004fc:	ea4b 0b00 	orr.w	fp, fp, r0
10000500:	e899 000f 	ldmia.w	r9, {r0, r1, r2, r3}
10000504:	e88c 000f 	stmia.w	ip, {r0, r1, r2, r3}
10000508:	f8cd e01c 	str.w	lr, [sp, #28]
1000050c:	e89c 000f 	ldmia.w	ip, {r0, r1, r2, r3}
10000510:	e889 000f 	stmia.w	r9, {r0, r1, r2, r3}
10000514:	9a03      	ldr	r2, [sp, #12]
10000516:	2005      	movs	r0, #5
10000518:	920d      	str	r2, [sp, #52]	@ 0x34
1000051a:	4a64      	ldr	r2, [pc, #400]	@ (100006ac <update_uart_cfg+0x430>)
1000051c:	f8cd b02c 	str.w	fp, [sp, #44]	@ 0x2c
10000520:	920c      	str	r2, [sp, #48]	@ 0x30
10000522:	f002 f905 	bl	10002730 <clock_get_hz>
10000526:	9b05      	ldr	r3, [sp, #20]
10000528:	ee06 0a90 	vmov	s13, r0
1000052c:	00db      	lsls	r3, r3, #3
1000052e:	ee07 3a10 	vmov	s14, r3
10000532:	eef8 6a66 	vcvt.f32.u32	s13, s13
10000536:	eeb8 7a47 	vcvt.f32.u32	s14, s14
1000053a:	ed9f 6a5d 	vldr	s12, [pc, #372]	@ 100006b0 <update_uart_cfg+0x434>
1000053e:	eec6 7a87 	vdiv.f32	s15, s13, s14
10000542:	ee77 7a86 	vadd.f32	s15, s15, s12
10000546:	eebc 7ae7 	vcvt.u32.f32	s14, s15
1000054a:	ee17 3a10 	vmov	r3, s14
1000054e:	b29b      	uxth	r3, r3
10000550:	2b00      	cmp	r3, #0
10000552:	f000 81b7 	beq.w	100008c4 <update_uart_cfg+0x648>
10000556:	ee07 3a10 	vmov	s14, r3
1000055a:	eeb8 7a47 	vcvt.f32.u32	s14, s14
1000055e:	eddf 6a55 	vldr	s13, [pc, #340]	@ 100006b4 <update_uart_cfg+0x438>
10000562:	ee77 7ac7 	vsub.f32	s15, s15, s14
10000566:	ee67 7aa6 	vmul.f32	s15, s15, s13
1000056a:	eefc 7ae7 	vcvt.u32.f32	s15, s15
1000056e:	edcd 7a03 	vstr	s15, [sp, #12]
10000572:	f89d 200c 	ldrb.w	r2, [sp, #12]
10000576:	0212      	lsls	r2, r2, #8
10000578:	f8dd b008 	ldr.w	fp, [sp, #8]
1000057c:	ea42 4303 	orr.w	r3, r2, r3, lsl #16
10000580:	4652      	mov	r2, sl
10000582:	f8df a124 	ldr.w	sl, [pc, #292]	@ 100006a8 <update_uart_cfg+0x42c>
10000586:	4659      	mov	r1, fp
10000588:	4650      	mov	r0, sl
1000058a:	930a      	str	r3, [sp, #40]	@ 0x28
1000058c:	464b      	mov	r3, r9
1000058e:	f006 fcef 	bl	10006f70 <pio_sm_init>
10000592:	f641 623c 	movw	r2, #7740	@ 0x1e3c
10000596:	2301      	movs	r3, #1
10000598:	f8da e000 	ldr.w	lr, [sl]
1000059c:	fb02 5204 	mla	r2, r2, r4, r5
100005a0:	44b8      	add	r8, r7
100005a2:	f898 4004 	ldrb.w	r4, [r8, #4]
100005a6:	fa03 f70b 	lsl.w	r7, r3, fp
100005aa:	ea47 070e 	orr.w	r7, r7, lr
100005ae:	f8d8 5008 	ldr.w	r5, [r8, #8]
100005b2:	f8df c10c 	ldr.w	ip, [pc, #268]	@ 100006c0 <update_uart_cfg+0x444>
100005b6:	f8ca 7000 	str.w	r7, [sl]
100005ba:	fa03 fa04 	lsl.w	sl, r3, r4
100005be:	f8d2 7007 	ldr.w	r7, [r2, #7]
100005c2:	4629      	mov	r1, r5
100005c4:	4653      	mov	r3, sl
100005c6:	4652      	mov	r2, sl
100005c8:	483b      	ldr	r0, [pc, #236]	@ (100006b8 <update_uart_cfg+0x43c>)
100005ca:	f8dc 8000 	ldr.w	r8, [ip]
100005ce:	f006 fc1f 	bl	10006e10 <pio_sm_set_pins_with_mask>
100005d2:	4653      	mov	r3, sl
100005d4:	4652      	mov	r2, sl
100005d6:	4629      	mov	r1, r5
100005d8:	4837      	ldr	r0, [pc, #220]	@ (100006b8 <update_uart_cfg+0x43c>)
100005da:	f006 fc4d 	bl	10006e78 <pio_sm_set_pindirs_with_mask>
100005de:	4620      	mov	r0, r4
100005e0:	2107      	movs	r1, #7
100005e2:	f001 fedf 	bl	100023a4 <gpio_set_function>
100005e6:	f44f 3380 	mov.w	r3, #65536	@ 0x10000
100005ea:	930a      	str	r3, [sp, #40]	@ 0x28
100005ec:	02a3      	lsls	r3, r4, #10
100005ee:	f403 43f8 	and.w	r3, r3, #31744	@ 0x7c00
100005f2:	f004 041f 	and.w	r4, r4, #31
100005f6:	4323      	orrs	r3, r4
100005f8:	f043 4380 	orr.w	r3, r3, #1073741824	@ 0x40000000
100005fc:	f443 1380 	orr.w	r3, r3, #1048576	@ 0x100000
10000600:	930d      	str	r3, [sp, #52]	@ 0x34
10000602:	f108 0203 	add.w	r2, r8, #3
10000606:	ea4f 13c8 	mov.w	r3, r8, lsl #7
1000060a:	ea43 3302 	orr.w	r3, r3, r2, lsl #12
1000060e:	f023 43c0 	bic.w	r3, r3, #1610612736	@ 0x60000000
10000612:	f043 4380 	orr.w	r3, r3, #1073741824	@ 0x40000000
10000616:	930b      	str	r3, [sp, #44]	@ 0x2c
10000618:	4b28      	ldr	r3, [pc, #160]	@ (100006bc <update_uart_cfg+0x440>)
1000061a:	2005      	movs	r0, #5
1000061c:	930c      	str	r3, [sp, #48]	@ 0x30
1000061e:	f002 f887 	bl	10002730 <clock_get_hz>
10000622:	00ff      	lsls	r7, r7, #3
10000624:	ee07 7a90 	vmov	s15, r7
10000628:	ee06 0a90 	vmov	s13, r0
1000062c:	eeb8 7a67 	vcvt.f32.u32	s14, s15
10000630:	eef8 6a66 	vcvt.f32.u32	s13, s13
10000634:	ed9f 6a1e 	vldr	s12, [pc, #120]	@ 100006b0 <update_uart_cfg+0x434>
10000638:	eec6 7a87 	vdiv.f32	s15, s13, s14
1000063c:	ee77 7a86 	vadd.f32	s15, s15, s12
10000640:	eebc 7ae7 	vcvt.u32.f32	s14, s15
10000644:	ee17 3a10 	vmov	r3, s14
10000648:	b29b      	uxth	r3, r3
1000064a:	2b00      	cmp	r3, #0
1000064c:	f000 8138 	beq.w	100008c0 <update_uart_cfg+0x644>
10000650:	ee07 3a10 	vmov	s14, r3
10000654:	eeb8 7a47 	vcvt.f32.u32	s14, s14
10000658:	eddf 6a16 	vldr	s13, [pc, #88]	@ 100006b4 <update_uart_cfg+0x438>
1000065c:	ee77 7ac7 	vsub.f32	s15, s15, s14
10000660:	ee67 7aa6 	vmul.f32	s15, s15, s13
10000664:	eefc 7ae7 	vcvt.u32.f32	s15, s15
10000668:	edcd 7a02 	vstr	s15, [sp, #8]
1000066c:	f89d 1008 	ldrb.w	r1, [sp, #8]
10000670:	0209      	lsls	r1, r1, #8
10000672:	4c11      	ldr	r4, [pc, #68]	@ (100006b8 <update_uart_cfg+0x43c>)
10000674:	ea41 4103 	orr.w	r1, r1, r3, lsl #16
10000678:	4642      	mov	r2, r8
1000067a:	464b      	mov	r3, r9
1000067c:	910a      	str	r1, [sp, #40]	@ 0x28
1000067e:	4620      	mov	r0, r4
10000680:	4629      	mov	r1, r5
10000682:	f006 fc75 	bl	10006f70 <pio_sm_init>
10000686:	2301      	movs	r3, #1
10000688:	6822      	ldr	r2, [r4, #0]
1000068a:	40ab      	lsls	r3, r5
1000068c:	4313      	orrs	r3, r2
1000068e:	6023      	str	r3, [r4, #0]
10000690:	e646      	b.n	10000320 <update_uart_cfg+0xa4>
10000692:	44a9      	add	r9, r5
10000694:	f8b9 100c 	ldrh.w	r1, [r9, #12]
10000698:	f8b9 3005 	ldrh.w	r3, [r9, #5]
1000069c:	4299      	cmp	r1, r3
1000069e:	f47f ae19 	bne.w	100002d4 <update_uart_cfg+0x58>
100006a2:	e63d      	b.n	10000320 <update_uart_cfg+0xa4>
100006a4:	20011220 	.word	0x20011220
100006a8:	50200000 	.word	0x50200000
100006ac:	800c0000 	.word	0x800c0000
100006b0:	3b000000 	.word	0x3b000000
100006b4:	43800000 	.word	0x43800000
100006b8:	50300000 	.word	0x50300000
100006bc:	400c0000 	.word	0x400c0000
100006c0:	20011240 	.word	0x20011240
100006c4:	f04f 0a00 	mov.w	sl, #0
100006c8:	f8d3 3007 	ldr.w	r3, [r3, #7]
100006cc:	464a      	mov	r2, r9
100006ce:	9305      	str	r3, [sp, #20]
100006d0:	4b7d      	ldr	r3, [pc, #500]	@ (100008c8 <update_uart_cfg+0x64c>)
100006d2:	487e      	ldr	r0, [pc, #504]	@ (100008cc <update_uart_cfg+0x650>)
100006d4:	f8d3 b000 	ldr.w	fp, [r3]
100006d8:	2301      	movs	r3, #1
100006da:	f8cd a000 	str.w	sl, [sp]
100006de:	f006 fc01 	bl	10006ee4 <pio_sm_set_consecutive_pindirs>
100006e2:	4648      	mov	r0, r9
100006e4:	2106      	movs	r1, #6
100006e6:	f001 fe5d 	bl	100023a4 <gpio_set_function>
100006ea:	4652      	mov	r2, sl
100006ec:	4648      	mov	r0, r9
100006ee:	2101      	movs	r1, #1
100006f0:	f001 fe76 	bl	100023e0 <gpio_set_pulls>
100006f4:	f44f 3280 	mov.w	r2, #65536	@ 0x10000
100006f8:	f44f 33f8 	mov.w	r3, #126976	@ 0x1f000
100006fc:	e9cd 230a 	strd	r2, r3, [sp, #40]	@ 0x28
10000700:	f44f 2340 	mov.w	r3, #786432	@ 0xc0000
10000704:	ea4f 1ecb 	mov.w	lr, fp, lsl #7
10000708:	930c      	str	r3, [sp, #48]	@ 0x30
1000070a:	f10b 0309 	add.w	r3, fp, #9
1000070e:	ea4e 3e03 	orr.w	lr, lr, r3, lsl #12
10000712:	9a04      	ldr	r2, [sp, #16]
10000714:	f8cd a034 	str.w	sl, [sp, #52]	@ 0x34
10000718:	f10d 0c18 	add.w	ip, sp, #24
1000071c:	f10d 0928 	add.w	r9, sp, #40	@ 0x28
10000720:	f02e 5af8 	bic.w	sl, lr, #520093696	@ 0x1f000000
10000724:	ea4a 0a02 	orr.w	sl, sl, r2
10000728:	e899 000f 	ldmia.w	r9, {r0, r1, r2, r3}
1000072c:	e88c 000f 	stmia.w	ip, {r0, r1, r2, r3}
10000730:	f8cd e01c 	str.w	lr, [sp, #28]
10000734:	e89c 000f 	ldmia.w	ip, {r0, r1, r2, r3}
10000738:	e889 000f 	stmia.w	r9, {r0, r1, r2, r3}
1000073c:	9a03      	ldr	r2, [sp, #12]
1000073e:	2005      	movs	r0, #5
10000740:	920d      	str	r2, [sp, #52]	@ 0x34
10000742:	4a63      	ldr	r2, [pc, #396]	@ (100008d0 <update_uart_cfg+0x654>)
10000744:	f8cd a02c 	str.w	sl, [sp, #44]	@ 0x2c
10000748:	920c      	str	r2, [sp, #48]	@ 0x30
1000074a:	f001 fff1 	bl	10002730 <clock_get_hz>
1000074e:	9b05      	ldr	r3, [sp, #20]
10000750:	ee06 0a90 	vmov	s13, r0
10000754:	00db      	lsls	r3, r3, #3
10000756:	ee07 3a10 	vmov	s14, r3
1000075a:	eef8 6a66 	vcvt.f32.u32	s13, s13
1000075e:	eeb8 7a47 	vcvt.f32.u32	s14, s14
10000762:	ed9f 6a5c 	vldr	s12, [pc, #368]	@ 100008d4 <update_uart_cfg+0x658>
10000766:	eec6 7a87 	vdiv.f32	s15, s13, s14
1000076a:	ee77 7a86 	vadd.f32	s15, s15, s12
1000076e:	eebc 7ae7 	vcvt.u32.f32	s14, s15
10000772:	ee17 3a10 	vmov	r3, s14
10000776:	b29b      	uxth	r3, r3
10000778:	2b00      	cmp	r3, #0
1000077a:	f000 809f 	beq.w	100008bc <update_uart_cfg+0x640>
1000077e:	ee07 3a10 	vmov	s14, r3
10000782:	eeb8 7a47 	vcvt.f32.u32	s14, s14
10000786:	eddf 6a54 	vldr	s13, [pc, #336]	@ 100008d8 <update_uart_cfg+0x65c>
1000078a:	ee77 7ac7 	vsub.f32	s15, s15, s14
1000078e:	ee67 7aa6 	vmul.f32	s15, s15, s13
10000792:	eefc 7ae7 	vcvt.u32.f32	s15, s15
10000796:	edcd 7a03 	vstr	s15, [sp, #12]
1000079a:	f89d 200c 	ldrb.w	r2, [sp, #12]
1000079e:	0212      	lsls	r2, r2, #8
100007a0:	f8df a128 	ldr.w	sl, [pc, #296]	@ 100008cc <update_uart_cfg+0x650>
100007a4:	ea42 4303 	orr.w	r3, r2, r3, lsl #16
100007a8:	465a      	mov	r2, fp
100007aa:	f8dd b008 	ldr.w	fp, [sp, #8]
100007ae:	4650      	mov	r0, sl
100007b0:	4659      	mov	r1, fp
100007b2:	930a      	str	r3, [sp, #40]	@ 0x28
100007b4:	464b      	mov	r3, r9
100007b6:	f006 fbdb 	bl	10006f70 <pio_sm_init>
100007ba:	2301      	movs	r3, #1
100007bc:	f641 6c3c 	movw	ip, #7740	@ 0x1e3c
100007c0:	f8da e000 	ldr.w	lr, [sl]
100007c4:	4447      	add	r7, r8
100007c6:	fb0c 5c04 	mla	ip, ip, r4, r5
100007ca:	793d      	ldrb	r5, [r7, #4]
100007cc:	fa03 f40b 	lsl.w	r4, r3, fp
100007d0:	ea44 040e 	orr.w	r4, r4, lr
100007d4:	68bf      	ldr	r7, [r7, #8]
100007d6:	4a41      	ldr	r2, [pc, #260]	@ (100008dc <update_uart_cfg+0x660>)
100007d8:	f8ca 4000 	str.w	r4, [sl]
100007dc:	fa03 fa05 	lsl.w	sl, r3, r5
100007e0:	f8d2 8000 	ldr.w	r8, [r2]
100007e4:	4639      	mov	r1, r7
100007e6:	4653      	mov	r3, sl
100007e8:	4652      	mov	r2, sl
100007ea:	483d      	ldr	r0, [pc, #244]	@ (100008e0 <update_uart_cfg+0x664>)
100007ec:	f8dc 4007 	ldr.w	r4, [ip, #7]
100007f0:	f006 fb0e 	bl	10006e10 <pio_sm_set_pins_with_mask>
100007f4:	4653      	mov	r3, sl
100007f6:	4652      	mov	r2, sl
100007f8:	4639      	mov	r1, r7
100007fa:	4839      	ldr	r0, [pc, #228]	@ (100008e0 <update_uart_cfg+0x664>)
100007fc:	f006 fb3c 	bl	10006e78 <pio_sm_set_pindirs_with_mask>
10000800:	4628      	mov	r0, r5
10000802:	2107      	movs	r1, #7
10000804:	f001 fdce 	bl	100023a4 <gpio_set_function>
10000808:	f44f 3380 	mov.w	r3, #65536	@ 0x10000
1000080c:	930a      	str	r3, [sp, #40]	@ 0x28
1000080e:	02ab      	lsls	r3, r5, #10
10000810:	f403 43f8 	and.w	r3, r3, #31744	@ 0x7c00
10000814:	f005 051f 	and.w	r5, r5, #31
10000818:	432b      	orrs	r3, r5
1000081a:	f043 4380 	orr.w	r3, r3, #1073741824	@ 0x40000000
1000081e:	f443 1380 	orr.w	r3, r3, #1048576	@ 0x100000
10000822:	930d      	str	r3, [sp, #52]	@ 0x34
10000824:	f108 0203 	add.w	r2, r8, #3
10000828:	ea4f 13c8 	mov.w	r3, r8, lsl #7
1000082c:	ea43 3302 	orr.w	r3, r3, r2, lsl #12
10000830:	f023 43c0 	bic.w	r3, r3, #1610612736	@ 0x60000000
10000834:	f043 4380 	orr.w	r3, r3, #1073741824	@ 0x40000000
10000838:	930b      	str	r3, [sp, #44]	@ 0x2c
1000083a:	4b2a      	ldr	r3, [pc, #168]	@ (100008e4 <update_uart_cfg+0x668>)
1000083c:	2005      	movs	r0, #5
1000083e:	930c      	str	r3, [sp, #48]	@ 0x30
10000840:	f001 ff76 	bl	10002730 <clock_get_hz>
10000844:	00e4      	lsls	r4, r4, #3
10000846:	ee07 4a90 	vmov	s15, r4
1000084a:	ee06 0a90 	vmov	s13, r0
1000084e:	eeb8 7a67 	vcvt.f32.u32	s14, s15
10000852:	eef8 6a66 	vcvt.f32.u32	s13, s13
10000856:	ed9f 6a1f 	vldr	s12, [pc, #124]	@ 100008d4 <update_uart_cfg+0x658>
1000085a:	eec6 7a87 	vdiv.f32	s15, s13, s14
1000085e:	ee77 7a86 	vadd.f32	s15, s15, s12
10000862:	eebc 7ae7 	vcvt.u32.f32	s14, s15
10000866:	ee17 3a10 	vmov	r3, s14
1000086a:	b29b      	uxth	r3, r3
1000086c:	b323      	cbz	r3, 100008b8 <update_uart_cfg+0x63c>
1000086e:	ee07 3a10 	vmov	s14, r3
10000872:	eeb8 7a47 	vcvt.f32.u32	s14, s14
10000876:	eddf 6a18 	vldr	s13, [pc, #96]	@ 100008d8 <update_uart_cfg+0x65c>
1000087a:	ee77 7ac7 	vsub.f32	s15, s15, s14
1000087e:	ee67 7aa6 	vmul.f32	s15, s15, s13
10000882:	eefc 7ae7 	vcvt.u32.f32	s15, s15
10000886:	edcd 7a02 	vstr	s15, [sp, #8]
1000088a:	f89d 1008 	ldrb.w	r1, [sp, #8]
1000088e:	0209      	lsls	r1, r1, #8
10000890:	4c13      	ldr	r4, [pc, #76]	@ (100008e0 <update_uart_cfg+0x664>)
10000892:	ea41 4103 	orr.w	r1, r1, r3, lsl #16
10000896:	4642      	mov	r2, r8
10000898:	464b      	mov	r3, r9
1000089a:	910a      	str	r1, [sp, #40]	@ 0x28
1000089c:	4620      	mov	r0, r4
1000089e:	4639      	mov	r1, r7
100008a0:	f006 fb66 	bl	10006f70 <pio_sm_init>
100008a4:	2301      	movs	r3, #1
100008a6:	6822      	ldr	r2, [r4, #0]
100008a8:	40bb      	lsls	r3, r7
100008aa:	4313      	orrs	r3, r2
100008ac:	6023      	str	r3, [r4, #0]
100008ae:	e537      	b.n	10000320 <update_uart_cfg+0xa4>
100008b0:	461a      	mov	r2, r3
100008b2:	e581      	b.n	100003b8 <update_uart_cfg+0x13c>
100008b4:	461a      	mov	r2, r3
100008b6:	e5c0      	b.n	1000043a <update_uart_cfg+0x1be>
100008b8:	4619      	mov	r1, r3
100008ba:	e7e9      	b.n	10000890 <update_uart_cfg+0x614>
100008bc:	461a      	mov	r2, r3
100008be:	e76f      	b.n	100007a0 <update_uart_cfg+0x524>
100008c0:	4619      	mov	r1, r3
100008c2:	e6d6      	b.n	10000672 <update_uart_cfg+0x3f6>
100008c4:	461a      	mov	r2, r3
100008c6:	e657      	b.n	10000578 <update_uart_cfg+0x2fc>
100008c8:	20011224 	.word	0x20011224
100008cc:	50200000 	.word	0x50200000
100008d0:	800c0000 	.word	0x800c0000
100008d4:	3b000000 	.word	0x3b000000
100008d8:	43800000 	.word	0x43800000
100008dc:	20011244 	.word	0x20011244
100008e0:	50300000 	.word	0x50300000
100008e4:	400c0000 	.word	0x400c0000

100008e8 <usb_write_bytes>:
100008e8:	e92d 4ff8 	stmdb	sp!, {r3, r4, r5, r6, r7, r8, r9, sl, fp, lr}
100008ec:	f641 643c 	movw	r4, #7740	@ 0x1e3c
100008f0:	f241 481c 	movw	r8, #5148	@ 0x141c
100008f4:	fb00 f404 	mul.w	r4, r0, r4
100008f8:	4f1e      	ldr	r7, [pc, #120]	@ (10000974 <usb_write_bytes+0x8c>)
100008fa:	193e      	adds	r6, r7, r4
100008fc:	f856 2008 	ldr.w	r2, [r6, r8]
10000900:	b90a      	cbnz	r2, 10000906 <usb_write_bytes+0x1e>
10000902:	e8bd 8ff8 	ldmia.w	sp!, {r3, r4, r5, r6, r7, r8, r9, sl, fp, pc}
10000906:	f504 59a1 	add.w	r9, r4, #5152	@ 0x1420
1000090a:	44b9      	add	r9, r7
1000090c:	4605      	mov	r5, r0
1000090e:	2100      	movs	r1, #0
10000910:	4648      	mov	r0, r9
10000912:	f006 fcf9 	bl	10007308 <__mutex_try_enter_veneer>
10000916:	2800      	cmp	r0, #0
10000918:	d0f3      	beq.n	10000902 <usb_write_bytes+0x1a>
1000091a:	f604 241c 	addw	r4, r4, #2588	@ 0xa1c
1000091e:	eb07 0b04 	add.w	fp, r7, r4
10000922:	f856 2008 	ldr.w	r2, [r6, r8]
10000926:	4659      	mov	r1, fp
10000928:	4628      	mov	r0, r5
1000092a:	f005 f93b 	bl	10005ba4 <tud_cdc_n_write>
1000092e:	f856 2008 	ldr.w	r2, [r6, r8]
10000932:	4682      	mov	sl, r0
10000934:	4282      	cmp	r2, r0
10000936:	d813      	bhi.n	10000960 <usb_write_bytes+0x78>
10000938:	f641 633c 	movw	r3, #7740	@ 0x1e3c
1000093c:	f241 411c 	movw	r1, #5148	@ 0x141c
10000940:	fb03 7305 	mla	r3, r3, r5, r7
10000944:	eba2 020a 	sub.w	r2, r2, sl
10000948:	4648      	mov	r0, r9
1000094a:	505a      	str	r2, [r3, r1]
1000094c:	f006 fccc 	bl	100072e8 <__mutex_exit_veneer>
10000950:	f1ba 0f00 	cmp.w	sl, #0
10000954:	d0d5      	beq.n	10000902 <usb_write_bytes+0x1a>
10000956:	4628      	mov	r0, r5
10000958:	e8bd 4ff8 	ldmia.w	sp!, {r3, r4, r5, r6, r7, r8, r9, sl, fp, lr}
1000095c:	f005 b8dc 	b.w	10005b18 <tud_cdc_n_write_flush>
10000960:	4404      	add	r4, r0
10000962:	eba2 020a 	sub.w	r2, r2, sl
10000966:	4658      	mov	r0, fp
10000968:	1939      	adds	r1, r7, r4
1000096a:	f006 fba7 	bl	100070bc <memcpy>
1000096e:	f856 2008 	ldr.w	r2, [r6, r8]
10000972:	e7e1      	b.n	10000938 <usb_write_bytes+0x50>
10000974:	20004ce0 	.word	0x20004ce0

10000978 <core1_entry>:
10000978:	e92d 4ff8 	stmdb	sp!, {r3, r4, r5, r6, r7, r8, r9, sl, fp, lr}
1000097c:	f005 fda2 	bl	100064c4 <tusb_init>
10000980:	f8df 80c8 	ldr.w	r8, [pc, #200]	@ 10000a4c <core1_entry+0xd4>
10000984:	f8df 90c8 	ldr.w	r9, [pc, #200]	@ 10000a50 <core1_entry+0xd8>
10000988:	2700      	movs	r7, #0
1000098a:	2100      	movs	r1, #0
1000098c:	f04f 30ff 	mov.w	r0, #4294967295	@ 0xffffffff
10000990:	f004 fa80 	bl	10004e94 <tud_task_ext>
10000994:	f641 6a3c 	movw	sl, #7740	@ 0x1e3c
10000998:	463c      	mov	r4, r7
1000099a:	4e2a      	ldr	r6, [pc, #168]	@ (10000a44 <core1_entry+0xcc>)
1000099c:	e004      	b.n	100009a8 <core1_entry+0x30>
1000099e:	3401      	adds	r4, #1
100009a0:	2c06      	cmp	r4, #6
100009a2:	4456      	add	r6, sl
100009a4:	4457      	add	r7, sl
100009a6:	d01f      	beq.n	100009e8 <core1_entry+0x70>
100009a8:	b2e5      	uxtb	r5, r4
100009aa:	4628      	mov	r0, r5
100009ac:	f005 f83c 	bl	10005a28 <tud_cdc_n_connected>
100009b0:	2800      	cmp	r0, #0
100009b2:	d0f4      	beq.n	1000099e <core1_entry+0x26>
100009b4:	f5a6 5bf1 	sub.w	fp, r6, #7712	@ 0x1e20
100009b8:	4658      	mov	r0, fp
100009ba:	f006 fc99 	bl	100072f0 <__mutex_enter_blocking_veneer>
100009be:	f1ab 0110 	sub.w	r1, fp, #16
100009c2:	4628      	mov	r0, r5
100009c4:	f005 f846 	bl	10005a54 <tud_cdc_n_get_line_coding>
100009c8:	4658      	mov	r0, fp
100009ca:	f006 fc8d 	bl	100072e8 <__mutex_exit_veneer>
100009ce:	4628      	mov	r0, r5
100009d0:	f005 f84e 	bl	10005a70 <tud_cdc_n_available>
100009d4:	4683      	mov	fp, r0
100009d6:	b998      	cbnz	r0, 10000a00 <core1_entry+0x88>
100009d8:	4628      	mov	r0, r5
100009da:	3401      	adds	r4, #1
100009dc:	f7ff ff84 	bl	100008e8 <usb_write_bytes>
100009e0:	2c06      	cmp	r4, #6
100009e2:	4456      	add	r6, sl
100009e4:	4457      	add	r7, sl
100009e6:	d1df      	bne.n	100009a8 <core1_entry+0x30>
100009e8:	f8d8 3000 	ldr.w	r3, [r8]
100009ec:	f899 2000 	ldrb.w	r2, [r9]
100009f0:	b1ab      	cbz	r3, 10000a1e <core1_entry+0xa6>
100009f2:	2101      	movs	r1, #1
100009f4:	ec41 2040 	gpioc_bit_out_put r2, r1
100009f8:	3b01      	subs	r3, #1
100009fa:	f8c8 3000 	str.w	r3, [r8]
100009fe:	e7c3      	b.n	10000988 <core1_entry+0x10>
10000a00:	4630      	mov	r0, r6
10000a02:	f006 fc75 	bl	100072f0 <__mutex_enter_blocking_veneer>
10000a06:	f856 3c08 	ldr.w	r3, [r6, #-8]
10000a0a:	f5c3 6220 	rsb	r2, r3, #2560	@ 0xa00
10000a0e:	455a      	cmp	r2, fp
10000a10:	bf28      	it	cs
10000a12:	465a      	movcs	r2, fp
10000a14:	b93a      	cbnz	r2, 10000a26 <core1_entry+0xae>
10000a16:	4630      	mov	r0, r6
10000a18:	f006 fc66 	bl	100072e8 <__mutex_exit_veneer>
10000a1c:	e7dc      	b.n	100009d8 <core1_entry+0x60>
10000a1e:	2300      	movs	r3, #0
10000a20:	ec43 2040 	gpioc_bit_out_put r2, r3
10000a24:	e7b0      	b.n	10000988 <core1_entry+0x10>
10000a26:	f507 51a1 	add.w	r1, r7, #5152	@ 0x1420
10000a2a:	3108      	adds	r1, #8
10000a2c:	4419      	add	r1, r3
10000a2e:	4b06      	ldr	r3, [pc, #24]	@ (10000a48 <core1_entry+0xd0>)
10000a30:	4628      	mov	r0, r5
10000a32:	4419      	add	r1, r3
10000a34:	f005 f828 	bl	10005a88 <tud_cdc_n_read>
10000a38:	f856 3c08 	ldr.w	r3, [r6, #-8]
10000a3c:	4403      	add	r3, r0
10000a3e:	f846 3c08 	str.w	r3, [r6, #-8]
10000a42:	e7e8      	b.n	10000a16 <core1_entry+0x9e>
10000a44:	20006b10 	.word	0x20006b10
10000a48:	20004ce0 	.word	0x20004ce0
10000a4c:	200111f0 	.word	0x200111f0
10000a50:	20001440 	.word	0x20001440

10000a54 <uart_read_bytes>:
10000a54:	e92d 4ff0 	stmdb	sp!, {r4, r5, r6, r7, r8, r9, sl, fp, lr}
10000a58:	4e56      	ldr	r6, [pc, #344]	@ (10000bb4 <uart_read_bytes+0x160>)
10000a5a:	0107      	lsls	r7, r0, #4
10000a5c:	59f2      	ldr	r2, [r6, r7]
10000a5e:	4604      	mov	r4, r0
10000a60:	b083      	sub	sp, #12
10000a62:	eb06 1300 	add.w	r3, r6, r0, lsl #4
10000a66:	2a00      	cmp	r2, #0
10000a68:	d070      	beq.n	10000b4c <uart_read_bytes+0xf8>
10000a6a:	6993      	ldr	r3, [r2, #24]
10000a6c:	06d8      	lsls	r0, r3, #27
10000a6e:	d525      	bpl.n	10000abc <uart_read_bytes+0x68>
10000a70:	4d51      	ldr	r5, [pc, #324]	@ (10000bb8 <uart_read_bytes+0x164>)
10000a72:	f641 683c 	movw	r8, #7740	@ 0x1e3c
10000a76:	fb08 f804 	mul.w	r8, r8, r4
10000a7a:	f508 59a1 	add.w	r9, r8, #5152	@ 0x1420
10000a7e:	44a9      	add	r9, r5
10000a80:	2100      	movs	r1, #0
10000a82:	4648      	mov	r0, r9
10000a84:	f006 fc40 	bl	10007308 <__mutex_try_enter_veneer>
10000a88:	2800      	cmp	r0, #0
10000a8a:	d13b      	bne.n	10000b04 <uart_read_bytes+0xb0>
10000a8c:	f641 633c 	movw	r3, #7740	@ 0x1e3c
10000a90:	f641 6238 	movw	r2, #7736	@ 0x1e38
10000a94:	fb03 5504 	mla	r5, r3, r4, r5
10000a98:	58ab      	ldr	r3, [r5, r2]
10000a9a:	443e      	add	r6, r7
10000a9c:	7b31      	ldrb	r1, [r6, #12]
10000a9e:	b143      	cbz	r3, 10000ab2 <uart_read_bytes+0x5e>
10000aa0:	f04f 0001 	mov.w	r0, #1
10000aa4:	ec40 1040 	gpioc_bit_out_put r1, r0
10000aa8:	3b01      	subs	r3, #1
10000aaa:	50ab      	str	r3, [r5, r2]
10000aac:	b003      	add	sp, #12
10000aae:	e8bd 8ff0 	ldmia.w	sp!, {r4, r5, r6, r7, r8, r9, sl, fp, pc}
10000ab2:	ec43 1040 	gpioc_bit_out_put r1, r3
10000ab6:	b003      	add	sp, #12
10000ab8:	e8bd 8ff0 	ldmia.w	sp!, {r4, r5, r6, r7, r8, r9, sl, fp, pc}
10000abc:	6993      	ldr	r3, [r2, #24]
10000abe:	06d9      	lsls	r1, r3, #27
10000ac0:	d4d6      	bmi.n	10000a70 <uart_read_bytes+0x1c>
10000ac2:	f641 603c 	movw	r0, #7740	@ 0x1e3c
10000ac6:	f44f 7efa 	mov.w	lr, #500	@ 0x1f4
10000aca:	4d3b      	ldr	r5, [pc, #236]	@ (10000bb8 <uart_read_bytes+0x164>)
10000acc:	fb00 5004 	mla	r0, r0, r4, r5
10000ad0:	f500 58f1 	add.w	r8, r0, #7712	@ 0x1e20
10000ad4:	f108 0818 	add.w	r8, r8, #24
10000ad8:	f8d0 1a18 	ldr.w	r1, [r0, #2584]	@ 0xa18
10000adc:	f5b1 6f20 	cmp.w	r1, #2560	@ 0xa00
10000ae0:	d2c7      	bcs.n	10000a72 <uart_read_bytes+0x1e>
10000ae2:	6993      	ldr	r3, [r2, #24]
10000ae4:	06db      	lsls	r3, r3, #27
10000ae6:	d4fc      	bmi.n	10000ae2 <uart_read_bytes+0x8e>
10000ae8:	f8d2 c000 	ldr.w	ip, [r2]
10000aec:	1843      	adds	r3, r0, r1
10000aee:	f883 c018 	strb.w	ip, [r3, #24]
10000af2:	6993      	ldr	r3, [r2, #24]
10000af4:	3101      	adds	r1, #1
10000af6:	06db      	lsls	r3, r3, #27
10000af8:	f8c0 1a18 	str.w	r1, [r0, #2584]	@ 0xa18
10000afc:	f8c8 e000 	str.w	lr, [r8]
10000b00:	d4b7      	bmi.n	10000a72 <uart_read_bytes+0x1e>
10000b02:	e7e9      	b.n	10000ad8 <uart_read_bytes+0x84>
10000b04:	f241 4b1c 	movw	fp, #5148	@ 0x141c
10000b08:	eb05 0a08 	add.w	sl, r5, r8
10000b0c:	f85a 000b 	ldr.w	r0, [sl, fp]
10000b10:	f8da 3a18 	ldr.w	r3, [sl, #2584]	@ 0xa18
10000b14:	f5c0 6220 	rsb	r2, r0, #2560	@ 0xa00
10000b18:	429a      	cmp	r2, r3
10000b1a:	bf28      	it	cs
10000b1c:	461a      	movcs	r2, r3
10000b1e:	f600 201c 	addw	r0, r0, #2588	@ 0xa1c
10000b22:	f108 0118 	add.w	r1, r8, #24
10000b26:	4440      	add	r0, r8
10000b28:	4429      	add	r1, r5
10000b2a:	4428      	add	r0, r5
10000b2c:	9201      	str	r2, [sp, #4]
10000b2e:	f006 fac5 	bl	100070bc <memcpy>
10000b32:	2300      	movs	r3, #0
10000b34:	9a01      	ldr	r2, [sp, #4]
10000b36:	f8ca 3a18 	str.w	r3, [sl, #2584]	@ 0xa18
10000b3a:	f85a 300b 	ldr.w	r3, [sl, fp]
10000b3e:	4648      	mov	r0, r9
10000b40:	4413      	add	r3, r2
10000b42:	f84a 300b 	str.w	r3, [sl, fp]
10000b46:	f006 fbcf 	bl	100072e8 <__mutex_exit_veneer>
10000b4a:	e79f      	b.n	10000a8c <uart_read_bytes+0x38>
10000b4c:	2201      	movs	r2, #1
10000b4e:	491b      	ldr	r1, [pc, #108]	@ (10000bbc <uart_read_bytes+0x168>)
10000b50:	689b      	ldr	r3, [r3, #8]
10000b52:	6848      	ldr	r0, [r1, #4]
10000b54:	3308      	adds	r3, #8
10000b56:	409a      	lsls	r2, r3
10000b58:	4210      	tst	r0, r2
10000b5a:	d189      	bne.n	10000a70 <uart_read_bytes+0x1c>
10000b5c:	6848      	ldr	r0, [r1, #4]
10000b5e:	4202      	tst	r2, r0
10000b60:	d186      	bne.n	10000a70 <uart_read_bytes+0x1c>
10000b62:	f641 6c3c 	movw	ip, #7740	@ 0x1e3c
10000b66:	f44f 79fa 	mov.w	r9, #500	@ 0x1f4
10000b6a:	4d13      	ldr	r5, [pc, #76]	@ (10000bb8 <uart_read_bytes+0x164>)
10000b6c:	009b      	lsls	r3, r3, #2
10000b6e:	fb0c 5c04 	mla	ip, ip, r4, r5
10000b72:	f103 4ea0 	add.w	lr, r3, #1342177280	@ 0x50000000
10000b76:	f50c 58f1 	add.w	r8, ip, #7712	@ 0x1e20
10000b7a:	f50e 1e00 	add.w	lr, lr, #2097152	@ 0x200000
10000b7e:	f108 0818 	add.w	r8, r8, #24
10000b82:	f8dc 0a18 	ldr.w	r0, [ip, #2584]	@ 0xa18
10000b86:	f5b0 6f20 	cmp.w	r0, #2560	@ 0xa00
10000b8a:	f4bf af72 	bcs.w	10000a72 <uart_read_bytes+0x1e>
10000b8e:	684b      	ldr	r3, [r1, #4]
10000b90:	421a      	tst	r2, r3
10000b92:	d1fc      	bne.n	10000b8e <uart_read_bytes+0x13a>
10000b94:	f89e a000 	ldrb.w	sl, [lr]
10000b98:	eb0c 0300 	add.w	r3, ip, r0
10000b9c:	3001      	adds	r0, #1
10000b9e:	f8c8 9000 	str.w	r9, [r8]
10000ba2:	f883 a018 	strb.w	sl, [r3, #24]
10000ba6:	f8cc 0a18 	str.w	r0, [ip, #2584]	@ 0xa18
10000baa:	684b      	ldr	r3, [r1, #4]
10000bac:	421a      	tst	r2, r3
10000bae:	d0e8      	beq.n	10000b82 <uart_read_bytes+0x12e>
10000bb0:	e75f      	b.n	10000a72 <uart_read_bytes+0x1e>
10000bb2:	bf00      	nop
10000bb4:	200013e0 	.word	0x200013e0
10000bb8:	20004ce0 	.word	0x20004ce0
10000bbc:	50200000 	.word	0x50200000

10000bc0 <uart_write_bytes>:
10000bc0:	e92d 4ff0 	stmdb	sp!, {r4, r5, r6, r7, r8, r9, sl, fp, lr}
10000bc4:	f641 663c 	movw	r6, #7740	@ 0x1e3c
10000bc8:	f641 6b28 	movw	fp, #7720	@ 0x1e28
10000bcc:	fb00 f606 	mul.w	r6, r0, r6
10000bd0:	4d70      	ldr	r5, [pc, #448]	@ (10000d94 <uart_write_bytes+0x1d4>)
10000bd2:	4604      	mov	r4, r0
10000bd4:	eb05 0906 	add.w	r9, r5, r6
10000bd8:	f859 300b 	ldr.w	r3, [r9, fp]
10000bdc:	b083      	sub	sp, #12
10000bde:	b12b      	cbz	r3, 10000bec <uart_write_bytes+0x2c>
10000be0:	f641 6a2c 	movw	sl, #7724	@ 0x1e2c
10000be4:	f859 200a 	ldr.w	r2, [r9, sl]
10000be8:	4293      	cmp	r3, r2
10000bea:	d81a      	bhi.n	10000c22 <uart_write_bytes+0x62>
10000bec:	4f6a      	ldr	r7, [pc, #424]	@ (10000d98 <uart_write_bytes+0x1d8>)
10000bee:	ea4f 1804 	mov.w	r8, r4, lsl #4
10000bf2:	f641 633c 	movw	r3, #7740	@ 0x1e3c
10000bf6:	f641 6238 	movw	r2, #7736	@ 0x1e38
10000bfa:	fb03 5504 	mla	r5, r3, r4, r5
10000bfe:	58ab      	ldr	r3, [r5, r2]
10000c00:	4447      	add	r7, r8
10000c02:	7b39      	ldrb	r1, [r7, #12]
10000c04:	b143      	cbz	r3, 10000c18 <uart_write_bytes+0x58>
10000c06:	f04f 0001 	mov.w	r0, #1
10000c0a:	ec40 1040 	gpioc_bit_out_put r1, r0
10000c0e:	3b01      	subs	r3, #1
10000c10:	50ab      	str	r3, [r5, r2]
10000c12:	b003      	add	sp, #12
10000c14:	e8bd 8ff0 	ldmia.w	sp!, {r4, r5, r6, r7, r8, r9, sl, fp, pc}
10000c18:	ec43 1040 	gpioc_bit_out_put r1, r3
10000c1c:	b003      	add	sp, #12
10000c1e:	e8bd 8ff0 	ldmia.w	sp!, {r4, r5, r6, r7, r8, r9, sl, fp, pc}
10000c22:	f506 53f1 	add.w	r3, r6, #7712	@ 0x1e20
10000c26:	3310      	adds	r3, #16
10000c28:	18eb      	adds	r3, r5, r3
10000c2a:	2100      	movs	r1, #0
10000c2c:	4618      	mov	r0, r3
10000c2e:	9301      	str	r3, [sp, #4]
10000c30:	f006 fb6a 	bl	10007308 <__mutex_try_enter_veneer>
10000c34:	2800      	cmp	r0, #0
10000c36:	d0d9      	beq.n	10000bec <uart_write_bytes+0x2c>
10000c38:	f641 6338 	movw	r3, #7736	@ 0x1e38
10000c3c:	f44f 72fa 	mov.w	r2, #500	@ 0x1f4
10000c40:	4f55      	ldr	r7, [pc, #340]	@ (10000d98 <uart_write_bytes+0x1d8>)
10000c42:	ea4f 1804 	mov.w	r8, r4, lsl #4
10000c46:	f849 2003 	str.w	r2, [r9, r3]
10000c4a:	f857 2008 	ldr.w	r2, [r7, r8]
10000c4e:	eb07 1304 	add.w	r3, r7, r4, lsl #4
10000c52:	2a00      	cmp	r2, #0
10000c54:	d049      	beq.n	10000cea <uart_write_bytes+0x12a>
10000c56:	6993      	ldr	r3, [r2, #24]
10000c58:	f859 c00a 	ldr.w	ip, [r9, sl]
10000c5c:	0699      	lsls	r1, r3, #26
10000c5e:	d42b      	bmi.n	10000cb8 <uart_write_bytes+0xf8>
10000c60:	f50c 53a1 	add.w	r3, ip, #5152	@ 0x1420
10000c64:	3307      	adds	r3, #7
10000c66:	eb09 010a 	add.w	r1, r9, sl
10000c6a:	4433      	add	r3, r6
10000c6c:	18ee      	adds	r6, r5, r3
10000c6e:	460b      	mov	r3, r1
10000c70:	f04f 0a0d 	mov.w	sl, #13
10000c74:	4661      	mov	r1, ip
10000c76:	469c      	mov	ip, r3
10000c78:	eb09 000b 	add.w	r0, r9, fp
10000c7c:	f8df e120 	ldr.w	lr, [pc, #288]	@ 10000da0 <uart_write_bytes+0x1e0>
10000c80:	f8df 9120 	ldr.w	r9, [pc, #288]	@ 10000da4 <uart_write_bytes+0x1e4>
10000c84:	6803      	ldr	r3, [r0, #0]
10000c86:	428b      	cmp	r3, r1
10000c88:	d915      	bls.n	10000cb6 <uart_write_bytes+0xf6>
10000c8a:	eba2 030e 	sub.w	r3, r2, lr
10000c8e:	fab3 f383 	clz	r3, r3
10000c92:	3101      	adds	r1, #1
10000c94:	f8cc 1000 	str.w	r1, [ip]
10000c98:	095b      	lsrs	r3, r3, #5
10000c9a:	f816 bf01 	ldrb.w	fp, [r6, #1]!
10000c9e:	f939 3013 	ldrsh.w	r3, [r9, r3, lsl #1]
10000ca2:	455b      	cmp	r3, fp
10000ca4:	d01b      	beq.n	10000cde <uart_write_bytes+0x11e>
10000ca6:	6993      	ldr	r3, [r2, #24]
10000ca8:	069b      	lsls	r3, r3, #26
10000caa:	d4fc      	bmi.n	10000ca6 <uart_write_bytes+0xe6>
10000cac:	f8c2 b000 	str.w	fp, [r2]
10000cb0:	6993      	ldr	r3, [r2, #24]
10000cb2:	069b      	lsls	r3, r3, #26
10000cb4:	d5e6      	bpl.n	10000c84 <uart_write_bytes+0xc4>
10000cb6:	468c      	mov	ip, r1
10000cb8:	f641 633c 	movw	r3, #7740	@ 0x1e3c
10000cbc:	f641 6228 	movw	r2, #7720	@ 0x1e28
10000cc0:	fb04 f303 	mul.w	r3, r4, r3
10000cc4:	18e9      	adds	r1, r5, r3
10000cc6:	5889      	ldr	r1, [r1, r2]
10000cc8:	4561      	cmp	r1, ip
10000cca:	d104      	bne.n	10000cd6 <uart_write_bytes+0x116>
10000ccc:	4413      	add	r3, r2
10000cce:	2200      	movs	r2, #0
10000cd0:	18e9      	adds	r1, r5, r3
10000cd2:	50ea      	str	r2, [r5, r3]
10000cd4:	604a      	str	r2, [r1, #4]
10000cd6:	9801      	ldr	r0, [sp, #4]
10000cd8:	f006 fb06 	bl	100072e8 <__mutex_exit_veneer>
10000cdc:	e789      	b.n	10000bf2 <uart_write_bytes+0x32>
10000cde:	6993      	ldr	r3, [r2, #24]
10000ce0:	069b      	lsls	r3, r3, #26
10000ce2:	d4fc      	bmi.n	10000cde <uart_write_bytes+0x11e>
10000ce4:	f8c2 a000 	str.w	sl, [r2]
10000ce8:	e7dd      	b.n	10000ca6 <uart_write_bytes+0xe6>
10000cea:	f859 200b 	ldr.w	r2, [r9, fp]
10000cee:	6898      	ldr	r0, [r3, #8]
10000cf0:	f859 300a 	ldr.w	r3, [r9, sl]
10000cf4:	ea4f 0ec0 	mov.w	lr, r0, lsl #3
10000cf8:	eba2 0c03 	sub.w	ip, r2, r3
10000cfc:	4a27      	ldr	r2, [pc, #156]	@ (10000d9c <uart_write_bytes+0x1dc>)
10000cfe:	68d1      	ldr	r1, [r2, #12]
10000d00:	fa21 f10e 	lsr.w	r1, r1, lr
10000d04:	f001 010f 	and.w	r1, r1, #15
10000d08:	f1c1 0107 	rsb	r1, r1, #7
10000d0c:	4561      	cmp	r1, ip
10000d0e:	bf28      	it	cs
10000d10:	4661      	movcs	r1, ip
10000d12:	468b      	mov	fp, r1
10000d14:	b369      	cbz	r1, 10000d72 <uart_write_bytes+0x1b2>
10000d16:	f8df e090 	ldr.w	lr, [pc, #144]	@ 10000da8 <uart_write_bytes+0x1e8>
10000d1a:	f899 c005 	ldrb.w	ip, [r9, #5]
10000d1e:	f503 59a1 	add.w	r9, r3, #5152	@ 0x1420
10000d22:	449e      	add	lr, r3
10000d24:	f109 0907 	add.w	r9, r9, #7
10000d28:	44b6      	add	lr, r6
10000d2a:	f100 0a10 	add.w	sl, r0, #16
10000d2e:	444e      	add	r6, r9
10000d30:	f100 0904 	add.w	r9, r0, #4
10000d34:	4660      	mov	r0, ip
10000d36:	2101      	movs	r1, #1
10000d38:	469c      	mov	ip, r3
10000d3a:	4603      	mov	r3, r0
10000d3c:	44de      	add	lr, fp
10000d3e:	442e      	add	r6, r5
10000d40:	fa01 f10a 	lsl.w	r1, r1, sl
10000d44:	f816 af01 	ldrb.w	sl, [r6, #1]!
10000d48:	b15b      	cbz	r3, 10000d62 <uart_write_bytes+0x1a2>
10000d4a:	ea8a 005a 	eor.w	r0, sl, sl, lsr #1
10000d4e:	ea80 0090 	eor.w	r0, r0, r0, lsr #2
10000d52:	2b01      	cmp	r3, #1
10000d54:	ea80 1010 	eor.w	r0, r0, r0, lsr #4
10000d58:	d016      	beq.n	10000d88 <uart_write_bytes+0x1c8>
10000d5a:	f080 0001 	eor.w	r0, r0, #1
10000d5e:	ea4a 2a00 	orr.w	sl, sl, r0, lsl #8
10000d62:	6850      	ldr	r0, [r2, #4]
10000d64:	4208      	tst	r0, r1
10000d66:	d1fc      	bne.n	10000d62 <uart_write_bytes+0x1a2>
10000d68:	45b6      	cmp	lr, r6
10000d6a:	f842 a029 	str.w	sl, [r2, r9, lsl #2]
10000d6e:	d1e9      	bne.n	10000d44 <uart_write_bytes+0x184>
10000d70:	4663      	mov	r3, ip
10000d72:	eb03 0c0b 	add.w	ip, r3, fp
10000d76:	f641 633c 	movw	r3, #7740	@ 0x1e3c
10000d7a:	f641 622c 	movw	r2, #7724	@ 0x1e2c
10000d7e:	fb03 5304 	mla	r3, r3, r4, r5
10000d82:	f843 c002 	str.w	ip, [r3, r2]
10000d86:	e797      	b.n	10000cb8 <uart_write_bytes+0xf8>
10000d88:	0200      	lsls	r0, r0, #8
10000d8a:	f400 7080 	and.w	r0, r0, #256	@ 0x100
10000d8e:	ea40 0a0a 	orr.w	sl, r0, sl
10000d92:	e7e6      	b.n	10000d62 <uart_write_bytes+0x1a2>
10000d94:	20004ce0 	.word	0x20004ce0
10000d98:	200013e0 	.word	0x200013e0
10000d9c:	50300000 	.word	0x50300000
10000da0:	40078000 	.word	0x40078000
10000da4:	20011248 	.word	0x20011248
10000da8:	20006107 	.word	0x20006107

10000dac <init_uart_data>:
10000dac:	e92d 4ff0 	stmdb	sp!, {r4, r5, r6, r7, r8, r9, sl, fp, lr}
10000db0:	4dcc      	ldr	r5, [pc, #816]	@ (100010e4 <init_uart_data+0x338>)
10000db2:	0107      	lsls	r7, r0, #4
10000db4:	59eb      	ldr	r3, [r5, r7]
10000db6:	4606      	mov	r6, r0
10000db8:	b08d      	sub	sp, #52	@ 0x34
10000dba:	eb05 1400 	add.w	r4, r5, r0, lsl #4
10000dbe:	b13b      	cbz	r3, 10000dd0 <init_uart_data+0x24>
10000dc0:	2102      	movs	r1, #2
10000dc2:	7920      	ldrb	r0, [r4, #4]
10000dc4:	f001 faee 	bl	100023a4 <gpio_set_function>
10000dc8:	2102      	movs	r1, #2
10000dca:	7960      	ldrb	r0, [r4, #5]
10000dcc:	f001 faea 	bl	100023a4 <gpio_set_function>
10000dd0:	f641 6a3c 	movw	sl, #7740	@ 0x1e3c
10000dd4:	2208      	movs	r2, #8
10000dd6:	f44f 5016 	mov.w	r0, #9600	@ 0x2580
10000dda:	f04f 0301 	mov.w	r3, #1
10000dde:	fb0a fa06 	mul.w	sl, sl, r6
10000de2:	4cc1      	ldr	r4, [pc, #772]	@ (100010e8 <init_uart_data+0x33c>)
10000de4:	f04f 0800 	mov.w	r8, #0
10000de8:	eb04 090a 	add.w	r9, r4, sl
10000dec:	f104 0b04 	add.w	fp, r4, #4
10000df0:	f06f 0e7f 	mvn.w	lr, #127	@ 0x7f
10000df4:	f04f 0c25 	mov.w	ip, #37	@ 0x25
10000df8:	f844 000a 	str.w	r0, [r4, sl]
10000dfc:	f889 2006 	strb.w	r2, [r9, #6]
10000e00:	f82b 300a 	strh.w	r3, [fp, sl]
10000e04:	f889 200d 	strb.w	r2, [r9, #13]
10000e08:	f241 431c 	movw	r3, #5148	@ 0x141c
10000e0c:	2201      	movs	r2, #1
10000e0e:	f104 010b 	add.w	r1, r4, #11
10000e12:	f889 e007 	strb.w	lr, [r9, #7]
10000e16:	f889 c008 	strb.w	ip, [r9, #8]
10000e1a:	f889 8009 	strb.w	r8, [r9, #9]
10000e1e:	f889 800a 	strb.w	r8, [r9, #10]
10000e22:	f821 200a 	strh.w	r2, [r1, sl]
10000e26:	f849 8003 	str.w	r8, [r9, r3]
10000e2a:	f641 6328 	movw	r3, #7720	@ 0x1e28
10000e2e:	4642      	mov	r2, r8
10000e30:	f849 8003 	str.w	r8, [r9, r3]
10000e34:	f641 632c 	movw	r3, #7724	@ 0x1e2c
10000e38:	f10a 0010 	add.w	r0, sl, #16
10000e3c:	4420      	add	r0, r4
10000e3e:	9202      	str	r2, [sp, #8]
10000e40:	f849 8003 	str.w	r8, [r9, r3]
10000e44:	f8c9 8a18 	str.w	r8, [r9, #2584]	@ 0xa18
10000e48:	f000 fb8a 	bl	10001560 <mutex_init>
10000e4c:	f50a 50a1 	add.w	r0, sl, #5152	@ 0x1420
10000e50:	4420      	add	r0, r4
10000e52:	f000 fb85 	bl	10001560 <mutex_init>
10000e56:	f50a 50f1 	add.w	r0, sl, #7712	@ 0x1e20
10000e5a:	3010      	adds	r0, #16
10000e5c:	4420      	add	r0, r4
10000e5e:	eb05 0b07 	add.w	fp, r5, r7
10000e62:	f000 fb7d 	bl	10001560 <mutex_init>
10000e66:	f89b 000c 	ldrb.w	r0, [fp, #12]
10000e6a:	f001 facd 	bl	10002408 <gpio_init>
10000e6e:	2201      	movs	r2, #1
10000e70:	f89b 100c 	ldrb.w	r1, [fp, #12]
10000e74:	ec42 1044 	gpioc_bit_oe_put r1, r2
10000e78:	9a02      	ldr	r2, [sp, #8]
10000e7a:	ec42 1040 	gpioc_bit_out_put r1, r2
10000e7e:	f641 6238 	movw	r2, #7736	@ 0x1e38
10000e82:	f849 8002 	str.w	r8, [r9, r2]
10000e86:	f855 8007 	ldr.w	r8, [r5, r7]
10000e8a:	f1b8 0f00 	cmp.w	r8, #0
10000e8e:	d027      	beq.n	10000ee0 <init_uart_data+0x134>
10000e90:	f854 100a 	ldr.w	r1, [r4, sl]
10000e94:	4640      	mov	r0, r8
10000e96:	f001 fadb 	bl	10002450 <uart_init>
10000e9a:	59e8      	ldr	r0, [r5, r7]
10000e9c:	4603      	mov	r3, r0
10000e9e:	f853 2f30 	ldr.w	r2, [r3, #48]!
10000ea2:	f402 4240 	and.w	r2, r2, #49152	@ 0xc000
10000ea6:	f503 5380 	add.w	r3, r3, #4096	@ 0x1000
10000eaa:	601a      	str	r2, [r3, #0]
10000eac:	f899 1006 	ldrb.w	r1, [r9, #6]
10000eb0:	f899 2004 	ldrb.w	r2, [r9, #4]
10000eb4:	1f4b      	subs	r3, r1, #5
10000eb6:	2b02      	cmp	r3, #2
10000eb8:	f899 3005 	ldrb.w	r3, [r9, #5]
10000ebc:	bf88      	it	hi
10000ebe:	2108      	movhi	r1, #8
10000ec0:	2a02      	cmp	r2, #2
10000ec2:	bf14      	ite	ne
10000ec4:	2201      	movne	r2, #1
10000ec6:	2202      	moveq	r2, #2
10000ec8:	2b01      	cmp	r3, #1
10000eca:	bf1b      	ittet	ne
10000ecc:	3b02      	subne	r3, #2
10000ece:	fab3 f383 	clzne	r3, r3
10000ed2:	2302      	moveq	r3, #2
10000ed4:	095b      	lsrne	r3, r3, #5
10000ed6:	b00d      	add	sp, #52	@ 0x34
10000ed8:	e8bd 4ff0 	ldmia.w	sp!, {r4, r5, r6, r7, r8, r9, sl, fp, lr}
10000edc:	f001 bb88 	b.w	100025f0 <uart_set_format>
10000ee0:	f8cd 8000 	str.w	r8, [sp]
10000ee4:	f89b a005 	ldrb.w	sl, [fp, #5]
10000ee8:	f8d9 3007 	ldr.w	r3, [r9, #7]
10000eec:	4a7f      	ldr	r2, [pc, #508]	@ (100010ec <init_uart_data+0x340>)
10000eee:	f8db 9008 	ldr.w	r9, [fp, #8]
10000ef2:	9302      	str	r3, [sp, #8]
10000ef4:	f8d2 b000 	ldr.w	fp, [r2]
10000ef8:	2301      	movs	r3, #1
10000efa:	4652      	mov	r2, sl
10000efc:	4649      	mov	r1, r9
10000efe:	487c      	ldr	r0, [pc, #496]	@ (100010f0 <init_uart_data+0x344>)
10000f00:	f005 fff0 	bl	10006ee4 <pio_sm_set_consecutive_pindirs>
10000f04:	4650      	mov	r0, sl
10000f06:	2106      	movs	r1, #6
10000f08:	f001 fa4c 	bl	100023a4 <gpio_set_function>
10000f0c:	4642      	mov	r2, r8
10000f0e:	4650      	mov	r0, sl
10000f10:	2101      	movs	r1, #1
10000f12:	f001 fa65 	bl	100023e0 <gpio_set_pulls>
10000f16:	f44f 3280 	mov.w	r2, #65536	@ 0x10000
10000f1a:	f44f 33f8 	mov.w	r3, #126976	@ 0x1f000
10000f1e:	e9cd 2308 	strd	r2, r3, [sp, #32]
10000f22:	f44f 2340 	mov.w	r3, #786432	@ 0xc0000
10000f26:	ea4f 1ecb 	mov.w	lr, fp, lsl #7
10000f2a:	930a      	str	r3, [sp, #40]	@ 0x28
10000f2c:	f10b 0309 	add.w	r3, fp, #9
10000f30:	ea4e 3e03 	orr.w	lr, lr, r3, lsl #12
10000f34:	ea4f 620a 	mov.w	r2, sl, lsl #24
10000f38:	ea4f 33ca 	mov.w	r3, sl, lsl #15
10000f3c:	f8cd 802c 	str.w	r8, [sp, #44]	@ 0x2c
10000f40:	f10d 0c10 	add.w	ip, sp, #16
10000f44:	f10d 0820 	add.w	r8, sp, #32
10000f48:	f002 5af8 	and.w	sl, r2, #520093696	@ 0x1f000000
10000f4c:	f403 2278 	and.w	r2, r3, #1015808	@ 0xf8000
10000f50:	f02e 53f8 	bic.w	r3, lr, #520093696	@ 0x1f000000
10000f54:	9203      	str	r2, [sp, #12]
10000f56:	ea4a 0a03 	orr.w	sl, sl, r3
10000f5a:	e898 000f 	ldmia.w	r8, {r0, r1, r2, r3}
10000f5e:	e88c 000f 	stmia.w	ip, {r0, r1, r2, r3}
10000f62:	f8cd e014 	str.w	lr, [sp, #20]
10000f66:	e89c 000f 	ldmia.w	ip, {r0, r1, r2, r3}
10000f6a:	e888 000f 	stmia.w	r8, {r0, r1, r2, r3}
10000f6e:	9a03      	ldr	r2, [sp, #12]
10000f70:	2005      	movs	r0, #5
10000f72:	920b      	str	r2, [sp, #44]	@ 0x2c
10000f74:	4a5f      	ldr	r2, [pc, #380]	@ (100010f4 <init_uart_data+0x348>)
10000f76:	f8cd a024 	str.w	sl, [sp, #36]	@ 0x24
10000f7a:	920a      	str	r2, [sp, #40]	@ 0x28
10000f7c:	f001 fbd8 	bl	10002730 <clock_get_hz>
10000f80:	9b02      	ldr	r3, [sp, #8]
10000f82:	ee06 0a90 	vmov	s13, r0
10000f86:	00db      	lsls	r3, r3, #3
10000f88:	ee07 3a10 	vmov	s14, r3
10000f8c:	eef8 6a66 	vcvt.f32.u32	s13, s13
10000f90:	eeb8 7a47 	vcvt.f32.u32	s14, s14
10000f94:	ed9f 6a58 	vldr	s12, [pc, #352]	@ 100010f8 <init_uart_data+0x34c>
10000f98:	eec6 7a87 	vdiv.f32	s15, s13, s14
10000f9c:	ee77 7a86 	vadd.f32	s15, s15, s12
10000fa0:	eebc 7ae7 	vcvt.u32.f32	s14, s15
10000fa4:	ee17 3a10 	vmov	r3, s14
10000fa8:	b29a      	uxth	r2, r3
10000faa:	2a00      	cmp	r2, #0
10000fac:	f000 8096 	beq.w	100010dc <init_uart_data+0x330>
10000fb0:	ee07 2a10 	vmov	s14, r2
10000fb4:	eeb8 7a47 	vcvt.f32.u32	s14, s14
10000fb8:	eddf 6a50 	vldr	s13, [pc, #320]	@ 100010fc <init_uart_data+0x350>
10000fbc:	ee77 7ac7 	vsub.f32	s15, s15, s14
10000fc0:	ee67 7aa6 	vmul.f32	s15, s15, s13
10000fc4:	eefc 7ae7 	vcvt.u32.f32	s15, s15
10000fc8:	edcd 7a02 	vstr	s15, [sp, #8]
10000fcc:	f89d 3008 	ldrb.w	r3, [sp, #8]
10000fd0:	021b      	lsls	r3, r3, #8
10000fd2:	f8df a11c 	ldr.w	sl, [pc, #284]	@ 100010f0 <init_uart_data+0x344>
10000fd6:	ea43 4302 	orr.w	r3, r3, r2, lsl #16
10000fda:	4649      	mov	r1, r9
10000fdc:	465a      	mov	r2, fp
10000fde:	9308      	str	r3, [sp, #32]
10000fe0:	4650      	mov	r0, sl
10000fe2:	4643      	mov	r3, r8
10000fe4:	f005 ffc4 	bl	10006f70 <pio_sm_init>
10000fe8:	f641 623c 	movw	r2, #7740	@ 0x1e3c
10000fec:	2301      	movs	r3, #1
10000fee:	fb02 4206 	mla	r2, r2, r6, r4
10000ff2:	443d      	add	r5, r7
10000ff4:	f8da 6000 	ldr.w	r6, [sl]
10000ff8:	792c      	ldrb	r4, [r5, #4]
10000ffa:	fa03 f909 	lsl.w	r9, r3, r9
10000ffe:	68ad      	ldr	r5, [r5, #8]
10001000:	ea49 0606 	orr.w	r6, r9, r6
10001004:	f8ca 6000 	str.w	r6, [sl]
10001008:	fa03 f904 	lsl.w	r9, r3, r4
1000100c:	4f3c      	ldr	r7, [pc, #240]	@ (10001100 <init_uart_data+0x354>)
1000100e:	f8d2 6007 	ldr.w	r6, [r2, #7]
10001012:	4629      	mov	r1, r5
10001014:	464b      	mov	r3, r9
10001016:	464a      	mov	r2, r9
10001018:	483a      	ldr	r0, [pc, #232]	@ (10001104 <init_uart_data+0x358>)
1000101a:	683f      	ldr	r7, [r7, #0]
1000101c:	f005 fef8 	bl	10006e10 <pio_sm_set_pins_with_mask>
10001020:	464b      	mov	r3, r9
10001022:	464a      	mov	r2, r9
10001024:	4629      	mov	r1, r5
10001026:	4837      	ldr	r0, [pc, #220]	@ (10001104 <init_uart_data+0x358>)
10001028:	f005 ff26 	bl	10006e78 <pio_sm_set_pindirs_with_mask>
1000102c:	4620      	mov	r0, r4
1000102e:	2107      	movs	r1, #7
10001030:	f001 f9b8 	bl	100023a4 <gpio_set_function>
10001034:	f44f 3380 	mov.w	r3, #65536	@ 0x10000
10001038:	9308      	str	r3, [sp, #32]
1000103a:	02a3      	lsls	r3, r4, #10
1000103c:	f403 43f8 	and.w	r3, r3, #31744	@ 0x7c00
10001040:	f004 041f 	and.w	r4, r4, #31
10001044:	4323      	orrs	r3, r4
10001046:	f043 4380 	orr.w	r3, r3, #1073741824	@ 0x40000000
1000104a:	f443 1380 	orr.w	r3, r3, #1048576	@ 0x100000
1000104e:	930b      	str	r3, [sp, #44]	@ 0x2c
10001050:	4b2d      	ldr	r3, [pc, #180]	@ (10001108 <init_uart_data+0x35c>)
10001052:	1cfa      	adds	r2, r7, #3
10001054:	930a      	str	r3, [sp, #40]	@ 0x28
10001056:	01fb      	lsls	r3, r7, #7
10001058:	ea43 3302 	orr.w	r3, r3, r2, lsl #12
1000105c:	f023 43c0 	bic.w	r3, r3, #1610612736	@ 0x60000000
10001060:	f043 4380 	orr.w	r3, r3, #1073741824	@ 0x40000000
10001064:	2005      	movs	r0, #5
10001066:	9309      	str	r3, [sp, #36]	@ 0x24
10001068:	f001 fb62 	bl	10002730 <clock_get_hz>
1000106c:	00f6      	lsls	r6, r6, #3
1000106e:	ee07 6a90 	vmov	s15, r6
10001072:	ee06 0a90 	vmov	s13, r0
10001076:	eeb8 7a67 	vcvt.f32.u32	s14, s15
1000107a:	eef8 6a66 	vcvt.f32.u32	s13, s13
1000107e:	ed9f 6a1e 	vldr	s12, [pc, #120]	@ 100010f8 <init_uart_data+0x34c>
10001082:	eec6 7a87 	vdiv.f32	s15, s13, s14
10001086:	ee77 7a86 	vadd.f32	s15, s15, s12
1000108a:	eebc 7ae7 	vcvt.u32.f32	s14, s15
1000108e:	ee17 3a10 	vmov	r3, s14
10001092:	b29b      	uxth	r3, r3
10001094:	b323      	cbz	r3, 100010e0 <init_uart_data+0x334>
10001096:	ee07 3a10 	vmov	s14, r3
1000109a:	eeb8 7a47 	vcvt.f32.u32	s14, s14
1000109e:	eddf 6a17 	vldr	s13, [pc, #92]	@ 100010fc <init_uart_data+0x350>
100010a2:	ee77 7ac7 	vsub.f32	s15, s15, s14
100010a6:	ee67 7aa6 	vmul.f32	s15, s15, s13
100010aa:	eefc 7ae7 	vcvt.u32.f32	s15, s15
100010ae:	edcd 7a02 	vstr	s15, [sp, #8]
100010b2:	f89d 1008 	ldrb.w	r1, [sp, #8]
100010b6:	0209      	lsls	r1, r1, #8
100010b8:	4c12      	ldr	r4, [pc, #72]	@ (10001104 <init_uart_data+0x358>)
100010ba:	ea41 4103 	orr.w	r1, r1, r3, lsl #16
100010be:	463a      	mov	r2, r7
100010c0:	4643      	mov	r3, r8
100010c2:	9108      	str	r1, [sp, #32]
100010c4:	4620      	mov	r0, r4
100010c6:	4629      	mov	r1, r5
100010c8:	f005 ff52 	bl	10006f70 <pio_sm_init>
100010cc:	2301      	movs	r3, #1
100010ce:	6822      	ldr	r2, [r4, #0]
100010d0:	40ab      	lsls	r3, r5
100010d2:	4313      	orrs	r3, r2
100010d4:	6023      	str	r3, [r4, #0]
100010d6:	b00d      	add	sp, #52	@ 0x34
100010d8:	e8bd 8ff0 	ldmia.w	sp!, {r4, r5, r6, r7, r8, r9, sl, fp, pc}
100010dc:	4613      	mov	r3, r2
100010de:	e778      	b.n	10000fd2 <init_uart_data+0x226>
100010e0:	4619      	mov	r1, r3
100010e2:	e7e9      	b.n	100010b8 <init_uart_data+0x30c>
100010e4:	200013e0 	.word	0x200013e0
100010e8:	20004ce0 	.word	0x20004ce0
100010ec:	20011220 	.word	0x20011220
100010f0:	50200000 	.word	0x50200000
100010f4:	800c0000 	.word	0x800c0000
100010f8:	3b000000 	.word	0x3b000000
100010fc:	43800000 	.word	0x43800000
10001100:	20011240 	.word	0x20011240
10001104:	50300000 	.word	0x50300000
10001108:	400c0000 	.word	0x400c0000

1000110c <tud_vendor_control_xfer_cb>:
1000110c:	b570      	push	{r4, r5, r6, lr}
1000110e:	f892 c000 	ldrb.w	ip, [r2]
10001112:	460c      	mov	r4, r1
10001114:	f00c 0c60 	and.w	ip, ip, #96	@ 0x60
10001118:	f1bc 0f40 	cmp.w	ip, #64	@ 0x40
1000111c:	b084      	sub	sp, #16
1000111e:	d004      	beq.n	1000112a <tud_vendor_control_xfer_cb+0x1e>
10001120:	1e60      	subs	r0, r4, #1
10001122:	bf18      	it	ne
10001124:	2001      	movne	r0, #1
10001126:	b004      	add	sp, #16
10001128:	bd70      	pop	{r4, r5, r6, pc}
1000112a:	4615      	mov	r5, r2
1000112c:	f44f 72fa 	mov.w	r2, #500	@ 0x1f4
10001130:	4b46      	ldr	r3, [pc, #280]	@ (1000124c <tud_vendor_control_xfer_cb+0x140>)
10001132:	4606      	mov	r6, r0
10001134:	601a      	str	r2, [r3, #0]
10001136:	786b      	ldrb	r3, [r5, #1]
10001138:	2b07      	cmp	r3, #7
1000113a:	d8f1      	bhi.n	10001120 <tud_vendor_control_xfer_cb+0x14>
1000113c:	e8df f003 	tbb	[pc, r3]
10001140:	262c3b45 	.word	0x262c3b45
10001144:	04040404 	.word	0x04040404
10001148:	1e4a      	subs	r2, r1, #1
1000114a:	b2d2      	uxtb	r2, r2
1000114c:	2a01      	cmp	r2, #1
1000114e:	d81b      	bhi.n	10001188 <tud_vendor_control_xfer_cb+0x7c>
10001150:	88ea      	ldrh	r2, [r5, #6]
10001152:	f5b2 6f80 	cmp.w	r2, #1024	@ 0x400
10001156:	d83e      	bhi.n	100011d6 <tud_vendor_control_xfer_cb+0xca>
10001158:	f083 0302 	eor.w	r3, r3, #2
1000115c:	f3c3 0140 	ubfx	r1, r3, #1, #1
10001160:	886b      	ldrh	r3, [r5, #2]
10001162:	2c01      	cmp	r4, #1
10001164:	f003 0301 	and.w	r3, r3, #1
10001168:	d042      	beq.n	100011f0 <tud_vendor_control_xfer_cb+0xe4>
1000116a:	b96b      	cbnz	r3, 10001188 <tud_vendor_control_xfer_cb+0x7c>
1000116c:	88ac      	ldrh	r4, [r5, #4]
1000116e:	4613      	mov	r3, r2
10001170:	9100      	str	r1, [sp, #0]
10001172:	4a37      	ldr	r2, [pc, #220]	@ (10001250 <tud_vendor_control_xfer_cb+0x144>)
10001174:	4837      	ldr	r0, [pc, #220]	@ (10001254 <tud_vendor_control_xfer_cb+0x148>)
10001176:	b2e1      	uxtb	r1, r4
10001178:	f003 fc32 	bl	100049e0 <i2c_write_blocking>
1000117c:	3001      	adds	r0, #1
1000117e:	bf0c      	ite	eq
10001180:	2202      	moveq	r2, #2
10001182:	2201      	movne	r2, #1
10001184:	4b34      	ldr	r3, [pc, #208]	@ (10001258 <tud_vendor_control_xfer_cb+0x14c>)
10001186:	701a      	strb	r2, [r3, #0]
10001188:	2001      	movs	r0, #1
1000118a:	e7cc      	b.n	10001126 <tud_vendor_control_xfer_cb+0x1a>
1000118c:	2901      	cmp	r1, #1
1000118e:	d1fb      	bne.n	10001188 <tud_vendor_control_xfer_cb+0x7c>
10001190:	460b      	mov	r3, r1
10001192:	4a31      	ldr	r2, [pc, #196]	@ (10001258 <tud_vendor_control_xfer_cb+0x14c>)
10001194:	4629      	mov	r1, r5
10001196:	e013      	b.n	100011c0 <tud_vendor_control_xfer_cb+0xb4>
10001198:	2901      	cmp	r1, #1
1000119a:	d1f5      	bne.n	10001188 <tud_vendor_control_xfer_cb+0x7c>
1000119c:	886b      	ldrh	r3, [r5, #2]
1000119e:	b9e3      	cbnz	r3, 100011da <tud_vendor_control_xfer_cb+0xce>
100011a0:	492e      	ldr	r1, [pc, #184]	@ (1000125c <tud_vendor_control_xfer_cb+0x150>)
100011a2:	482c      	ldr	r0, [pc, #176]	@ (10001254 <tud_vendor_control_xfer_cb+0x148>)
100011a4:	f003 fba2 	bl	100048ec <i2c_set_baudrate>
100011a8:	4629      	mov	r1, r5
100011aa:	4630      	mov	r0, r6
100011ac:	b004      	add	sp, #16
100011ae:	e8bd 4070 	ldmia.w	sp!, {r4, r5, r6, lr}
100011b2:	f004 bafd 	b.w	100057b0 <tud_control_status>
100011b6:	2901      	cmp	r1, #1
100011b8:	d1e6      	bne.n	10001188 <tud_vendor_control_xfer_cb+0x7c>
100011ba:	2304      	movs	r3, #4
100011bc:	4629      	mov	r1, r5
100011be:	4a28      	ldr	r2, [pc, #160]	@ (10001260 <tud_vendor_control_xfer_cb+0x154>)
100011c0:	b004      	add	sp, #16
100011c2:	e8bd 4070 	ldmia.w	sp!, {r4, r5, r6, lr}
100011c6:	f004 bb0d 	b.w	100057e4 <tud_control_xfer>
100011ca:	2901      	cmp	r1, #1
100011cc:	d1dc      	bne.n	10001188 <tud_vendor_control_xfer_cb+0x7c>
100011ce:	2302      	movs	r3, #2
100011d0:	4629      	mov	r1, r5
100011d2:	18ea      	adds	r2, r5, r3
100011d4:	e7f4      	b.n	100011c0 <tud_vendor_control_xfer_cb+0xb4>
100011d6:	2000      	movs	r0, #0
100011d8:	e7a5      	b.n	10001126 <tud_vendor_control_xfer_cb+0x1a>
100011da:	4922      	ldr	r1, [pc, #136]	@ (10001264 <tud_vendor_control_xfer_cb+0x158>)
100011dc:	4a22      	ldr	r2, [pc, #136]	@ (10001268 <tud_vendor_control_xfer_cb+0x15c>)
100011de:	fbb1 f1f3 	udiv	r1, r1, r3
100011e2:	4291      	cmp	r1, r2
100011e4:	bfa8      	it	ge
100011e6:	4611      	movge	r1, r2
100011e8:	481a      	ldr	r0, [pc, #104]	@ (10001254 <tud_vendor_control_xfer_cb+0x148>)
100011ea:	f003 fb7f 	bl	100048ec <i2c_set_baudrate>
100011ee:	e7db      	b.n	100011a8 <tud_vendor_control_xfer_cb+0x9c>
100011f0:	b93b      	cbnz	r3, 10001202 <tud_vendor_control_xfer_cb+0xf6>
100011f2:	b1a2      	cbz	r2, 1000121e <tud_vendor_control_xfer_cb+0x112>
100011f4:	4613      	mov	r3, r2
100011f6:	4629      	mov	r1, r5
100011f8:	4630      	mov	r0, r6
100011fa:	4a15      	ldr	r2, [pc, #84]	@ (10001250 <tud_vendor_control_xfer_cb+0x144>)
100011fc:	f004 faf2 	bl	100057e4 <tud_control_xfer>
10001200:	e7c2      	b.n	10001188 <tud_vendor_control_xfer_cb+0x7c>
10001202:	9100      	str	r1, [sp, #0]
10001204:	88a9      	ldrh	r1, [r5, #4]
10001206:	4613      	mov	r3, r2
10001208:	4812      	ldr	r0, [pc, #72]	@ (10001254 <tud_vendor_control_xfer_cb+0x148>)
1000120a:	4a11      	ldr	r2, [pc, #68]	@ (10001250 <tud_vendor_control_xfer_cb+0x144>)
1000120c:	b2c9      	uxtb	r1, r1
1000120e:	f003 fbef 	bl	100049f0 <i2c_read_blocking>
10001212:	3001      	adds	r0, #1
10001214:	d015      	beq.n	10001242 <tud_vendor_control_xfer_cb+0x136>
10001216:	4b10      	ldr	r3, [pc, #64]	@ (10001258 <tud_vendor_control_xfer_cb+0x14c>)
10001218:	701c      	strb	r4, [r3, #0]
1000121a:	88ea      	ldrh	r2, [r5, #6]
1000121c:	e7ea      	b.n	100011f4 <tud_vendor_control_xfer_cb+0xe8>
1000121e:	f88d 200f 	strb.w	r2, [sp, #15]
10001222:	9100      	str	r1, [sp, #0]
10001224:	88a9      	ldrh	r1, [r5, #4]
10001226:	4623      	mov	r3, r4
10001228:	f10d 020f 	add.w	r2, sp, #15
1000122c:	4809      	ldr	r0, [pc, #36]	@ (10001254 <tud_vendor_control_xfer_cb+0x148>)
1000122e:	b2c9      	uxtb	r1, r1
10001230:	f003 fbde 	bl	100049f0 <i2c_read_blocking>
10001234:	3001      	adds	r0, #1
10001236:	bf08      	it	eq
10001238:	2402      	moveq	r4, #2
1000123a:	4b07      	ldr	r3, [pc, #28]	@ (10001258 <tud_vendor_control_xfer_cb+0x14c>)
1000123c:	701c      	strb	r4, [r3, #0]
1000123e:	88ea      	ldrh	r2, [r5, #6]
10001240:	e7d8      	b.n	100011f4 <tud_vendor_control_xfer_cb+0xe8>
10001242:	2202      	movs	r2, #2
10001244:	4b04      	ldr	r3, [pc, #16]	@ (10001258 <tud_vendor_control_xfer_cb+0x14c>)
10001246:	701a      	strb	r2, [r3, #0]
10001248:	88ea      	ldrh	r2, [r5, #6]
1000124a:	e7d3      	b.n	100011f4 <tud_vendor_control_xfer_cb+0xe8>
1000124c:	200111f0 	.word	0x200111f0
10001250:	20010dec 	.word	0x20010dec
10001254:	200014c0 	.word	0x200014c0
10001258:	20011258 	.word	0x20011258
1000125c:	000186a0 	.word	0x000186a0
10001260:	100074c4 	.word	0x100074c4
10001264:	000f4240 	.word	0x000f4240
10001268:	00061a80 	.word	0x00061a80

1000126c <main>:
1000126c:	e92d 41f0 	stmdb	sp!, {r4, r5, r6, r7, r8, lr}
10001270:	4940      	ldr	r1, [pc, #256]	@ (10001374 <main+0x108>)
10001272:	b082      	sub	sp, #8
10001274:	4840      	ldr	r0, [pc, #256]	@ (10001378 <main+0x10c>)
10001276:	f005 fd4f 	bl	10006d18 <pio_add_program>
1000127a:	4602      	mov	r2, r0
1000127c:	4b3f      	ldr	r3, [pc, #252]	@ (1000137c <main+0x110>)
1000127e:	4940      	ldr	r1, [pc, #256]	@ (10001380 <main+0x114>)
10001280:	4840      	ldr	r0, [pc, #256]	@ (10001384 <main+0x118>)
10001282:	601a      	str	r2, [r3, #0]
10001284:	f005 fd48 	bl	10006d18 <pio_add_program>
10001288:	4602      	mov	r2, r0
1000128a:	4b3f      	ldr	r3, [pc, #252]	@ (10001388 <main+0x11c>)
1000128c:	493f      	ldr	r1, [pc, #252]	@ (1000138c <main+0x120>)
1000128e:	483a      	ldr	r0, [pc, #232]	@ (10001378 <main+0x10c>)
10001290:	601a      	str	r2, [r3, #0]
10001292:	f005 fd41 	bl	10006d18 <pio_add_program>
10001296:	4602      	mov	r2, r0
10001298:	4b3d      	ldr	r3, [pc, #244]	@ (10001390 <main+0x124>)
1000129a:	493e      	ldr	r1, [pc, #248]	@ (10001394 <main+0x128>)
1000129c:	4839      	ldr	r0, [pc, #228]	@ (10001384 <main+0x118>)
1000129e:	601a      	str	r2, [r3, #0]
100012a0:	f005 fd3a 	bl	10006d18 <pio_add_program>
100012a4:	4b3c      	ldr	r3, [pc, #240]	@ (10001398 <main+0x12c>)
100012a6:	f04f 0401 	mov.w	r4, #1
100012aa:	6018      	str	r0, [r3, #0]
100012ac:	f005 fd06 	bl	10006cbc <board_init>
100012b0:	200f      	movs	r0, #15
100012b2:	f001 f8a9 	bl	10002408 <gpio_init>
100012b6:	230f      	movs	r3, #15
100012b8:	ec44 3044 	gpioc_bit_oe_put r3, r4
100012bc:	ec44 3040 	gpioc_bit_out_put r3, r4
100012c0:	201a      	movs	r0, #26
100012c2:	f001 f8a1 	bl	10002408 <gpio_init>
100012c6:	2103      	movs	r1, #3
100012c8:	201a      	movs	r0, #26
100012ca:	f001 f86b 	bl	100023a4 <gpio_set_function>
100012ce:	2200      	movs	r2, #0
100012d0:	2101      	movs	r1, #1
100012d2:	201a      	movs	r0, #26
100012d4:	f001 f884 	bl	100023e0 <gpio_set_pulls>
100012d8:	201b      	movs	r0, #27
100012da:	f001 f895 	bl	10002408 <gpio_init>
100012de:	2103      	movs	r1, #3
100012e0:	201b      	movs	r0, #27
100012e2:	f001 f85f 	bl	100023a4 <gpio_set_function>
100012e6:	4d2d      	ldr	r5, [pc, #180]	@ (1000139c <main+0x130>)
100012e8:	2200      	movs	r2, #0
100012ea:	2101      	movs	r1, #1
100012ec:	201b      	movs	r0, #27
100012ee:	f001 f877 	bl	100023e0 <gpio_set_pulls>
100012f2:	492b      	ldr	r1, [pc, #172]	@ (100013a0 <main+0x134>)
100012f4:	482b      	ldr	r0, [pc, #172]	@ (100013a4 <main+0x138>)
100012f6:	f003 fb4d 	bl	10004994 <i2c_init>
100012fa:	7828      	ldrb	r0, [r5, #0]
100012fc:	f001 f884 	bl	10002408 <gpio_init>
10001300:	782a      	ldrb	r2, [r5, #0]
10001302:	ec44 2044 	gpioc_bit_oe_put r2, r4
10001306:	2300      	movs	r3, #0
10001308:	ec43 2040 	gpioc_bit_out_put r2, r3
1000130c:	4a26      	ldr	r2, [pc, #152]	@ (100013a8 <main+0x13c>)
1000130e:	f8df 80a4 	ldr.w	r8, [pc, #164]	@ 100013b4 <main+0x148>
10001312:	4668      	mov	r0, sp
10001314:	6013      	str	r3, [r2, #0]
10001316:	4645      	mov	r5, r8
10001318:	f003 fa42 	bl	100047a0 <flash_get_unique_id>
1000131c:	4f23      	ldr	r7, [pc, #140]	@ (100013ac <main+0x140>)
1000131e:	f10d 34ff 	add.w	r4, sp, #4294967295	@ 0xffffffff
10001322:	f10d 0607 	add.w	r6, sp, #7
10001326:	f814 2f01 	ldrb.w	r2, [r4, #1]!
1000132a:	4628      	mov	r0, r5
1000132c:	4639      	mov	r1, r7
1000132e:	f002 ffb1 	bl	10004294 <__wrap_sprintf>
10001332:	42b4      	cmp	r4, r6
10001334:	f105 0502 	add.w	r5, r5, #2
10001338:	d1f5      	bne.n	10001326 <main+0xba>
1000133a:	2300      	movs	r3, #0
1000133c:	461c      	mov	r4, r3
1000133e:	f888 3010 	strb.w	r3, [r8, #16]
10001342:	b2e0      	uxtb	r0, r4
10001344:	3401      	adds	r4, #1
10001346:	f7ff fd31 	bl	10000dac <init_uart_data>
1000134a:	2c06      	cmp	r4, #6
1000134c:	d1f9      	bne.n	10001342 <main+0xd6>
1000134e:	4818      	ldr	r0, [pc, #96]	@ (100013b0 <main+0x144>)
10001350:	f000 f8b6 	bl	100014c0 <multicore_launch_core1>
10001354:	2400      	movs	r4, #0
10001356:	b2e5      	uxtb	r5, r4
10001358:	4628      	mov	r0, r5
1000135a:	f7fe ff8f 	bl	1000027c <update_uart_cfg>
1000135e:	4628      	mov	r0, r5
10001360:	f7ff fb78 	bl	10000a54 <uart_read_bytes>
10001364:	3401      	adds	r4, #1
10001366:	4628      	mov	r0, r5
10001368:	f7ff fc2a 	bl	10000bc0 <uart_write_bytes>
1000136c:	2c06      	cmp	r4, #6
1000136e:	d1f2      	bne.n	10001356 <main+0xea>
10001370:	e7f0      	b.n	10001354 <main+0xe8>
10001372:	bf00      	nop
10001374:	10007504 	.word	0x10007504
10001378:	50200000 	.word	0x50200000
1000137c:	20011220 	.word	0x20011220
10001380:	100074d8 	.word	0x100074d8
10001384:	50300000 	.word	0x50300000
10001388:	20011240 	.word	0x20011240
1000138c:	100074e8 	.word	0x100074e8
10001390:	20011224 	.word	0x20011224
10001394:	100074c8 	.word	0x100074c8
10001398:	20011244 	.word	0x20011244
1000139c:	20001440 	.word	0x20001440
100013a0:	000186a0 	.word	0x000186a0
100013a4:	200014c0 	.word	0x200014c0
100013a8:	200111f0 	.word	0x200111f0
100013ac:	10007368 	.word	0x10007368
100013b0:	10000979 	.word	0x10000979
100013b4:	20011228 	.word	0x20011228

100013b8 <tud_descriptor_device_cb>:
100013b8:	4800      	ldr	r0, [pc, #0]	@ (100013bc <tud_descriptor_device_cb+0x4>)
100013ba:	4770      	bx	lr
100013bc:	100076e4 	.word	0x100076e4

100013c0 <tud_descriptor_configuration_cb>:
100013c0:	4800      	ldr	r0, [pc, #0]	@ (100013c4 <tud_descriptor_configuration_cb+0x4>)
100013c2:	4770      	bx	lr
100013c4:	10007538 	.word	0x10007538

100013c8 <tud_descriptor_string_cb>:
100013c8:	b410      	push	{r4}
100013ca:	b950      	cbnz	r0, 100013e2 <tud_descriptor_string_cb+0x1a>
100013cc:	f240 4209 	movw	r2, #1033	@ 0x409
100013d0:	f44f 7341 	mov.w	r3, #772	@ 0x304
100013d4:	4c11      	ldr	r4, [pc, #68]	@ (1000141c <tud_descriptor_string_cb+0x54>)
100013d6:	8062      	strh	r2, [r4, #2]
100013d8:	4810      	ldr	r0, [pc, #64]	@ (1000141c <tud_descriptor_string_cb+0x54>)
100013da:	8023      	strh	r3, [r4, #0]
100013dc:	f85d 4b04 	ldr.w	r4, [sp], #4
100013e0:	4770      	bx	lr
100013e2:	2805      	cmp	r0, #5
100013e4:	d815      	bhi.n	10001412 <tud_descriptor_string_cb+0x4a>
100013e6:	4b0e      	ldr	r3, [pc, #56]	@ (10001420 <tud_descriptor_string_cb+0x58>)
100013e8:	4c0c      	ldr	r4, [pc, #48]	@ (1000141c <tud_descriptor_string_cb+0x54>)
100013ea:	f853 1020 	ldr.w	r1, [r3, r0, lsl #2]
100013ee:	4620      	mov	r0, r4
100013f0:	2300      	movs	r3, #0
100013f2:	3901      	subs	r1, #1
100013f4:	e003      	b.n	100013fe <tud_descriptor_string_cb+0x36>
100013f6:	2b13      	cmp	r3, #19
100013f8:	f820 2f02 	strh.w	r2, [r0, #2]!
100013fc:	d00b      	beq.n	10001416 <tud_descriptor_string_cb+0x4e>
100013fe:	f811 2f01 	ldrb.w	r2, [r1, #1]!
10001402:	3301      	adds	r3, #1
10001404:	b2db      	uxtb	r3, r3
10001406:	2a00      	cmp	r2, #0
10001408:	d1f5      	bne.n	100013f6 <tud_descriptor_string_cb+0x2e>
1000140a:	005b      	lsls	r3, r3, #1
1000140c:	f443 7340 	orr.w	r3, r3, #768	@ 0x300
10001410:	e7e2      	b.n	100013d8 <tud_descriptor_string_cb+0x10>
10001412:	2000      	movs	r0, #0
10001414:	e7e2      	b.n	100013dc <tud_descriptor_string_cb+0x14>
10001416:	f44f 734a 	mov.w	r3, #808	@ 0x328
1000141a:	e7dd      	b.n	100013d8 <tud_descriptor_string_cb+0x10>
1000141c:	200109b8 	.word	0x200109b8
10001420:	10007520 	.word	0x10007520

10001424 <core1_trampoline>:
10001424:	bd03      	pop	{r0, r1, pc}
10001426:	bf00      	nop

10001428 <core1_wrapper>:
10001428:	b510      	push	{r4, lr}
1000142a:	4604      	mov	r4, r0
1000142c:	f001 fa2e 	bl	1000288c <runtime_run_per_core_initializers>
10001430:	4623      	mov	r3, r4
10001432:	e8bd 4010 	ldmia.w	sp!, {r4, lr}
10001436:	4718      	bx	r3

10001438 <multicore_launch_core1_raw>:
10001438:	b5f0      	push	{r4, r5, r6, r7, lr}
1000143a:	4605      	mov	r5, r0
1000143c:	b087      	sub	sp, #28
1000143e:	2019      	movs	r0, #25
10001440:	4617      	mov	r7, r2
10001442:	460e      	mov	r6, r1
10001444:	f000 fd1e 	bl	10001e84 <irq_is_enabled>
10001448:	2100      	movs	r1, #0
1000144a:	4604      	mov	r4, r0
1000144c:	2019      	movs	r0, #25
1000144e:	f000 fd03 	bl	10001e58 <irq_set_enabled>
10001452:	2100      	movs	r1, #0
10001454:	e9cd 6504 	strd	r6, r5, [sp, #16]
10001458:	9703      	str	r7, [sp, #12]
1000145a:	2600      	movs	r6, #0
1000145c:	2700      	movs	r7, #0
1000145e:	2201      	movs	r2, #1
10001460:	f04f 4350 	mov.w	r3, #3489660928	@ 0xd0000000
10001464:	468c      	mov	ip, r1
10001466:	e9cd 6700 	strd	r6, r7, [sp]
1000146a:	9202      	str	r2, [sp, #8]
1000146c:	b1b9      	cbz	r1, 1000149e <multicore_launch_core1_raw+0x66>
1000146e:	6d1a      	ldr	r2, [r3, #80]	@ 0x50
10001470:	0795      	lsls	r5, r2, #30
10001472:	d5fc      	bpl.n	1000146e <multicore_launch_core1_raw+0x36>
10001474:	6559      	str	r1, [r3, #84]	@ 0x54
10001476:	bf40      	sev
10001478:	6d1a      	ldr	r2, [r3, #80]	@ 0x50
1000147a:	07d0      	lsls	r0, r2, #31
1000147c:	d403      	bmi.n	10001486 <multicore_launch_core1_raw+0x4e>
1000147e:	bf20      	wfe
10001480:	6d1a      	ldr	r2, [r3, #80]	@ 0x50
10001482:	07d2      	lsls	r2, r2, #31
10001484:	d5fb      	bpl.n	1000147e <multicore_launch_core1_raw+0x46>
10001486:	6d9a      	ldr	r2, [r3, #88]	@ 0x58
10001488:	428a      	cmp	r2, r1
1000148a:	d00d      	beq.n	100014a8 <multicore_launch_core1_raw+0x70>
1000148c:	f04f 0c00 	mov.w	ip, #0
10001490:	aa06      	add	r2, sp, #24
10001492:	eb02 028c 	add.w	r2, r2, ip, lsl #2
10001496:	f852 1c18 	ldr.w	r1, [r2, #-24]
1000149a:	e7e7      	b.n	1000146c <multicore_launch_core1_raw+0x34>
1000149c:	6d9a      	ldr	r2, [r3, #88]	@ 0x58
1000149e:	6d1a      	ldr	r2, [r3, #80]	@ 0x50
100014a0:	07d6      	lsls	r6, r2, #31
100014a2:	d4fb      	bmi.n	1000149c <multicore_launch_core1_raw+0x64>
100014a4:	bf40      	sev
100014a6:	e7e2      	b.n	1000146e <multicore_launch_core1_raw+0x36>
100014a8:	f10c 0c01 	add.w	ip, ip, #1
100014ac:	f1bc 0f06 	cmp.w	ip, #6
100014b0:	d1ee      	bne.n	10001490 <multicore_launch_core1_raw+0x58>
100014b2:	4621      	mov	r1, r4
100014b4:	2019      	movs	r0, #25
100014b6:	b007      	add	sp, #28
100014b8:	e8bd 40f0 	ldmia.w	sp!, {r4, r5, r6, r7, lr}
100014bc:	f000 bccc 	b.w	10001e58 <irq_set_enabled>

100014c0 <multicore_launch_core1>:
100014c0:	4b0c      	ldr	r3, [pc, #48]	@ (100014f4 <multicore_launch_core1+0x34>)
100014c2:	4a0d      	ldr	r2, [pc, #52]	@ (100014f8 <multicore_launch_core1+0x38>)
100014c4:	4293      	cmp	r3, r2
100014c6:	d30e      	bcc.n	100014e6 <multicore_launch_core1+0x26>
100014c8:	469c      	mov	ip, r3
100014ca:	f203 71f4 	addw	r1, r3, #2036	@ 0x7f4
100014ce:	4a0b      	ldr	r2, [pc, #44]	@ (100014fc <multicore_launch_core1+0x3c>)
100014d0:	6892      	ldr	r2, [r2, #8]
100014d2:	f8cc 07f4 	str.w	r0, [ip, #2036]	@ 0x7f4
100014d6:	480a      	ldr	r0, [pc, #40]	@ (10001500 <multicore_launch_core1+0x40>)
100014d8:	f8cc 37f8 	str.w	r3, [ip, #2040]	@ 0x7f8
100014dc:	f8cc 07fc 	str.w	r0, [ip, #2044]	@ 0x7fc
100014e0:	4808      	ldr	r0, [pc, #32]	@ (10001504 <multicore_launch_core1+0x44>)
100014e2:	f7ff bfa9 	b.w	10001438 <multicore_launch_core1_raw>
100014e6:	f04f 33ff 	mov.w	r3, #4294967295	@ 0xffffffff
100014ea:	f240 71f3 	movw	r1, #2035	@ 0x7f3
100014ee:	469c      	mov	ip, r3
100014f0:	e7ed      	b.n	100014ce <multicore_launch_core1+0xe>
100014f2:	bf00      	nop
100014f4:	20080800 	.word	0x20080800
100014f8:	20080000 	.word	0x20080000
100014fc:	e000ed00 	.word	0xe000ed00
10001500:	10001429 	.word	0x10001429
10001504:	10001425 	.word	0x10001425

10001508 <lock_init>:
10001508:	4b01      	ldr	r3, [pc, #4]	@ (10001510 <lock_init+0x8>)
1000150a:	440b      	add	r3, r1
1000150c:	6003      	str	r3, [r0, #0]
1000150e:	4770      	bx	lr
10001510:	20010264 	.word	0x20010264

10001514 <runtime_init_mutex>:
10001514:	b570      	push	{r4, r5, r6, lr}
10001516:	4c10      	ldr	r4, [pc, #64]	@ (10001558 <runtime_init_mutex+0x44>)
10001518:	4d10      	ldr	r5, [pc, #64]	@ (1000155c <runtime_init_mutex+0x48>)
1000151a:	42ac      	cmp	r4, r5
1000151c:	d20e      	bcs.n	1000153c <runtime_init_mutex+0x28>
1000151e:	26ff      	movs	r6, #255	@ 0xff
10001520:	6823      	ldr	r3, [r4, #0]
10001522:	b163      	cbz	r3, 1000153e <runtime_init_mutex+0x2a>
10001524:	f000 fc48 	bl	10001db8 <next_striped_spin_lock_num>
10001528:	4601      	mov	r1, r0
1000152a:	4620      	mov	r0, r4
1000152c:	f7ff ffec 	bl	10001508 <lock_init>
10001530:	80a6      	strh	r6, [r4, #4]
10001532:	f3bf 8f5f 	dmb	sy
10001536:	3408      	adds	r4, #8
10001538:	42ac      	cmp	r4, r5
1000153a:	d3f1      	bcc.n	10001520 <runtime_init_mutex+0xc>
1000153c:	bd70      	pop	{r4, r5, r6, pc}
1000153e:	f000 fc3b 	bl	10001db8 <next_striped_spin_lock_num>
10001542:	4601      	mov	r1, r0
10001544:	4620      	mov	r0, r4
10001546:	f7ff ffdf 	bl	10001508 <lock_init>
1000154a:	7126      	strb	r6, [r4, #4]
1000154c:	f3bf 8f5f 	dmb	sy
10001550:	3408      	adds	r4, #8
10001552:	42ac      	cmp	r4, r5
10001554:	d3e4      	bcc.n	10001520 <runtime_init_mutex+0xc>
10001556:	bd70      	pop	{r4, r5, r6, pc}
10001558:	200014f0 	.word	0x200014f0
1000155c:	20001500 	.word	0x20001500

10001560 <mutex_init>:
10001560:	b510      	push	{r4, lr}
10001562:	4604      	mov	r4, r0
10001564:	f000 fc28 	bl	10001db8 <next_striped_spin_lock_num>
10001568:	4601      	mov	r1, r0
1000156a:	4620      	mov	r0, r4
1000156c:	f7ff ffcc 	bl	10001508 <lock_init>
10001570:	23ff      	movs	r3, #255	@ 0xff
10001572:	7123      	strb	r3, [r4, #4]
10001574:	f3bf 8f5f 	dmb	sy
10001578:	bd10      	pop	{r4, pc}
1000157a:	bf00      	nop

1000157c <critical_section_init>:
1000157c:	b510      	push	{r4, lr}
1000157e:	4604      	mov	r4, r0
10001580:	2001      	movs	r0, #1
10001582:	f000 fc25 	bl	10001dd0 <spin_lock_claim_unused>
10001586:	4b03      	ldr	r3, [pc, #12]	@ (10001594 <critical_section_init+0x18>)
10001588:	4403      	add	r3, r0
1000158a:	6023      	str	r3, [r4, #0]
1000158c:	f3bf 8f5f 	dmb	sy
10001590:	bd10      	pop	{r4, pc}
10001592:	bf00      	nop
10001594:	20010264 	.word	0x20010264

10001598 <sleep_until_callback>:
10001598:	4b0d      	ldr	r3, [pc, #52]	@ (100015d0 <sleep_until_callback+0x38>)
1000159a:	681a      	ldr	r2, [r3, #0]
1000159c:	f3ef 8110 	mrs	r1, PRIMASK
100015a0:	b672      	cpsid	i
100015a2:	e8d2 cfcf 	ldaexb	ip, [r2]
100015a6:	2001      	movs	r0, #1
100015a8:	f1bc 0f00 	cmp.w	ip, #0
100015ac:	d1f9      	bne.n	100015a2 <sleep_until_callback+0xa>
100015ae:	e8c2 0f4c 	strexb	ip, r0, [r2]
100015b2:	f1bc 0f00 	cmp.w	ip, #0
100015b6:	d1f4      	bne.n	100015a2 <sleep_until_callback+0xa>
100015b8:	f3bf 8f5f 	dmb	sy
100015bc:	2200      	movs	r2, #0
100015be:	681b      	ldr	r3, [r3, #0]
100015c0:	e8c3 2f8f 	stlb	r2, [r3]
100015c4:	f381 8810 	msr	PRIMASK, r1
100015c8:	bf40      	sev
100015ca:	2000      	movs	r0, #0
100015cc:	2100      	movs	r1, #0
100015ce:	4770      	bx	lr
100015d0:	2001123c 	.word	0x2001123c
100015d4:	00000000 	.word	0x00000000

100015d8 <alarm_pool_irq_handler>:
100015d8:	e92d 4ff0 	stmdb	sp!, {r4, r5, r6, r7, r8, r9, sl, fp, lr}
100015dc:	ed2d 8b02 	vpush	{d8}
100015e0:	b085      	sub	sp, #20
100015e2:	f3ef 8305 	mrs	r3, IPSR
100015e6:	b2db      	uxtb	r3, r3
100015e8:	3b10      	subs	r3, #16
100015ea:	089a      	lsrs	r2, r3, #2
100015ec:	bf18      	it	ne
100015ee:	2201      	movne	r2, #1
100015f0:	f04f 0101 	mov.w	r1, #1
100015f4:	f003 0003 	and.w	r0, r3, #3
100015f8:	bf18      	it	ne
100015fa:	4dab      	ldrne	r5, [pc, #684]	@ (100018a8 <alarm_pool_irq_handler+0x2d0>)
100015fc:	4bab      	ldr	r3, [pc, #684]	@ (100018ac <alarm_pool_irq_handler+0x2d4>)
100015fe:	bf08      	it	eq
10001600:	4dab      	ldreq	r5, [pc, #684]	@ (100018b0 <alarm_pool_irq_handler+0x2d8>)
10001602:	eb00 0282 	add.w	r2, r0, r2, lsl #2
10001606:	fa01 fb00 	lsl.w	fp, r1, r0
1000160a:	f853 6022 	ldr.w	r6, [r3, r2, lsl #2]
1000160e:	f505 5341 	add.w	r3, r5, #12352	@ 0x3040
10001612:	ed9f 8ba3 	vldr	d8, [pc, #652]	@ 100018a0 <alarm_pool_irq_handler+0x2c8>
10001616:	9001      	str	r0, [sp, #4]
10001618:	f8c3 b004 	str.w	fp, [r3, #4]
1000161c:	f8cd b000 	str.w	fp, [sp]
10001620:	e02a      	b.n	10001678 <alarm_pool_irq_handler+0xa0>
10001622:	88b3      	ldrh	r3, [r6, #4]
10001624:	0418      	lsls	r0, r3, #16
10001626:	f140 808c 	bpl.w	10001742 <alarm_pool_irq_handler+0x16a>
1000162a:	79b3      	ldrb	r3, [r6, #6]
1000162c:	2b00      	cmp	r3, #0
1000162e:	f040 80d5 	bne.w	100017dc <alarm_pool_irq_handler+0x204>
10001632:	f9b6 1008 	ldrsh.w	r1, [r6, #8]
10001636:	2900      	cmp	r1, #0
10001638:	f2c0 8115 	blt.w	10001866 <alarm_pool_irq_handler+0x28e>
1000163c:	6973      	ldr	r3, [r6, #20]
1000163e:	eb01 0141 	add.w	r1, r1, r1, lsl #1
10001642:	eb03 03c1 	add.w	r3, r3, r1, lsl #3
10001646:	e9d3 4702 	ldrd	r4, r7, [r3, #8]
1000164a:	f1b7 3fff 	cmp.w	r7, #4294967295	@ 0xffffffff
1000164e:	bf08      	it	eq
10001650:	f1b4 3fff 	cmpeq.w	r4, #4294967295	@ 0xffffffff
10001654:	d009      	beq.n	1000166a <alarm_pool_irq_handler+0x92>
10001656:	9b01      	ldr	r3, [sp, #4]
10001658:	eb05 0183 	add.w	r1, r5, r3, lsl #2
1000165c:	6aab      	ldr	r3, [r5, #40]	@ 0x28
1000165e:	690a      	ldr	r2, [r1, #16]
10001660:	1ad2      	subs	r2, r2, r3
10001662:	1ae3      	subs	r3, r4, r3
10001664:	4293      	cmp	r3, r2
10001666:	bf38      	it	cc
10001668:	610c      	strcc	r4, [r1, #16]
1000166a:	4628      	mov	r0, r5
1000166c:	f000 fab2 	bl	10001bd4 <timer_time_us_64>
10001670:	42a0      	cmp	r0, r4
10001672:	41b9      	sbcs	r1, r7
10001674:	f2c0 80f7 	blt.w	10001866 <alarm_pool_irq_handler+0x28e>
10001678:	f9b6 4008 	ldrsh.w	r4, [r6, #8]
1000167c:	9b00      	ldr	r3, [sp, #0]
1000167e:	2c00      	cmp	r4, #0
10001680:	63eb      	str	r3, [r5, #60]	@ 0x3c
10001682:	dbce      	blt.n	10001622 <alarm_pool_irq_handler+0x4a>
10001684:	f8d6 9014 	ldr.w	r9, [r6, #20]
10001688:	eb04 0a44 	add.w	sl, r4, r4, lsl #1
1000168c:	4628      	mov	r0, r5
1000168e:	eb09 07ca 	add.w	r7, r9, sl, lsl #3
10001692:	e9d7 b802 	ldrd	fp, r8, [r7, #8]
10001696:	f000 fa9d 	bl	10001bd4 <timer_time_us_64>
1000169a:	4558      	cmp	r0, fp
1000169c:	eb71 0108 	sbcs.w	r1, r1, r8
100016a0:	dbbf      	blt.n	10001622 <alarm_pool_irq_handler+0x4a>
100016a2:	f1b8 0f00 	cmp.w	r8, #0
100016a6:	f2c0 80c1 	blt.w	1000182c <alarm_pool_irq_handler+0x254>
100016aa:	e9d7 3104 	ldrd	r3, r1, [r7, #16]
100016ae:	4a81      	ldr	r2, [pc, #516]	@ (100018b4 <alarm_pool_irq_handler+0x2dc>)
100016b0:	4293      	cmp	r3, r2
100016b2:	f000 80ea 	beq.w	1000188a <alarm_pool_irq_handler+0x2b2>
100016b6:	887a      	ldrh	r2, [r7, #2]
100016b8:	f9b6 0008 	ldrsh.w	r0, [r6, #8]
100016bc:	b292      	uxth	r2, r2
100016be:	ea42 4000 	orr.w	r0, r2, r0, lsl #16
100016c2:	4798      	blx	r3
100016c4:	4602      	mov	r2, r0
100016c6:	460b      	mov	r3, r1
100016c8:	ea52 0103 	orrs.w	r1, r2, r3
100016cc:	f000 80ae 	beq.w	1000182c <alarm_pool_irq_handler+0x254>
100016d0:	2b00      	cmp	r3, #0
100016d2:	f280 80ce 	bge.w	10001872 <alarm_pool_irq_handler+0x29a>
100016d6:	ebbb 0b02 	subs.w	fp, fp, r2
100016da:	eb68 0803 	sbc.w	r8, r8, r3
100016de:	f939 303a 	ldrsh.w	r3, [r9, sl, lsl #3]
100016e2:	e9c7 b802 	strd	fp, r8, [r7, #8]
100016e6:	2b00      	cmp	r3, #0
100016e8:	db9b      	blt.n	10001622 <alarm_pool_irq_handler+0x4a>
100016ea:	6971      	ldr	r1, [r6, #20]
100016ec:	eb03 0243 	add.w	r2, r3, r3, lsl #1
100016f0:	eb01 02c2 	add.w	r2, r1, r2, lsl #3
100016f4:	e9d2 7002 	ldrd	r7, r0, [r2, #8]
100016f8:	45bb      	cmp	fp, r7
100016fa:	eb78 0c00 	sbcs.w	ip, r8, r0
100016fe:	ea4f 0243 	mov.w	r2, r3, lsl #1
10001702:	db8e      	blt.n	10001622 <alarm_pool_irq_handler+0x4a>
10001704:	46b4      	mov	ip, r6
10001706:	f82c 3f08 	strh.w	r3, [ip, #8]!
1000170a:	e00b      	b.n	10001724 <alarm_pool_irq_handler+0x14c>
1000170c:	f931 3032 	ldrsh.w	r3, [r1, r2, lsl #3]
10001710:	46f4      	mov	ip, lr
10001712:	2b00      	cmp	r3, #0
10001714:	db0d      	blt.n	10001732 <alarm_pool_irq_handler+0x15a>
10001716:	eb03 0043 	add.w	r0, r3, r3, lsl #1
1000171a:	eb01 00c0 	add.w	r0, r1, r0, lsl #3
1000171e:	005a      	lsls	r2, r3, #1
10001720:	e9d0 7002 	ldrd	r7, r0, [r0, #8]
10001724:	45bb      	cmp	fp, r7
10001726:	441a      	add	r2, r3
10001728:	eb78 0000 	sbcs.w	r0, r8, r0
1000172c:	eb01 0ec2 	add.w	lr, r1, r2, lsl #3
10001730:	daec      	bge.n	1000170c <alarm_pool_irq_handler+0x134>
10001732:	f829 303a 	strh.w	r3, [r9, sl, lsl #3]
10001736:	f8ac 4000 	strh.w	r4, [ip]
1000173a:	88b3      	ldrh	r3, [r6, #4]
1000173c:	0418      	lsls	r0, r3, #16
1000173e:	f53f af74 	bmi.w	1000162a <alarm_pool_irq_handler+0x52>
10001742:	6933      	ldr	r3, [r6, #16]
10001744:	f3ef 8210 	mrs	r2, PRIMASK
10001748:	b672      	cpsid	i
1000174a:	e8d3 0fcf 	ldaexb	r0, [r3]
1000174e:	2101      	movs	r1, #1
10001750:	2800      	cmp	r0, #0
10001752:	d1fa      	bne.n	1000174a <alarm_pool_irq_handler+0x172>
10001754:	e8c3 1f40 	strexb	r0, r1, [r3]
10001758:	2800      	cmp	r0, #0
1000175a:	d1f6      	bne.n	1000174a <alarm_pool_irq_handler+0x172>
1000175c:	f3bf 8f5f 	dmb	sy
10001760:	f64f 74ff 	movw	r4, #65535	@ 0xffff
10001764:	88b0      	ldrh	r0, [r6, #4]
10001766:	2300      	movs	r3, #0
10001768:	6931      	ldr	r1, [r6, #16]
1000176a:	b200      	sxth	r0, r0
1000176c:	80b4      	strh	r4, [r6, #4]
1000176e:	e8c1 3f8f 	stlb	r3, [r1]
10001772:	f382 8810 	msr	PRIMASK, r2
10001776:	4298      	cmp	r0, r3
10001778:	f6ff af57 	blt.w	1000162a <alarm_pool_irq_handler+0x52>
1000177c:	4607      	mov	r7, r0
1000177e:	46a9      	mov	r9, r5
10001780:	6974      	ldr	r4, [r6, #20]
10001782:	f106 0808 	add.w	r8, r6, #8
10001786:	eb07 0e47 	add.w	lr, r7, r7, lsl #1
1000178a:	eb04 03ce 	add.w	r3, r4, lr, lsl #3
1000178e:	e9d3 5002 	ldrd	r5, r0, [r3, #8]
10001792:	f9b6 3008 	ldrsh.w	r3, [r6, #8]
10001796:	46c4      	mov	ip, r8
10001798:	2b00      	cmp	r3, #0
1000179a:	bfa8      	it	ge
1000179c:	46b3      	movge	fp, r6
1000179e:	da05      	bge.n	100017ac <alarm_pool_irq_handler+0x1d4>
100017a0:	e00f      	b.n	100017c2 <alarm_pool_irq_handler+0x1ea>
100017a2:	f934 303a 	ldrsh.w	r3, [r4, sl, lsl #3]
100017a6:	4694      	mov	ip, r2
100017a8:	2b00      	cmp	r3, #0
100017aa:	db09      	blt.n	100017c0 <alarm_pool_irq_handler+0x1e8>
100017ac:	eb03 0a43 	add.w	sl, r3, r3, lsl #1
100017b0:	eb04 02ca 	add.w	r2, r4, sl, lsl #3
100017b4:	e9d2 6102 	ldrd	r6, r1, [r2, #8]
100017b8:	42b5      	cmp	r5, r6
100017ba:	eb70 0101 	sbcs.w	r1, r0, r1
100017be:	daf0      	bge.n	100017a2 <alarm_pool_irq_handler+0x1ca>
100017c0:	465e      	mov	r6, fp
100017c2:	f8ac 7000 	strh.w	r7, [ip]
100017c6:	f934 703e 	ldrsh.w	r7, [r4, lr, lsl #3]
100017ca:	f824 303e 	strh.w	r3, [r4, lr, lsl #3]
100017ce:	2f00      	cmp	r7, #0
100017d0:	dad9      	bge.n	10001786 <alarm_pool_irq_handler+0x1ae>
100017d2:	79b3      	ldrb	r3, [r6, #6]
100017d4:	464d      	mov	r5, r9
100017d6:	2b00      	cmp	r3, #0
100017d8:	f43f af2b 	beq.w	10001632 <alarm_pool_irq_handler+0x5a>
100017dc:	2300      	movs	r3, #0
100017de:	71b3      	strb	r3, [r6, #6]
100017e0:	f9b6 3008 	ldrsh.w	r3, [r6, #8]
100017e4:	f106 0808 	add.w	r8, r6, #8
100017e8:	1c59      	adds	r1, r3, #1
100017ea:	d03c      	beq.n	10001866 <alarm_pool_irq_handler+0x28e>
100017ec:	4619      	mov	r1, r3
100017ee:	6977      	ldr	r7, [r6, #20]
100017f0:	e003      	b.n	100017fa <alarm_pool_irq_handler+0x222>
100017f2:	4680      	mov	r8, r0
100017f4:	1c5a      	adds	r2, r3, #1
100017f6:	f43f af1e 	beq.w	10001636 <alarm_pool_irq_handler+0x5e>
100017fa:	eb03 0243 	add.w	r2, r3, r3, lsl #1
100017fe:	eb07 00c2 	add.w	r0, r7, r2, lsl #3
10001802:	f8b0 c002 	ldrh.w	ip, [r0, #2]
10001806:	461c      	mov	r4, r3
10001808:	f41c 4f00 	tst.w	ip, #32768	@ 0x8000
1000180c:	469e      	mov	lr, r3
1000180e:	f937 3032 	ldrsh.w	r3, [r7, r2, lsl #3]
10001812:	d0ee      	beq.n	100017f2 <alarm_pool_irq_handler+0x21a>
10001814:	428c      	cmp	r4, r1
10001816:	ed80 8b02 	vstr	d8, [r0, #8]
1000181a:	d005      	beq.n	10001828 <alarm_pool_irq_handler+0x250>
1000181c:	f8a8 3000 	strh.w	r3, [r8]
10001820:	8931      	ldrh	r1, [r6, #8]
10001822:	f827 1032 	strh.w	r1, [r7, r2, lsl #3]
10001826:	8134      	strh	r4, [r6, #8]
10001828:	4671      	mov	r1, lr
1000182a:	e7e3      	b.n	100017f4 <alarm_pool_irq_handler+0x21c>
1000182c:	f839 303a 	ldrh.w	r3, [r9, sl, lsl #3]
10001830:	8133      	strh	r3, [r6, #8]
10001832:	6933      	ldr	r3, [r6, #16]
10001834:	f3ef 8210 	mrs	r2, PRIMASK
10001838:	b672      	cpsid	i
1000183a:	e8d3 0fcf 	ldaexb	r0, [r3]
1000183e:	2101      	movs	r1, #1
10001840:	2800      	cmp	r0, #0
10001842:	d1fa      	bne.n	1000183a <alarm_pool_irq_handler+0x262>
10001844:	e8c3 1f40 	strexb	r0, r1, [r3]
10001848:	2800      	cmp	r0, #0
1000184a:	d1f6      	bne.n	1000183a <alarm_pool_irq_handler+0x262>
1000184c:	f3bf 8f5f 	dmb	sy
10001850:	8873      	ldrh	r3, [r6, #2]
10001852:	6931      	ldr	r1, [r6, #16]
10001854:	f829 303a 	strh.w	r3, [r9, sl, lsl #3]
10001858:	2300      	movs	r3, #0
1000185a:	8074      	strh	r4, [r6, #2]
1000185c:	e8c1 3f8f 	stlb	r3, [r1]
10001860:	f382 8810 	msr	PRIMASK, r2
10001864:	e6dd      	b.n	10001622 <alarm_pool_irq_handler+0x4a>
10001866:	bf40      	sev
10001868:	b005      	add	sp, #20
1000186a:	ecbd 8b02 	vpop	{d8}
1000186e:	e8bd 8ff0 	ldmia.w	sp!, {r4, r5, r6, r7, r8, r9, sl, fp, pc}
10001872:	4628      	mov	r0, r5
10001874:	e9cd 2302 	strd	r2, r3, [sp, #8]
10001878:	f000 f9ac 	bl	10001bd4 <timer_time_us_64>
1000187c:	9a02      	ldr	r2, [sp, #8]
1000187e:	9b03      	ldr	r3, [sp, #12]
10001880:	eb10 0b02 	adds.w	fp, r0, r2
10001884:	eb43 0801 	adc.w	r8, r3, r1
10001888:	e729      	b.n	100016de <alarm_pool_irq_handler+0x106>
1000188a:	4608      	mov	r0, r1
1000188c:	690b      	ldr	r3, [r1, #16]
1000188e:	9102      	str	r1, [sp, #8]
10001890:	4798      	blx	r3
10001892:	2800      	cmp	r0, #0
10001894:	d0ca      	beq.n	1000182c <alarm_pool_irq_handler+0x254>
10001896:	9902      	ldr	r1, [sp, #8]
10001898:	e9d1 2300 	ldrd	r2, r3, [r1]
1000189c:	e714      	b.n	100016c8 <alarm_pool_irq_handler+0xf0>
1000189e:	bf00      	nop
100018a0:	ffffffff 	.word	0xffffffff
100018a4:	ffffffff 	.word	0xffffffff
100018a8:	400b8000 	.word	0x400b8000
100018ac:	200111f8 	.word	0x200111f8
100018b0:	400b0000 	.word	0x400b0000
100018b4:	100015d9 	.word	0x100015d9

100018b8 <runtime_init_default_alarm_pool>:
100018b8:	e92d 4ff8 	stmdb	sp!, {r3, r4, r5, r6, r7, r8, r9, sl, fp, lr}
100018bc:	4c36      	ldr	r4, [pc, #216]	@ (10001998 <runtime_init_default_alarm_pool+0xe0>)
100018be:	6925      	ldr	r5, [r4, #16]
100018c0:	b12d      	cbz	r5, 100018ce <runtime_init_default_alarm_pool+0x16>
100018c2:	e8bd 4ff8 	ldmia.w	sp!, {r3, r4, r5, r6, r7, r8, r9, sl, fp, lr}
100018c6:	210a      	movs	r1, #10
100018c8:	4834      	ldr	r0, [pc, #208]	@ (1000199c <runtime_init_default_alarm_pool+0xe4>)
100018ca:	f7ff be1d 	b.w	10001508 <lock_init>
100018ce:	f8df 80e4 	ldr.w	r8, [pc, #228]	@ 100019b4 <runtime_init_default_alarm_pool+0xfc>
100018d2:	2103      	movs	r1, #3
100018d4:	4640      	mov	r0, r8
100018d6:	f000 f96b 	bl	10001bb0 <timer_hardware_alarm_claim>
100018da:	2603      	movs	r6, #3
100018dc:	f8c4 800c 	str.w	r8, [r4, #12]
100018e0:	f000 fa6a 	bl	10001db8 <next_striped_spin_lock_num>
100018e4:	f04f 4c50 	mov.w	ip, #3489660928	@ 0xd0000000
100018e8:	4b2d      	ldr	r3, [pc, #180]	@ (100019a0 <runtime_init_default_alarm_pool+0xe8>)
100018ea:	7026      	strb	r6, [r4, #0]
100018ec:	4403      	add	r3, r0
100018ee:	6123      	str	r3, [r4, #16]
100018f0:	f8dc 3000 	ldr.w	r3, [ip]
100018f4:	210f      	movs	r1, #15
100018f6:	7063      	strb	r3, [r4, #1]
100018f8:	6963      	ldr	r3, [r4, #20]
100018fa:	8061      	strh	r1, [r4, #2]
100018fc:	831d      	strh	r5, [r3, #24]
100018fe:	f04f 0504 	mov.w	r5, #4
10001902:	f8a3 5078 	strh.w	r5, [r3, #120]	@ 0x78
10001906:	f04f 0505 	mov.w	r5, #5
1000190a:	f8a3 5090 	strh.w	r5, [r3, #144]	@ 0x90
1000190e:	f04f 0506 	mov.w	r5, #6
10001912:	f8a3 50a8 	strh.w	r5, [r3, #168]	@ 0xa8
10001916:	f04f 0507 	mov.w	r5, #7
1000191a:	210e      	movs	r1, #14
1000191c:	f64f 72ff 	movw	r2, #65535	@ 0xffff
10001920:	2708      	movs	r7, #8
10001922:	f04f 0e0a 	mov.w	lr, #10
10001926:	f8a3 50c0 	strh.w	r5, [r3, #192]	@ 0xc0
1000192a:	f04f 0901 	mov.w	r9, #1
1000192e:	f04f 0c0c 	mov.w	ip, #12
10001932:	f04f 0b02 	mov.w	fp, #2
10001936:	f04f 0a09 	mov.w	sl, #9
1000193a:	200d      	movs	r0, #13
1000193c:	f04f 050b 	mov.w	r5, #11
10001940:	f8a3 1168 	strh.w	r1, [r3, #360]	@ 0x168
10001944:	4917      	ldr	r1, [pc, #92]	@ (100019a4 <runtime_init_default_alarm_pool+0xec>)
10001946:	80a2      	strh	r2, [r4, #4]
10001948:	f8a3 e108 	strh.w	lr, [r3, #264]	@ 0x108
1000194c:	60a1      	str	r1, [r4, #8]
1000194e:	f8a3 b048 	strh.w	fp, [r3, #72]	@ 0x48
10001952:	f8a3 a0f0 	strh.w	sl, [r3, #240]	@ 0xf0
10001956:	f8a3 5120 	strh.w	r5, [r3, #288]	@ 0x120
1000195a:	f8a3 c138 	strh.w	ip, [r3, #312]	@ 0x138
1000195e:	f8a3 0150 	strh.w	r0, [r3, #336]	@ 0x150
10001962:	f8a3 9030 	strh.w	r9, [r3, #48]	@ 0x30
10001966:	f8a3 6060 	strh.w	r6, [r3, #96]	@ 0x60
1000196a:	f8a3 70d8 	strh.w	r7, [r3, #216]	@ 0xd8
1000196e:	801a      	strh	r2, [r3, #0]
10001970:	4b0d      	ldr	r3, [pc, #52]	@ (100019a8 <runtime_init_default_alarm_pool+0xf0>)
10001972:	4630      	mov	r0, r6
10001974:	f8c8 7020 	str.w	r7, [r8, #32]
10001978:	490c      	ldr	r1, [pc, #48]	@ (100019ac <runtime_init_default_alarm_pool+0xf4>)
1000197a:	60dc      	str	r4, [r3, #12]
1000197c:	f000 fa92 	bl	10001ea4 <irq_set_exclusive_handler>
10001980:	4649      	mov	r1, r9
10001982:	4630      	mov	r0, r6
10001984:	f000 fa68 	bl	10001e58 <irq_set_enabled>
10001988:	4b09      	ldr	r3, [pc, #36]	@ (100019b0 <runtime_init_default_alarm_pool+0xf8>)
1000198a:	210a      	movs	r1, #10
1000198c:	641f      	str	r7, [r3, #64]	@ 0x40
1000198e:	4803      	ldr	r0, [pc, #12]	@ (1000199c <runtime_init_default_alarm_pool+0xe4>)
10001990:	e8bd 4ff8 	ldmia.w	sp!, {r3, r4, r5, r6, r7, r8, r9, sl, fp, lr}
10001994:	f7ff bdb8 	b.w	10001508 <lock_init>
10001998:	20001444 	.word	0x20001444
1000199c:	2001123c 	.word	0x2001123c
100019a0:	20010264 	.word	0x20010264
100019a4:	0010ffff 	.word	0x0010ffff
100019a8:	200111f8 	.word	0x200111f8
100019ac:	100015d9 	.word	0x100015d9
100019b0:	400b2000 	.word	0x400b2000
100019b4:	400b0000 	.word	0x400b0000

100019b8 <alarm_pool_add_alarm_at_force_in_context>:
100019b8:	4601      	mov	r1, r0
100019ba:	b5f0      	push	{r4, r5, r6, r7, lr}
100019bc:	6900      	ldr	r0, [r0, #16]
100019be:	f3ef 8710 	mrs	r7, PRIMASK
100019c2:	b672      	cpsid	i
100019c4:	e8d0 5fcf 	ldaexb	r5, [r0]
100019c8:	2401      	movs	r4, #1
100019ca:	2d00      	cmp	r5, #0
100019cc:	d1fa      	bne.n	100019c4 <alarm_pool_add_alarm_at_force_in_context+0xc>
100019ce:	e8c0 4f45 	strexb	r5, r4, [r0]
100019d2:	2d00      	cmp	r5, #0
100019d4:	d1f6      	bne.n	100019c4 <alarm_pool_add_alarm_at_force_in_context+0xc>
100019d6:	f3bf 8f5f 	dmb	sy
100019da:	f9b1 e002 	ldrsh.w	lr, [r1, #2]
100019de:	694c      	ldr	r4, [r1, #20]
100019e0:	eb0e 0c4e 	add.w	ip, lr, lr, lsl #1
100019e4:	f1be 0f00 	cmp.w	lr, #0
100019e8:	ea4f 05cc 	mov.w	r5, ip, lsl #3
100019ec:	eb04 0ccc 	add.w	ip, r4, ip, lsl #3
100019f0:	db3d      	blt.n	10001a6e <alarm_pool_add_alarm_at_force_in_context+0xb6>
100019f2:	5b60      	ldrh	r0, [r4, r5]
100019f4:	2600      	movs	r6, #0
100019f6:	8048      	strh	r0, [r1, #2]
100019f8:	6908      	ldr	r0, [r1, #16]
100019fa:	e8c0 6f8f 	stlb	r6, [r0]
100019fe:	f387 8810 	msr	PRIMASK, r7
10001a02:	f8bc 0002 	ldrh.w	r0, [ip, #2]
10001a06:	e9cc 2302 	strd	r2, r3, [ip, #8]
10001a0a:	3001      	adds	r0, #1
10001a0c:	f3c0 000e 	ubfx	r0, r0, #0, #15
10001a10:	2801      	cmp	r0, #1
10001a12:	bf38      	it	cc
10001a14:	2001      	movcc	r0, #1
10001a16:	9b05      	ldr	r3, [sp, #20]
10001a18:	f8ac 0002 	strh.w	r0, [ip, #2]
10001a1c:	f8cc 3010 	str.w	r3, [ip, #16]
10001a20:	9b06      	ldr	r3, [sp, #24]
10001a22:	ea40 400e 	orr.w	r0, r0, lr, lsl #16
10001a26:	f8cc 3014 	str.w	r3, [ip, #20]
10001a2a:	690b      	ldr	r3, [r1, #16]
10001a2c:	f3ef 8210 	mrs	r2, PRIMASK
10001a30:	b672      	cpsid	i
10001a32:	e8d3 cfcf 	ldaexb	ip, [r3]
10001a36:	2701      	movs	r7, #1
10001a38:	f1bc 0f00 	cmp.w	ip, #0
10001a3c:	d1f9      	bne.n	10001a32 <alarm_pool_add_alarm_at_force_in_context+0x7a>
10001a3e:	e8c3 7f4c 	strexb	ip, r7, [r3]
10001a42:	f1bc 0f00 	cmp.w	ip, #0
10001a46:	d1f4      	bne.n	10001a32 <alarm_pool_add_alarm_at_force_in_context+0x7a>
10001a48:	f3bf 8f5f 	dmb	sy
10001a4c:	888b      	ldrh	r3, [r1, #4]
10001a4e:	5363      	strh	r3, [r4, r5]
10001a50:	f8a1 e004 	strh.w	lr, [r1, #4]
10001a54:	690b      	ldr	r3, [r1, #16]
10001a56:	e8c3 6f8f 	stlb	r6, [r3]
10001a5a:	f382 8810 	msr	PRIMASK, r2
10001a5e:	2201      	movs	r2, #1
10001a60:	68cb      	ldr	r3, [r1, #12]
10001a62:	7809      	ldrb	r1, [r1, #0]
10001a64:	f503 5301 	add.w	r3, r3, #8256	@ 0x2040
10001a68:	408a      	lsls	r2, r1
10001a6a:	605a      	str	r2, [r3, #4]
10001a6c:	bdf0      	pop	{r4, r5, r6, r7, pc}
10001a6e:	2300      	movs	r3, #0
10001a70:	690a      	ldr	r2, [r1, #16]
10001a72:	e8c2 3f8f 	stlb	r3, [r2]
10001a76:	f387 8810 	msr	PRIMASK, r7
10001a7a:	f04f 30ff 	mov.w	r0, #4294967295	@ 0xffffffff
10001a7e:	bdf0      	pop	{r4, r5, r6, r7, pc}

10001a80 <alarm_pool_cancel_alarm>:
10001a80:	4603      	mov	r3, r0
10001a82:	8940      	ldrh	r0, [r0, #10]
10001a84:	ebb0 4f21 	cmp.w	r0, r1, asr #16
10001a88:	dd37      	ble.n	10001afa <alarm_pool_cancel_alarm+0x7a>
10001a8a:	6958      	ldr	r0, [r3, #20]
10001a8c:	140a      	asrs	r2, r1, #16
10001a8e:	eb02 0242 	add.w	r2, r2, r2, lsl #1
10001a92:	b510      	push	{r4, lr}
10001a94:	eb00 00c2 	add.w	r0, r0, r2, lsl #3
10001a98:	691c      	ldr	r4, [r3, #16]
10001a9a:	f3ef 8c10 	mrs	ip, PRIMASK
10001a9e:	b672      	cpsid	i
10001aa0:	e8d4 efcf 	ldaexb	lr, [r4]
10001aa4:	2201      	movs	r2, #1
10001aa6:	f1be 0f00 	cmp.w	lr, #0
10001aaa:	d1f9      	bne.n	10001aa0 <alarm_pool_cancel_alarm+0x20>
10001aac:	e8c4 2f4e 	strexb	lr, r2, [r4]
10001ab0:	f1be 0f00 	cmp.w	lr, #0
10001ab4:	d1f4      	bne.n	10001aa0 <alarm_pool_cancel_alarm+0x20>
10001ab6:	f3bf 8f5f 	dmb	sy
10001aba:	8842      	ldrh	r2, [r0, #2]
10001abc:	b289      	uxth	r1, r1
10001abe:	b292      	uxth	r2, r2
10001ac0:	428a      	cmp	r2, r1
10001ac2:	d007      	beq.n	10001ad4 <alarm_pool_cancel_alarm+0x54>
10001ac4:	2200      	movs	r2, #0
10001ac6:	691b      	ldr	r3, [r3, #16]
10001ac8:	e8c3 2f8f 	stlb	r2, [r3]
10001acc:	f38c 8810 	msr	PRIMASK, ip
10001ad0:	2000      	movs	r0, #0
10001ad2:	bd10      	pop	{r4, pc}
10001ad4:	f442 4200 	orr.w	r2, r2, #32768	@ 0x8000
10001ad8:	8042      	strh	r2, [r0, #2]
10001ada:	2101      	movs	r1, #1
10001adc:	2200      	movs	r2, #0
10001ade:	6918      	ldr	r0, [r3, #16]
10001ae0:	7199      	strb	r1, [r3, #6]
10001ae2:	e8c0 2f8f 	stlb	r2, [r0]
10001ae6:	f38c 8810 	msr	PRIMASK, ip
10001aea:	781c      	ldrb	r4, [r3, #0]
10001aec:	68da      	ldr	r2, [r3, #12]
10001aee:	4608      	mov	r0, r1
10001af0:	f502 5301 	add.w	r3, r2, #8256	@ 0x2040
10001af4:	40a1      	lsls	r1, r4
10001af6:	6059      	str	r1, [r3, #4]
10001af8:	bd10      	pop	{r4, pc}
10001afa:	2000      	movs	r0, #0
10001afc:	4770      	bx	lr
10001afe:	bf00      	nop

10001b00 <best_effort_wfe_or_timeout>:
10001b00:	b5f0      	push	{r4, r5, r6, r7, lr}
10001b02:	4606      	mov	r6, r0
10001b04:	460d      	mov	r5, r1
10001b06:	b083      	sub	sp, #12
10001b08:	f3ef 8405 	mrs	r4, IPSR
10001b0c:	b2e4      	uxtb	r4, r4
10001b0e:	2c00      	cmp	r4, #0
10001b10:	d135      	bne.n	10001b7e <best_effort_wfe_or_timeout+0x7e>
10001b12:	4f24      	ldr	r7, [pc, #144]	@ (10001ba4 <best_effort_wfe_or_timeout+0xa4>)
10001b14:	783a      	ldrb	r2, [r7, #0]
10001b16:	68f9      	ldr	r1, [r7, #12]
10001b18:	3204      	adds	r2, #4
10001b1a:	6a8b      	ldr	r3, [r1, #40]	@ 0x28
10001b1c:	f851 2022 	ldr.w	r2, [r1, r2, lsl #2]
10001b20:	1ad2      	subs	r2, r2, r3
10001b22:	1ac3      	subs	r3, r0, r3
10001b24:	4293      	cmp	r3, r2
10001b26:	d307      	bcc.n	10001b38 <best_effort_wfe_or_timeout+0x38>
10001b28:	bf20      	wfe
10001b2a:	4b1f      	ldr	r3, [pc, #124]	@ (10001ba8 <best_effort_wfe_or_timeout+0xa8>)
10001b2c:	6a58      	ldr	r0, [r3, #36]	@ 0x24
10001b2e:	42a8      	cmp	r0, r5
10001b30:	d21f      	bcs.n	10001b72 <best_effort_wfe_or_timeout+0x72>
10001b32:	2000      	movs	r0, #0
10001b34:	b003      	add	sp, #12
10001b36:	bdf0      	pop	{r4, r5, r6, r7, pc}
10001b38:	f000 f854 	bl	10001be4 <time_us_64>
10001b3c:	4286      	cmp	r6, r0
10001b3e:	eb65 0101 	sbc.w	r1, r5, r1
10001b42:	2900      	cmp	r1, #0
10001b44:	db11      	blt.n	10001b6a <best_effort_wfe_or_timeout+0x6a>
10001b46:	4b19      	ldr	r3, [pc, #100]	@ (10001bac <best_effort_wfe_or_timeout+0xac>)
10001b48:	4638      	mov	r0, r7
10001b4a:	e9cd 3400 	strd	r3, r4, [sp]
10001b4e:	4632      	mov	r2, r6
10001b50:	462b      	mov	r3, r5
10001b52:	f7ff ff31 	bl	100019b8 <alarm_pool_add_alarm_at_force_in_context>
10001b56:	1e01      	subs	r1, r0, #0
10001b58:	dd07      	ble.n	10001b6a <best_effort_wfe_or_timeout+0x6a>
10001b5a:	4b13      	ldr	r3, [pc, #76]	@ (10001ba8 <best_effort_wfe_or_timeout+0xa8>)
10001b5c:	6a5a      	ldr	r2, [r3, #36]	@ 0x24
10001b5e:	42aa      	cmp	r2, r5
10001b60:	d219      	bcs.n	10001b96 <best_effort_wfe_or_timeout+0x96>
10001b62:	bf20      	wfe
10001b64:	480f      	ldr	r0, [pc, #60]	@ (10001ba4 <best_effort_wfe_or_timeout+0xa4>)
10001b66:	f7ff ff8b 	bl	10001a80 <alarm_pool_cancel_alarm>
10001b6a:	4b0f      	ldr	r3, [pc, #60]	@ (10001ba8 <best_effort_wfe_or_timeout+0xa8>)
10001b6c:	6a58      	ldr	r0, [r3, #36]	@ 0x24
10001b6e:	42a8      	cmp	r0, r5
10001b70:	d3df      	bcc.n	10001b32 <best_effort_wfe_or_timeout+0x32>
10001b72:	6a9b      	ldr	r3, [r3, #40]	@ 0x28
10001b74:	429e      	cmp	r6, r3
10001b76:	d809      	bhi.n	10001b8c <best_effort_wfe_or_timeout+0x8c>
10001b78:	2001      	movs	r0, #1
10001b7a:	b003      	add	sp, #12
10001b7c:	bdf0      	pop	{r4, r5, r6, r7, pc}
10001b7e:	4b0a      	ldr	r3, [pc, #40]	@ (10001ba8 <best_effort_wfe_or_timeout+0xa8>)
10001b80:	6a58      	ldr	r0, [r3, #36]	@ 0x24
10001b82:	4288      	cmp	r0, r1
10001b84:	d3d5      	bcc.n	10001b32 <best_effort_wfe_or_timeout+0x32>
10001b86:	6a9b      	ldr	r3, [r3, #40]	@ 0x28
10001b88:	42b3      	cmp	r3, r6
10001b8a:	d2f5      	bcs.n	10001b78 <best_effort_wfe_or_timeout+0x78>
10001b8c:	1b40      	subs	r0, r0, r5
10001b8e:	bf18      	it	ne
10001b90:	2001      	movne	r0, #1
10001b92:	b003      	add	sp, #12
10001b94:	bdf0      	pop	{r4, r5, r6, r7, pc}
10001b96:	6a9b      	ldr	r3, [r3, #40]	@ 0x28
10001b98:	429e      	cmp	r6, r3
10001b9a:	d9e3      	bls.n	10001b64 <best_effort_wfe_or_timeout+0x64>
10001b9c:	42aa      	cmp	r2, r5
10001b9e:	d1e1      	bne.n	10001b64 <best_effort_wfe_or_timeout+0x64>
10001ba0:	e7df      	b.n	10001b62 <best_effort_wfe_or_timeout+0x62>
10001ba2:	bf00      	nop
10001ba4:	20001444 	.word	0x20001444
10001ba8:	400b0000 	.word	0x400b0000
10001bac:	10001599 	.word	0x10001599

10001bb0 <timer_hardware_alarm_claim>:
10001bb0:	b410      	push	{r4}
10001bb2:	4b05      	ldr	r3, [pc, #20]	@ (10001bc8 <timer_hardware_alarm_claim+0x18>)
10001bb4:	4c05      	ldr	r4, [pc, #20]	@ (10001bcc <timer_hardware_alarm_claim+0x1c>)
10001bb6:	4a06      	ldr	r2, [pc, #24]	@ (10001bd0 <timer_hardware_alarm_claim+0x20>)
10001bb8:	42a0      	cmp	r0, r4
10001bba:	bf14      	ite	ne
10001bbc:	4618      	movne	r0, r3
10001bbe:	1c58      	addeq	r0, r3, #1
10001bc0:	f85d 4b04 	ldr.w	r4, [sp], #4
10001bc4:	f000 b87e 	b.w	10001cc4 <hw_claim_or_assert>
10001bc8:	20010988 	.word	0x20010988
10001bcc:	400b8000 	.word	0x400b8000
10001bd0:	100073a8 	.word	0x100073a8

10001bd4 <timer_time_us_64>:
10001bd4:	4603      	mov	r3, r0
10001bd6:	6a41      	ldr	r1, [r0, #36]	@ 0x24
10001bd8:	460a      	mov	r2, r1
10001bda:	6a98      	ldr	r0, [r3, #40]	@ 0x28
10001bdc:	6a59      	ldr	r1, [r3, #36]	@ 0x24
10001bde:	428a      	cmp	r2, r1
10001be0:	d1fa      	bne.n	10001bd8 <timer_time_us_64+0x4>
10001be2:	4770      	bx	lr

10001be4 <time_us_64>:
10001be4:	4b03      	ldr	r3, [pc, #12]	@ (10001bf4 <time_us_64+0x10>)
10001be6:	6a59      	ldr	r1, [r3, #36]	@ 0x24
10001be8:	460a      	mov	r2, r1
10001bea:	6a98      	ldr	r0, [r3, #40]	@ 0x28
10001bec:	6a59      	ldr	r1, [r3, #36]	@ 0x24
10001bee:	4291      	cmp	r1, r2
10001bf0:	d1fa      	bne.n	10001be8 <time_us_64+0x4>
10001bf2:	4770      	bx	lr
10001bf4:	400b0000 	.word	0x400b0000

10001bf8 <busy_wait_us>:
10001bf8:	b410      	push	{r4}
10001bfa:	4a17      	ldr	r2, [pc, #92]	@ (10001c58 <busy_wait_us+0x60>)
10001bfc:	6a53      	ldr	r3, [r2, #36]	@ 0x24
10001bfe:	469c      	mov	ip, r3
10001c00:	6a94      	ldr	r4, [r2, #40]	@ 0x28
10001c02:	6a53      	ldr	r3, [r2, #36]	@ 0x24
10001c04:	4563      	cmp	r3, ip
10001c06:	d1fa      	bne.n	10001bfe <busy_wait_us+0x6>
10001c08:	1900      	adds	r0, r0, r4
10001c0a:	4159      	adcs	r1, r3
10001c0c:	f04f 0200 	mov.w	r2, #0
10001c10:	bf28      	it	cs
10001c12:	2201      	movcs	r2, #1
10001c14:	4603      	mov	r3, r0
10001c16:	b1ca      	cbz	r2, 10001c4c <busy_wait_us+0x54>
10001c18:	4b0f      	ldr	r3, [pc, #60]	@ (10001c58 <busy_wait_us+0x60>)
10001c1a:	6a59      	ldr	r1, [r3, #36]	@ 0x24
10001c1c:	1c4b      	adds	r3, r1, #1
10001c1e:	bf08      	it	eq
10001c20:	460b      	moveq	r3, r1
10001c22:	d008      	beq.n	10001c36 <busy_wait_us+0x3e>
10001c24:	f04f 31ff 	mov.w	r1, #4294967295	@ 0xffffffff
10001c28:	460b      	mov	r3, r1
10001c2a:	480b      	ldr	r0, [pc, #44]	@ (10001c58 <busy_wait_us+0x60>)
10001c2c:	6a42      	ldr	r2, [r0, #36]	@ 0x24
10001c2e:	428a      	cmp	r2, r1
10001c30:	d3fc      	bcc.n	10001c2c <busy_wait_us+0x34>
10001c32:	428a      	cmp	r2, r1
10001c34:	d107      	bne.n	10001c46 <busy_wait_us+0x4e>
10001c36:	4a08      	ldr	r2, [pc, #32]	@ (10001c58 <busy_wait_us+0x60>)
10001c38:	e002      	b.n	10001c40 <busy_wait_us+0x48>
10001c3a:	6a50      	ldr	r0, [r2, #36]	@ 0x24
10001c3c:	4288      	cmp	r0, r1
10001c3e:	d102      	bne.n	10001c46 <busy_wait_us+0x4e>
10001c40:	6a90      	ldr	r0, [r2, #40]	@ 0x28
10001c42:	4298      	cmp	r0, r3
10001c44:	d3f9      	bcc.n	10001c3a <busy_wait_us+0x42>
10001c46:	f85d 4b04 	ldr.w	r4, [sp], #4
10001c4a:	4770      	bx	lr
10001c4c:	4a02      	ldr	r2, [pc, #8]	@ (10001c58 <busy_wait_us+0x60>)
10001c4e:	6a52      	ldr	r2, [r2, #36]	@ 0x24
10001c50:	4291      	cmp	r1, r2
10001c52:	d8ea      	bhi.n	10001c2a <busy_wait_us+0x32>
10001c54:	e7ed      	b.n	10001c32 <busy_wait_us+0x3a>
10001c56:	bf00      	nop
10001c58:	400b0000 	.word	0x400b0000

10001c5c <panic>:
10001c5c:	b40f      	push	{r0, r1, r2, r3}
10001c5e:	b500      	push	{lr}
10001c60:	b083      	sub	sp, #12
10001c62:	9c04      	ldr	r4, [sp, #16]
10001c64:	4807      	ldr	r0, [pc, #28]	@ (10001c84 <panic+0x28>)
10001c66:	f002 fc87 	bl	10004578 <__wrap_puts>
10001c6a:	b13c      	cbz	r4, 10001c7c <panic+0x20>
10001c6c:	a905      	add	r1, sp, #20
10001c6e:	4620      	mov	r0, r4
10001c70:	9101      	str	r1, [sp, #4]
10001c72:	f002 fb25 	bl	100042c0 <weak_raw_vprintf>
10001c76:	4804      	ldr	r0, [pc, #16]	@ (10001c88 <panic+0x2c>)
10001c78:	f002 fc7e 	bl	10004578 <__wrap_puts>
10001c7c:	2001      	movs	r0, #1
10001c7e:	f002 fb37 	bl	100042f0 <_exit>
10001c82:	bf00      	nop
10001c84:	100073cc 	.word	0x100073cc
10001c88:	100073dc 	.word	0x100073dc

10001c8c <hw_claim_lock>:
10001c8c:	f3ef 8010 	mrs	r0, PRIMASK
10001c90:	b672      	cpsid	i
10001c92:	4b06      	ldr	r3, [pc, #24]	@ (10001cac <hw_claim_lock+0x20>)
10001c94:	e8d3 1fcf 	ldaexb	r1, [r3]
10001c98:	2201      	movs	r2, #1
10001c9a:	2900      	cmp	r1, #0
10001c9c:	d1fa      	bne.n	10001c94 <hw_claim_lock+0x8>
10001c9e:	e8c3 2f41 	strexb	r1, r2, [r3]
10001ca2:	2900      	cmp	r1, #0
10001ca4:	d1f6      	bne.n	10001c94 <hw_claim_lock+0x8>
10001ca6:	f3bf 8f5f 	dmb	sy
10001caa:	4770      	bx	lr
10001cac:	2001026f 	.word	0x2001026f

10001cb0 <hw_claim_unlock>:
10001cb0:	2300      	movs	r3, #0
10001cb2:	4a03      	ldr	r2, [pc, #12]	@ (10001cc0 <hw_claim_unlock+0x10>)
10001cb4:	e8c2 3f8f 	stlb	r3, [r2]
10001cb8:	f380 8810 	msr	PRIMASK, r0
10001cbc:	4770      	bx	lr
10001cbe:	bf00      	nop
10001cc0:	2001026f 	.word	0x2001026f

10001cc4 <hw_claim_or_assert>:
10001cc4:	b570      	push	{r4, r5, r6, lr}
10001cc6:	4686      	mov	lr, r0
10001cc8:	f3ef 8510 	mrs	r5, PRIMASK
10001ccc:	b672      	cpsid	i
10001cce:	4c12      	ldr	r4, [pc, #72]	@ (10001d18 <hw_claim_or_assert+0x54>)
10001cd0:	e8d4 6fcf 	ldaexb	r6, [r4]
10001cd4:	2001      	movs	r0, #1
10001cd6:	2e00      	cmp	r6, #0
10001cd8:	d1fa      	bne.n	10001cd0 <hw_claim_or_assert+0xc>
10001cda:	e8c4 0f46 	strexb	r6, r0, [r4]
10001cde:	2e00      	cmp	r6, #0
10001ce0:	d1f6      	bne.n	10001cd0 <hw_claim_or_assert+0xc>
10001ce2:	f3bf 8f5f 	dmb	sy
10001ce6:	f04f 0c01 	mov.w	ip, #1
10001cea:	08c8      	lsrs	r0, r1, #3
10001cec:	f001 0307 	and.w	r3, r1, #7
10001cf0:	fa0c f303 	lsl.w	r3, ip, r3
10001cf4:	f81e c000 	ldrb.w	ip, [lr, r0]
10001cf8:	ea1c 0603 	ands.w	r6, ip, r3
10001cfc:	d108      	bne.n	10001d10 <hw_claim_or_assert+0x4c>
10001cfe:	ea4c 0c03 	orr.w	ip, ip, r3
10001d02:	f80e c000 	strb.w	ip, [lr, r0]
10001d06:	e8c4 6f8f 	stlb	r6, [r4]
10001d0a:	f385 8810 	msr	PRIMASK, r5
10001d0e:	bd70      	pop	{r4, r5, r6, pc}
10001d10:	4610      	mov	r0, r2
10001d12:	f7ff ffa3 	bl	10001c5c <panic>
10001d16:	bf00      	nop
10001d18:	2001026f 	.word	0x2001026f

10001d1c <hw_claim_unused_from_range>:
10001d1c:	b5f8      	push	{r3, r4, r5, r6, r7, lr}
10001d1e:	f3ef 8510 	mrs	r5, PRIMASK
10001d22:	b672      	cpsid	i
10001d24:	4c23      	ldr	r4, [pc, #140]	@ (10001db4 <hw_claim_unused_from_range+0x98>)
10001d26:	e8d4 7fcf 	ldaexb	r7, [r4]
10001d2a:	2601      	movs	r6, #1
10001d2c:	2f00      	cmp	r7, #0
10001d2e:	d1fa      	bne.n	10001d26 <hw_claim_unused_from_range+0xa>
10001d30:	e8c4 6f47 	strexb	r7, r6, [r4]
10001d34:	2f00      	cmp	r7, #0
10001d36:	d1f6      	bne.n	10001d26 <hw_claim_unused_from_range+0xa>
10001d38:	f3bf 8f5f 	dmb	sy
10001d3c:	429a      	cmp	r2, r3
10001d3e:	d827      	bhi.n	10001d90 <hw_claim_unused_from_range+0x74>
10001d40:	2601      	movs	r6, #1
10001d42:	08d7      	lsrs	r7, r2, #3
10001d44:	f810 e007 	ldrb.w	lr, [r0, r7]
10001d48:	f002 0c07 	and.w	ip, r2, #7
10001d4c:	fa06 fc0c 	lsl.w	ip, r6, ip
10001d50:	ea1e 0f0c 	tst.w	lr, ip
10001d54:	eb00 07d2 	add.w	r7, r0, r2, lsr #3
10001d58:	d10d      	bne.n	10001d76 <hw_claim_unused_from_range+0x5a>
10001d5a:	e025      	b.n	10001da8 <hw_claim_unused_from_range+0x8c>
10001d5c:	ea4f 0ed2 	mov.w	lr, r2, lsr #3
10001d60:	f810 e00e 	ldrb.w	lr, [r0, lr]
10001d64:	f002 0c07 	and.w	ip, r2, #7
10001d68:	fa06 fc0c 	lsl.w	ip, r6, ip
10001d6c:	ea1e 0f0c 	tst.w	lr, ip
10001d70:	eb00 07d2 	add.w	r7, r0, r2, lsr #3
10001d74:	d018      	beq.n	10001da8 <hw_claim_unused_from_range+0x8c>
10001d76:	3201      	adds	r2, #1
10001d78:	4293      	cmp	r3, r2
10001d7a:	d2ef      	bcs.n	10001d5c <hw_claim_unused_from_range+0x40>
10001d7c:	f04f 30ff 	mov.w	r0, #4294967295	@ 0xffffffff
10001d80:	2300      	movs	r3, #0
10001d82:	e8c4 3f8f 	stlb	r3, [r4]
10001d86:	f385 8810 	msr	PRIMASK, r5
10001d8a:	4298      	cmp	r0, r3
10001d8c:	db07      	blt.n	10001d9e <hw_claim_unused_from_range+0x82>
10001d8e:	bdf8      	pop	{r3, r4, r5, r6, r7, pc}
10001d90:	2300      	movs	r3, #0
10001d92:	e8c4 3f8f 	stlb	r3, [r4]
10001d96:	f385 8810 	msr	PRIMASK, r5
10001d9a:	f04f 30ff 	mov.w	r0, #4294967295	@ 0xffffffff
10001d9e:	2900      	cmp	r1, #0
10001da0:	d0f5      	beq.n	10001d8e <hw_claim_unused_from_range+0x72>
10001da2:	9806      	ldr	r0, [sp, #24]
10001da4:	f7ff ff5a 	bl	10001c5c <panic>
10001da8:	ea4e 0e0c 	orr.w	lr, lr, ip
10001dac:	4610      	mov	r0, r2
10001dae:	f887 e000 	strb.w	lr, [r7]
10001db2:	e7e5      	b.n	10001d80 <hw_claim_unused_from_range+0x64>
10001db4:	2001026f 	.word	0x2001026f

10001db8 <next_striped_spin_lock_num>:
10001db8:	4a04      	ldr	r2, [pc, #16]	@ (10001dcc <next_striped_spin_lock_num+0x14>)
10001dba:	7810      	ldrb	r0, [r2, #0]
10001dbc:	1c43      	adds	r3, r0, #1
10001dbe:	b2db      	uxtb	r3, r3
10001dc0:	2b18      	cmp	r3, #24
10001dc2:	bf28      	it	cs
10001dc4:	2310      	movcs	r3, #16
10001dc6:	7013      	strb	r3, [r2, #0]
10001dc8:	4770      	bx	lr
10001dca:	bf00      	nop
10001dcc:	2000145c 	.word	0x2000145c

10001dd0 <spin_lock_claim_unused>:
10001dd0:	b510      	push	{r4, lr}
10001dd2:	4c05      	ldr	r4, [pc, #20]	@ (10001de8 <spin_lock_claim_unused+0x18>)
10001dd4:	b082      	sub	sp, #8
10001dd6:	4601      	mov	r1, r0
10001dd8:	231f      	movs	r3, #31
10001dda:	2218      	movs	r2, #24
10001ddc:	9400      	str	r4, [sp, #0]
10001dde:	4803      	ldr	r0, [pc, #12]	@ (10001dec <spin_lock_claim_unused+0x1c>)
10001de0:	f7ff ff9c 	bl	10001d1c <hw_claim_unused_from_range>
10001de4:	b002      	add	sp, #8
10001de6:	bd10      	pop	{r4, pc}
10001de8:	100073e0 	.word	0x100073e0
10001dec:	2001098c 	.word	0x2001098c

10001df0 <spinlock_set_extexclall>:
10001df0:	f04f 22e0 	mov.w	r2, #3758153728	@ 0xe000e000
10001df4:	6893      	ldr	r3, [r2, #8]
10001df6:	f043 5300 	orr.w	r3, r3, #536870912	@ 0x20000000
10001dfa:	6093      	str	r3, [r2, #8]
10001dfc:	4770      	bx	lr
10001dfe:	bf00      	nop

10001e00 <spin_locks_reset>:
10001e00:	2100      	movs	r1, #0
10001e02:	4b04      	ldr	r3, [pc, #16]	@ (10001e14 <spin_locks_reset+0x14>)
10001e04:	f103 0220 	add.w	r2, r3, #32
10001e08:	e8c3 1f8f 	stlb	r1, [r3]
10001e0c:	3301      	adds	r3, #1
10001e0e:	4293      	cmp	r3, r2
10001e10:	d1fa      	bne.n	10001e08 <spin_locks_reset+0x8>
10001e12:	4770      	bx	lr
10001e14:	20010264 	.word	0x20010264

10001e18 <runtime_init_per_core_irq_priorities>:
10001e18:	f04f 23e0 	mov.w	r3, #3758153728	@ 0xe000e000
10001e1c:	f04f 3280 	mov.w	r2, #2155905152	@ 0x80808080
10001e20:	f8c3 2400 	str.w	r2, [r3, #1024]	@ 0x400
10001e24:	f8c3 2404 	str.w	r2, [r3, #1028]	@ 0x404
10001e28:	f8c3 2408 	str.w	r2, [r3, #1032]	@ 0x408
10001e2c:	f8c3 240c 	str.w	r2, [r3, #1036]	@ 0x40c
10001e30:	f8c3 2410 	str.w	r2, [r3, #1040]	@ 0x410
10001e34:	f8c3 2414 	str.w	r2, [r3, #1044]	@ 0x414
10001e38:	f8c3 2418 	str.w	r2, [r3, #1048]	@ 0x418
10001e3c:	f8c3 241c 	str.w	r2, [r3, #1052]	@ 0x41c
10001e40:	f8c3 2420 	str.w	r2, [r3, #1056]	@ 0x420
10001e44:	f8c3 2424 	str.w	r2, [r3, #1060]	@ 0x424
10001e48:	f8c3 2428 	str.w	r2, [r3, #1064]	@ 0x428
10001e4c:	f8c3 242c 	str.w	r2, [r3, #1068]	@ 0x42c
10001e50:	f8c3 2430 	str.w	r2, [r3, #1072]	@ 0x430
10001e54:	4770      	bx	lr
10001e56:	bf00      	nop

10001e58 <irq_set_enabled>:
10001e58:	2301      	movs	r3, #1
10001e5a:	f000 021f 	and.w	r2, r0, #31
10001e5e:	4093      	lsls	r3, r2
10001e60:	0940      	lsrs	r0, r0, #5
10001e62:	b141      	cbz	r1, 10001e76 <irq_set_enabled+0x1e>
10001e64:	0080      	lsls	r0, r0, #2
10001e66:	f100 4060 	add.w	r0, r0, #3758096384	@ 0xe0000000
10001e6a:	f500 4061 	add.w	r0, r0, #57600	@ 0xe100
10001e6e:	f8c0 3180 	str.w	r3, [r0, #384]	@ 0x180
10001e72:	6003      	str	r3, [r0, #0]
10001e74:	4770      	bx	lr
10001e76:	4a02      	ldr	r2, [pc, #8]	@ (10001e80 <irq_set_enabled+0x28>)
10001e78:	3020      	adds	r0, #32
10001e7a:	f842 3020 	str.w	r3, [r2, r0, lsl #2]
10001e7e:	4770      	bx	lr
10001e80:	e000e100 	.word	0xe000e100

10001e84 <irq_is_enabled>:
10001e84:	2301      	movs	r3, #1
10001e86:	4a06      	ldr	r2, [pc, #24]	@ (10001ea0 <irq_is_enabled+0x1c>)
10001e88:	0941      	lsrs	r1, r0, #5
10001e8a:	f852 2021 	ldr.w	r2, [r2, r1, lsl #2]
10001e8e:	f000 001f 	and.w	r0, r0, #31
10001e92:	4083      	lsls	r3, r0
10001e94:	4213      	tst	r3, r2
10001e96:	bf14      	ite	ne
10001e98:	2001      	movne	r0, #1
10001e9a:	2000      	moveq	r0, #0
10001e9c:	4770      	bx	lr
10001e9e:	bf00      	nop
10001ea0:	e000e100 	.word	0xe000e100

10001ea4 <irq_set_exclusive_handler>:
10001ea4:	b5f8      	push	{r3, r4, r5, r6, r7, lr}
10001ea6:	460d      	mov	r5, r1
10001ea8:	f3ef 8710 	mrs	r7, PRIMASK
10001eac:	b672      	cpsid	i
10001eae:	4e12      	ldr	r6, [pc, #72]	@ (10001ef8 <irq_set_exclusive_handler+0x54>)
10001eb0:	e8d6 2fcf 	ldaexb	r2, [r6]
10001eb4:	2301      	movs	r3, #1
10001eb6:	2a00      	cmp	r2, #0
10001eb8:	d1fa      	bne.n	10001eb0 <irq_set_exclusive_handler+0xc>
10001eba:	e8c6 3f42 	strexb	r2, r3, [r6]
10001ebe:	2a00      	cmp	r2, #0
10001ec0:	d1f6      	bne.n	10001eb0 <irq_set_exclusive_handler+0xc>
10001ec2:	f3bf 8f5f 	dmb	sy
10001ec6:	4b0d      	ldr	r3, [pc, #52]	@ (10001efc <irq_set_exclusive_handler+0x58>)
10001ec8:	f100 0410 	add.w	r4, r0, #16
10001ecc:	689b      	ldr	r3, [r3, #8]
10001ece:	4a0c      	ldr	r2, [pc, #48]	@ (10001f00 <irq_set_exclusive_handler+0x5c>)
10001ed0:	f853 3024 	ldr.w	r3, [r3, r4, lsl #2]
10001ed4:	4293      	cmp	r3, r2
10001ed6:	d003      	beq.n	10001ee0 <irq_set_exclusive_handler+0x3c>
10001ed8:	4299      	cmp	r1, r3
10001eda:	d001      	beq.n	10001ee0 <irq_set_exclusive_handler+0x3c>
10001edc:	f000 fcc0 	bl	10002860 <hard_assertion_failure>
10001ee0:	4b06      	ldr	r3, [pc, #24]	@ (10001efc <irq_set_exclusive_handler+0x58>)
10001ee2:	689b      	ldr	r3, [r3, #8]
10001ee4:	f843 5024 	str.w	r5, [r3, r4, lsl #2]
10001ee8:	f3bf 8f5f 	dmb	sy
10001eec:	2300      	movs	r3, #0
10001eee:	e8c6 3f8f 	stlb	r3, [r6]
10001ef2:	f387 8810 	msr	PRIMASK, r7
10001ef6:	bdf8      	pop	{r3, r4, r5, r6, r7, pc}
10001ef8:	2001026d 	.word	0x2001026d
10001efc:	e000ed00 	.word	0xe000ed00
10001f00:	1000011d 	.word	0x1000011d

10001f04 <irq_add_shared_handler>:
10001f04:	e92d 4ff0 	stmdb	sp!, {r4, r5, r6, r7, r8, r9, sl, fp, lr}
10001f08:	4681      	mov	r9, r0
10001f0a:	468b      	mov	fp, r1
10001f0c:	4616      	mov	r6, r2
10001f0e:	b083      	sub	sp, #12
10001f10:	f3ef 8310 	mrs	r3, PRIMASK
10001f14:	b672      	cpsid	i
10001f16:	f8df a1d0 	ldr.w	sl, [pc, #464]	@ 100020e8 <irq_add_shared_handler+0x1e4>
10001f1a:	9300      	str	r3, [sp, #0]
10001f1c:	e8da 1fcf 	ldaexb	r1, [sl]
10001f20:	2301      	movs	r3, #1
10001f22:	2900      	cmp	r1, #0
10001f24:	d1fa      	bne.n	10001f1c <irq_add_shared_handler+0x18>
10001f26:	e8ca 3f41 	strexb	r1, r3, [sl]
10001f2a:	2900      	cmp	r1, #0
10001f2c:	d1f6      	bne.n	10001f1c <irq_add_shared_handler+0x18>
10001f2e:	f3bf 8f5f 	dmb	sy
10001f32:	4b66      	ldr	r3, [pc, #408]	@ (100020cc <irq_add_shared_handler+0x1c8>)
10001f34:	f993 4000 	ldrsb.w	r4, [r3]
10001f38:	2c00      	cmp	r4, #0
10001f3a:	f2c0 80a0 	blt.w	1000207e <irq_add_shared_handler+0x17a>
10001f3e:	4d64      	ldr	r5, [pc, #400]	@ (100020d0 <irq_add_shared_handler+0x1cc>)
10001f40:	eb04 0744 	add.w	r7, r4, r4, lsl #1
10001f44:	eb05 0887 	add.w	r8, r5, r7, lsl #2
10001f48:	f898 1006 	ldrb.w	r1, [r8, #6]
10001f4c:	f109 0910 	add.w	r9, r9, #16
10001f50:	7019      	strb	r1, [r3, #0]
10001f52:	4b60      	ldr	r3, [pc, #384]	@ (100020d4 <irq_add_shared_handler+0x1d0>)
10001f54:	00bf      	lsls	r7, r7, #2
10001f56:	689b      	ldr	r3, [r3, #8]
10001f58:	f853 0029 	ldr.w	r0, [r3, r9, lsl #2]
10001f5c:	0063      	lsls	r3, r4, #1
10001f5e:	1b41      	subs	r1, r0, r5
10001f60:	292f      	cmp	r1, #47	@ 0x2f
10001f62:	d92f      	bls.n	10001fc4 <irq_add_shared_handler+0xc0>
10001f64:	495c      	ldr	r1, [pc, #368]	@ (100020d8 <irq_add_shared_handler+0x1d4>)
10001f66:	4288      	cmp	r0, r1
10001f68:	f040 80a4 	bne.w	100020b4 <irq_add_shared_handler+0x1b0>
10001f6c:	441c      	add	r4, r3
10001f6e:	4b5b      	ldr	r3, [pc, #364]	@ (100020dc <irq_add_shared_handler+0x1d8>)
10001f70:	3702      	adds	r7, #2
10001f72:	442f      	add	r7, r5
10001f74:	3b04      	subs	r3, #4
10001f76:	1bdb      	subs	r3, r3, r7
10001f78:	f3c3 034a 	ubfx	r3, r3, #1, #11
10001f7c:	ea6f 43c3 	mvn.w	r3, r3, lsl #19
10001f80:	f44f 4121 	mov.w	r1, #41216	@ 0xa100
10001f84:	ea6f 43d3 	mvn.w	r3, r3, lsr #19
10001f88:	f825 1024 	strh.w	r1, [r5, r4, lsl #2]
10001f8c:	eb05 0484 	add.w	r4, r5, r4, lsl #2
10001f90:	8063      	strh	r3, [r4, #2]
10001f92:	f64b 5301 	movw	r3, #48385	@ 0xbd01
10001f96:	80a3      	strh	r3, [r4, #4]
10001f98:	23ff      	movs	r3, #255	@ 0xff
10001f9a:	f048 0001 	orr.w	r0, r8, #1
10001f9e:	71e6      	strb	r6, [r4, #7]
10001fa0:	f8c4 b008 	str.w	fp, [r4, #8]
10001fa4:	71a3      	strb	r3, [r4, #6]
10001fa6:	4b4b      	ldr	r3, [pc, #300]	@ (100020d4 <irq_add_shared_handler+0x1d0>)
10001fa8:	689b      	ldr	r3, [r3, #8]
10001faa:	f843 0029 	str.w	r0, [r3, r9, lsl #2]
10001fae:	f3bf 8f5f 	dmb	sy
10001fb2:	2300      	movs	r3, #0
10001fb4:	e8ca 3f8f 	stlb	r3, [sl]
10001fb8:	9b00      	ldr	r3, [sp, #0]
10001fba:	f383 8810 	msr	PRIMASK, r3
10001fbe:	b003      	add	sp, #12
10001fc0:	e8bd 8ff0 	ldmia.w	sp!, {r4, r5, r6, r7, r8, r9, sl, fp, pc}
10001fc4:	f020 0e01 	bic.w	lr, r0, #1
10001fc8:	f89e 1007 	ldrb.w	r1, [lr, #7]
10001fcc:	42b1      	cmp	r1, r6
10001fce:	d82e      	bhi.n	1000202e <irq_add_shared_handler+0x12a>
10001fd0:	f44f 4321 	mov.w	r3, #41216	@ 0xa100
10001fd4:	53eb      	strh	r3, [r5, r7]
10001fd6:	4b41      	ldr	r3, [pc, #260]	@ (100020dc <irq_add_shared_handler+0x1d8>)
10001fd8:	1cb9      	adds	r1, r7, #2
10001fda:	4429      	add	r1, r5
10001fdc:	3b04      	subs	r3, #4
10001fde:	3704      	adds	r7, #4
10001fe0:	1a5b      	subs	r3, r3, r1
10001fe2:	442f      	add	r7, r5
10001fe4:	f1ae 0104 	sub.w	r1, lr, #4
10001fe8:	4c3d      	ldr	r4, [pc, #244]	@ (100020e0 <irq_add_shared_handler+0x1dc>)
10001fea:	1bc9      	subs	r1, r1, r7
10001fec:	f3c1 014a 	ubfx	r1, r1, #1, #11
10001ff0:	4321      	orrs	r1, r4
10001ff2:	f8a8 1004 	strh.w	r1, [r8, #4]
10001ff6:	f3c3 034a 	ubfx	r3, r3, #1, #11
10001ffa:	493a      	ldr	r1, [pc, #232]	@ (100020e4 <irq_add_shared_handler+0x1e0>)
10001ffc:	4323      	orrs	r3, r4
10001ffe:	f8a8 3002 	strh.w	r3, [r8, #2]
10002002:	f64a 20aa 	movw	r0, #43690	@ 0xaaaa
10002006:	4673      	mov	r3, lr
10002008:	1b5b      	subs	r3, r3, r5
1000200a:	415b      	adcs	r3, r3
1000200c:	4358      	muls	r0, r3
1000200e:	0d00      	lsrs	r0, r0, #20
10002010:	f888 6007 	strb.w	r6, [r8, #7]
10002014:	f888 0006 	strb.w	r0, [r8, #6]
10002018:	f8c8 b008 	str.w	fp, [r8, #8]
1000201c:	f048 0001 	orr.w	r0, r8, #1
10002020:	f8ce 1000 	str.w	r1, [lr]
10002024:	e7bf      	b.n	10001fa6 <irq_add_shared_handler+0xa2>
10002026:	79d1      	ldrb	r1, [r2, #7]
10002028:	42b1      	cmp	r1, r6
1000202a:	d92e      	bls.n	1000208a <irq_add_shared_handler+0x186>
1000202c:	4696      	mov	lr, r2
1000202e:	f99e c006 	ldrsb.w	ip, [lr, #6]
10002032:	eb0c 024c 	add.w	r2, ip, ip, lsl #1
10002036:	f1bc 0f00 	cmp.w	ip, #0
1000203a:	eb05 0282 	add.w	r2, r5, r2, lsl #2
1000203e:	daf2      	bge.n	10002026 <irq_add_shared_handler+0x122>
10002040:	f64b 5101 	movw	r1, #48385	@ 0xbd01
10002044:	f10e 0204 	add.w	r2, lr, #4
10002048:	f1a8 0704 	sub.w	r7, r8, #4
1000204c:	1abf      	subs	r7, r7, r2
1000204e:	f3c7 074a 	ubfx	r7, r7, #1, #11
10002052:	ea6f 47c7 	mvn.w	r7, r7, lsl #19
10002056:	ea6f 47d7 	mvn.w	r7, r7, lsr #19
1000205a:	f88e 4006 	strb.w	r4, [lr, #6]
1000205e:	eb03 0804 	add.w	r8, r3, r4
10002062:	4c20      	ldr	r4, [pc, #128]	@ (100020e4 <irq_add_shared_handler+0x1e0>)
10002064:	eb05 0388 	add.w	r3, r5, r8, lsl #2
10002068:	f8ae 7004 	strh.w	r7, [lr, #4]
1000206c:	f845 4028 	str.w	r4, [r5, r8, lsl #2]
10002070:	8099      	strh	r1, [r3, #4]
10002072:	f883 c006 	strb.w	ip, [r3, #6]
10002076:	71de      	strb	r6, [r3, #7]
10002078:	f8c3 b008 	str.w	fp, [r3, #8]
1000207c:	e793      	b.n	10001fa6 <irq_add_shared_handler+0xa2>
1000207e:	f000 fbef 	bl	10002860 <hard_assertion_failure>
10002082:	4b12      	ldr	r3, [pc, #72]	@ (100020cc <irq_add_shared_handler+0x1c8>)
10002084:	f993 4000 	ldrsb.w	r4, [r3]
10002088:	e759      	b.n	10001f3e <irq_add_shared_handler+0x3a>
1000208a:	4672      	mov	r2, lr
1000208c:	f832 1f04 	ldrh.w	r1, [r2, #4]!
10002090:	0549      	lsls	r1, r1, #21
10002092:	d414      	bmi.n	100020be <irq_add_shared_handler+0x1ba>
10002094:	1549      	asrs	r1, r1, #21
10002096:	3102      	adds	r1, #2
10002098:	eb02 0141 	add.w	r1, r2, r1, lsl #1
1000209c:	9101      	str	r1, [sp, #4]
1000209e:	f06f 0107 	mvn.w	r1, #7
100020a2:	1bc9      	subs	r1, r1, r7
100020a4:	9f01      	ldr	r7, [sp, #4]
100020a6:	1b49      	subs	r1, r1, r5
100020a8:	4439      	add	r1, r7
100020aa:	f3c1 014a 	ubfx	r1, r1, #1, #11
100020ae:	f441 4160 	orr.w	r1, r1, #57344	@ 0xe000
100020b2:	e7c9      	b.n	10002048 <irq_add_shared_handler+0x144>
100020b4:	9301      	str	r3, [sp, #4]
100020b6:	f000 fbd3 	bl	10002860 <hard_assertion_failure>
100020ba:	9b01      	ldr	r3, [sp, #4]
100020bc:	e756      	b.n	10001f6c <irq_add_shared_handler+0x68>
100020be:	f501 11ff 	add.w	r1, r1, #2088960	@ 0x1fe000
100020c2:	f501 51ff 	add.w	r1, r1, #8160	@ 0x1fe0
100020c6:	311f      	adds	r1, #31
100020c8:	e7e4      	b.n	10002094 <irq_add_shared_handler+0x190>
100020ca:	bf00      	nop
100020cc:	20011259 	.word	0x20011259
100020d0:	20001460 	.word	0x20001460
100020d4:	e000ed00 	.word	0xe000ed00
100020d8:	1000011d 	.word	0x1000011d
100020dc:	20001490 	.word	0x20001490
100020e0:	ffffe000 	.word	0xffffe000
100020e4:	47804801 	.word	0x47804801
100020e8:	2001026d 	.word	0x2001026d

100020ec <irq_remove_handler>:
100020ec:	e92d 4ff0 	stmdb	sp!, {r4, r5, r6, r7, r8, r9, sl, fp, lr}
100020f0:	b083      	sub	sp, #12
100020f2:	f3ef 8a10 	mrs	sl, PRIMASK
100020f6:	b672      	cpsid	i
100020f8:	4e74      	ldr	r6, [pc, #464]	@ (100022cc <irq_remove_handler+0x1e0>)
100020fa:	e8d6 2fcf 	ldaexb	r2, [r6]
100020fe:	2301      	movs	r3, #1
10002100:	2a00      	cmp	r2, #0
10002102:	d1fa      	bne.n	100020fa <irq_remove_handler+0xe>
10002104:	e8c6 3f42 	strexb	r2, r3, [r6]
10002108:	2a00      	cmp	r2, #0
1000210a:	d1f6      	bne.n	100020fa <irq_remove_handler+0xe>
1000210c:	f3bf 8f5f 	dmb	sy
10002110:	4b6f      	ldr	r3, [pc, #444]	@ (100022d0 <irq_remove_handler+0x1e4>)
10002112:	f100 0810 	add.w	r8, r0, #16
10002116:	689b      	ldr	r3, [r3, #8]
10002118:	4a6e      	ldr	r2, [pc, #440]	@ (100022d4 <irq_remove_handler+0x1e8>)
1000211a:	f853 5028 	ldr.w	r5, [r3, r8, lsl #2]
1000211e:	4295      	cmp	r5, r2
10002120:	d03f      	beq.n	100021a2 <irq_remove_handler+0xb6>
10002122:	428d      	cmp	r5, r1
10002124:	460c      	mov	r4, r1
10002126:	d04a      	beq.n	100021be <irq_remove_handler+0xd2>
10002128:	4f6b      	ldr	r7, [pc, #428]	@ (100022d8 <irq_remove_handler+0x1ec>)
1000212a:	1beb      	subs	r3, r5, r7
1000212c:	2b2f      	cmp	r3, #47	@ 0x2f
1000212e:	d838      	bhi.n	100021a2 <irq_remove_handler+0xb6>
10002130:	2101      	movs	r1, #1
10002132:	ea4f 1950 	mov.w	r9, r0, lsr #5
10002136:	ea4f 0989 	mov.w	r9, r9, lsl #2
1000213a:	f109 4960 	add.w	r9, r9, #3758096384	@ 0xe0000000
1000213e:	f509 4961 	add.w	r9, r9, #57600	@ 0xe100
10002142:	f000 031f 	and.w	r3, r0, #31
10002146:	fa01 f003 	lsl.w	r0, r1, r3
1000214a:	f8d9 3000 	ldr.w	r3, [r9]
1000214e:	f8c9 0080 	str.w	r0, [r9, #128]	@ 0x80
10002152:	ea00 0b03 	and.w	fp, r0, r3
10002156:	f3bf 8f5f 	dmb	sy
1000215a:	f3ef 8105 	mrs	r1, IPSR
1000215e:	b2c9      	uxtb	r1, r1
10002160:	b379      	cbz	r1, 100021c2 <irq_remove_handler+0xd6>
10002162:	4588      	cmp	r8, r1
10002164:	d177      	bne.n	10002256 <irq_remove_handler+0x16a>
10002166:	f025 0e01 	bic.w	lr, r5, #1
1000216a:	f8de c008 	ldr.w	ip, [lr, #8]
1000216e:	4564      	cmp	r4, ip
10002170:	d105      	bne.n	1000217e <irq_remove_handler+0x92>
10002172:	e07c      	b.n	1000226e <irq_remove_handler+0x182>
10002174:	f8d3 c008 	ldr.w	ip, [r3, #8]
10002178:	4564      	cmp	r4, ip
1000217a:	d032      	beq.n	100021e2 <irq_remove_handler+0xf6>
1000217c:	469e      	mov	lr, r3
1000217e:	f99e 2006 	ldrsb.w	r2, [lr, #6]
10002182:	eb02 0342 	add.w	r3, r2, r2, lsl #1
10002186:	2a00      	cmp	r2, #0
10002188:	eb07 0383 	add.w	r3, r7, r3, lsl #2
1000218c:	daf2      	bge.n	10002174 <irq_remove_handler+0x88>
1000218e:	4564      	cmp	r4, ip
10002190:	f000 8081 	beq.w	10002296 <irq_remove_handler+0x1aa>
10002194:	f1bb 0f00 	cmp.w	fp, #0
10002198:	d020      	beq.n	100021dc <irq_remove_handler+0xf0>
1000219a:	f8c9 0180 	str.w	r0, [r9, #384]	@ 0x180
1000219e:	f8c9 0000 	str.w	r0, [r9]
100021a2:	4b4b      	ldr	r3, [pc, #300]	@ (100022d0 <irq_remove_handler+0x1e4>)
100021a4:	689b      	ldr	r3, [r3, #8]
100021a6:	f843 5028 	str.w	r5, [r3, r8, lsl #2]
100021aa:	f3bf 8f5f 	dmb	sy
100021ae:	2300      	movs	r3, #0
100021b0:	e8c6 3f8f 	stlb	r3, [r6]
100021b4:	f38a 8810 	msr	PRIMASK, sl
100021b8:	b003      	add	sp, #12
100021ba:	e8bd 8ff0 	ldmia.w	sp!, {r4, r5, r6, r7, r8, r9, sl, fp, pc}
100021be:	4615      	mov	r5, r2
100021c0:	e7ef      	b.n	100021a2 <irq_remove_handler+0xb6>
100021c2:	f025 0e01 	bic.w	lr, r5, #1
100021c6:	f8de c008 	ldr.w	ip, [lr, #8]
100021ca:	4564      	cmp	r4, ip
100021cc:	d1d7      	bne.n	1000217e <irq_remove_handler+0x92>
100021ce:	f99e 4006 	ldrsb.w	r4, [lr, #6]
100021d2:	4673      	mov	r3, lr
100021d4:	2c00      	cmp	r4, #0
100021d6:	da08      	bge.n	100021ea <irq_remove_handler+0xfe>
100021d8:	4615      	mov	r5, r2
100021da:	e066      	b.n	100022aa <irq_remove_handler+0x1be>
100021dc:	f8c9 0080 	str.w	r0, [r9, #128]	@ 0x80
100021e0:	e7df      	b.n	100021a2 <irq_remove_handler+0xb6>
100021e2:	f993 4006 	ldrsb.w	r4, [r3, #6]
100021e6:	2c00      	cmp	r4, #0
100021e8:	db56      	blt.n	10002298 <irq_remove_handler+0x1ac>
100021ea:	eb04 0c44 	add.w	ip, r4, r4, lsl #1
100021ee:	eb07 0c8c 	add.w	ip, r7, ip, lsl #2
100021f2:	f8dc 2008 	ldr.w	r2, [ip, #8]
100021f6:	0061      	lsls	r1, r4, #1
100021f8:	609a      	str	r2, [r3, #8]
100021fa:	f89c 2007 	ldrb.w	r2, [ip, #7]
100021fe:	71da      	strb	r2, [r3, #7]
10002200:	f99c 2006 	ldrsb.w	r2, [ip, #6]
10002204:	2a00      	cmp	r2, #0
10002206:	719a      	strb	r2, [r3, #6]
10002208:	db5d      	blt.n	100022c6 <irq_remove_handler+0x1da>
1000220a:	f8bc 2004 	ldrh.w	r2, [ip, #4]
1000220e:	0552      	lsls	r2, r2, #21
10002210:	d504      	bpl.n	1000221c <irq_remove_handler+0x130>
10002212:	f502 12ff 	add.w	r2, r2, #2088960	@ 0x1fe000
10002216:	f502 52ff 	add.w	r2, r2, #8160	@ 0x1fe0
1000221a:	321f      	adds	r2, #31
1000221c:	1552      	asrs	r2, r2, #21
1000221e:	f102 0c02 	add.w	ip, r2, #2
10002222:	f04f 0e04 	mov.w	lr, #4
10002226:	220c      	movs	r2, #12
10002228:	fb12 e204 	smlabb	r2, r2, r4, lr
1000222c:	eb02 024c 	add.w	r2, r2, ip, lsl #1
10002230:	f06f 0c07 	mvn.w	ip, #7
10002234:	443a      	add	r2, r7
10002236:	ebac 0c03 	sub.w	ip, ip, r3
1000223a:	4462      	add	r2, ip
1000223c:	f3c2 024a 	ubfx	r2, r2, #1, #11
10002240:	f442 4260 	orr.w	r2, r2, #57344	@ 0xe000
10002244:	809a      	strh	r2, [r3, #4]
10002246:	4b25      	ldr	r3, [pc, #148]	@ (100022dc <irq_remove_handler+0x1f0>)
10002248:	4421      	add	r1, r4
1000224a:	781a      	ldrb	r2, [r3, #0]
1000224c:	eb07 0181 	add.w	r1, r7, r1, lsl #2
10002250:	701c      	strb	r4, [r3, #0]
10002252:	718a      	strb	r2, [r1, #6]
10002254:	e79e      	b.n	10002194 <irq_remove_handler+0xa8>
10002256:	e9cd 0100 	strd	r0, r1, [sp]
1000225a:	f000 fb01 	bl	10002860 <hard_assertion_failure>
1000225e:	e9dd 0100 	ldrd	r0, r1, [sp]
10002262:	f025 0e01 	bic.w	lr, r5, #1
10002266:	f8de c008 	ldr.w	ip, [lr, #8]
1000226a:	4564      	cmp	r4, ip
1000226c:	d187      	bne.n	1000217e <irq_remove_handler+0x92>
1000226e:	f99e 4006 	ldrsb.w	r4, [lr, #6]
10002272:	4673      	mov	r3, lr
10002274:	2c00      	cmp	r4, #0
10002276:	dab8      	bge.n	100021ea <irq_remove_handler+0xfe>
10002278:	4a19      	ldr	r2, [pc, #100]	@ (100022e0 <irq_remove_handler+0x1f4>)
1000227a:	4c1a      	ldr	r4, [pc, #104]	@ (100022e4 <irq_remove_handler+0x1f8>)
1000227c:	1ad2      	subs	r2, r2, r3
1000227e:	3a08      	subs	r2, #8
10002280:	f3c2 310a 	ubfx	r1, r2, #12, #11
10002284:	ea6f 5101 	mvn.w	r1, r1, lsl #20
10002288:	ea6f 5111 	mvn.w	r1, r1, lsr #20
1000228c:	ea44 0252 	orr.w	r2, r4, r2, lsr #1
10002290:	80da      	strh	r2, [r3, #6]
10002292:	8099      	strh	r1, [r3, #4]
10002294:	e77e      	b.n	10002194 <irq_remove_handler+0xa8>
10002296:	4673      	mov	r3, lr
10002298:	2900      	cmp	r1, #0
1000229a:	d1ed      	bne.n	10002278 <irq_remove_handler+0x18c>
1000229c:	22ff      	movs	r2, #255	@ 0xff
1000229e:	f88e 2006 	strb.w	r2, [lr, #6]
100022a2:	f64b 5201 	movw	r2, #48385	@ 0xbd01
100022a6:	f8ae 2004 	strh.w	r2, [lr, #4]
100022aa:	4c0c      	ldr	r4, [pc, #48]	@ (100022dc <irq_remove_handler+0x1f0>)
100022ac:	f64a 22aa 	movw	r2, #43690	@ 0xaaaa
100022b0:	f894 c000 	ldrb.w	ip, [r4]
100022b4:	4619      	mov	r1, r3
100022b6:	1bc9      	subs	r1, r1, r7
100022b8:	4149      	adcs	r1, r1
100022ba:	434a      	muls	r2, r1
100022bc:	0d12      	lsrs	r2, r2, #20
100022be:	f883 c006 	strb.w	ip, [r3, #6]
100022c2:	7022      	strb	r2, [r4, #0]
100022c4:	e766      	b.n	10002194 <irq_remove_handler+0xa8>
100022c6:	f64b 5201 	movw	r2, #48385	@ 0xbd01
100022ca:	e7bb      	b.n	10002244 <irq_remove_handler+0x158>
100022cc:	2001026d 	.word	0x2001026d
100022d0:	e000ed00 	.word	0xe000ed00
100022d4:	1000011d 	.word	0x1000011d
100022d8:	20001460 	.word	0x20001460
100022dc:	20011259 	.word	0x20011259
100022e0:	2000149a 	.word	0x2000149a
100022e4:	fffff800 	.word	0xfffff800

100022e8 <irq_add_tail_to_free_list>:
100022e8:	b5f0      	push	{r4, r5, r6, r7, lr}
100022ea:	f3ef 8505 	mrs	r5, IPSR
100022ee:	b2ed      	uxtb	r5, r5
100022f0:	f3ef 8c10 	mrs	ip, PRIMASK
100022f4:	b672      	cpsid	i
100022f6:	4926      	ldr	r1, [pc, #152]	@ (10002390 <irq_add_tail_to_free_list+0xa8>)
100022f8:	e8d1 2fcf 	ldaexb	r2, [r1]
100022fc:	2301      	movs	r3, #1
100022fe:	2a00      	cmp	r2, #0
10002300:	d1fa      	bne.n	100022f8 <irq_add_tail_to_free_list+0x10>
10002302:	e8c1 3f42 	strexb	r2, r3, [r1]
10002306:	2a00      	cmp	r2, #0
10002308:	d1f6      	bne.n	100022f8 <irq_add_tail_to_free_list+0x10>
1000230a:	f3bf 8f5f 	dmb	sy
1000230e:	4e21      	ldr	r6, [pc, #132]	@ (10002394 <irq_add_tail_to_free_list+0xac>)
10002310:	f040 0e01 	orr.w	lr, r0, #1
10002314:	68b4      	ldr	r4, [r6, #8]
10002316:	f64a 23aa 	movw	r3, #43690	@ 0xaaaa
1000231a:	f854 7025 	ldr.w	r7, [r4, r5, lsl #2]
1000231e:	4a1e      	ldr	r2, [pc, #120]	@ (10002398 <irq_add_tail_to_free_list+0xb0>)
10002320:	4604      	mov	r4, r0
10002322:	1aa4      	subs	r4, r4, r2
10002324:	4164      	adcs	r4, r4
10002326:	4363      	muls	r3, r4
10002328:	0d1b      	lsrs	r3, r3, #20
1000232a:	4577      	cmp	r7, lr
1000232c:	b25b      	sxtb	r3, r3
1000232e:	d01b      	beq.n	10002368 <irq_add_tail_to_free_list+0x80>
10002330:	f992 4006 	ldrsb.w	r4, [r2, #6]
10002334:	429c      	cmp	r4, r3
10002336:	d01c      	beq.n	10002372 <irq_add_tail_to_free_list+0x8a>
10002338:	f992 4012 	ldrsb.w	r4, [r2, #18]
1000233c:	429c      	cmp	r4, r3
1000233e:	d023      	beq.n	10002388 <irq_add_tail_to_free_list+0xa0>
10002340:	f992 401e 	ldrsb.w	r4, [r2, #30]
10002344:	429c      	cmp	r4, r3
10002346:	d021      	beq.n	1000238c <irq_add_tail_to_free_list+0xa4>
10002348:	f992 402a 	ldrsb.w	r4, [r2, #42]	@ 0x2a
1000234c:	429c      	cmp	r4, r3
1000234e:	bf08      	it	eq
10002350:	2403      	moveq	r4, #3
10002352:	d00f      	beq.n	10002374 <irq_add_tail_to_free_list+0x8c>
10002354:	4a11      	ldr	r2, [pc, #68]	@ (1000239c <irq_add_tail_to_free_list+0xb4>)
10002356:	2400      	movs	r4, #0
10002358:	7815      	ldrb	r5, [r2, #0]
1000235a:	7013      	strb	r3, [r2, #0]
1000235c:	7185      	strb	r5, [r0, #6]
1000235e:	e8c1 4f8f 	stlb	r4, [r1]
10002362:	f38c 8810 	msr	PRIMASK, ip
10002366:	bdf0      	pop	{r4, r5, r6, r7, pc}
10002368:	68b2      	ldr	r2, [r6, #8]
1000236a:	4c0d      	ldr	r4, [pc, #52]	@ (100023a0 <irq_add_tail_to_free_list+0xb8>)
1000236c:	f842 4025 	str.w	r4, [r2, r5, lsl #2]
10002370:	e7f0      	b.n	10002354 <irq_add_tail_to_free_list+0x6c>
10002372:	2400      	movs	r4, #0
10002374:	eb04 0444 	add.w	r4, r4, r4, lsl #1
10002378:	eb02 0284 	add.w	r2, r2, r4, lsl #2
1000237c:	24ff      	movs	r4, #255	@ 0xff
1000237e:	7194      	strb	r4, [r2, #6]
10002380:	f64b 5401 	movw	r4, #48385	@ 0xbd01
10002384:	8094      	strh	r4, [r2, #4]
10002386:	e7e5      	b.n	10002354 <irq_add_tail_to_free_list+0x6c>
10002388:	2401      	movs	r4, #1
1000238a:	e7f3      	b.n	10002374 <irq_add_tail_to_free_list+0x8c>
1000238c:	2402      	movs	r4, #2
1000238e:	e7f1      	b.n	10002374 <irq_add_tail_to_free_list+0x8c>
10002390:	2001026d 	.word	0x2001026d
10002394:	e000ed00 	.word	0xe000ed00
10002398:	20001460 	.word	0x20001460
1000239c:	20011259 	.word	0x20011259
100023a0:	1000011d 	.word	0x1000011d

100023a4 <gpio_set_function>:
100023a4:	b410      	push	{r4}
100023a6:	f44f 7480 	mov.w	r4, #256	@ 0x100
100023aa:	4b0c      	ldr	r3, [pc, #48]	@ (100023dc <gpio_set_function+0x38>)
100023ac:	f853 2020 	ldr.w	r2, [r3, r0, lsl #2]
100023b0:	eb03 0380 	add.w	r3, r3, r0, lsl #2
100023b4:	00c0      	lsls	r0, r0, #3
100023b6:	f082 0240 	eor.w	r2, r2, #64	@ 0x40
100023ba:	f100 4080 	add.w	r0, r0, #1073741824	@ 0x40000000
100023be:	f503 5c80 	add.w	ip, r3, #4096	@ 0x1000
100023c2:	f002 02c0 	and.w	r2, r2, #192	@ 0xc0
100023c6:	f500 3020 	add.w	r0, r0, #163840	@ 0x28000
100023ca:	f503 5340 	add.w	r3, r3, #12288	@ 0x3000
100023ce:	f8cc 2000 	str.w	r2, [ip]
100023d2:	6041      	str	r1, [r0, #4]
100023d4:	601c      	str	r4, [r3, #0]
100023d6:	f85d 4b04 	ldr.w	r4, [sp], #4
100023da:	4770      	bx	lr
100023dc:	40038004 	.word	0x40038004

100023e0 <gpio_set_pulls>:
100023e0:	b410      	push	{r4}
100023e2:	4c08      	ldr	r4, [pc, #32]	@ (10002404 <gpio_set_pulls+0x24>)
100023e4:	00c9      	lsls	r1, r1, #3
100023e6:	ea41 0182 	orr.w	r1, r1, r2, lsl #2
100023ea:	f854 2020 	ldr.w	r2, [r4, r0, lsl #2]
100023ee:	eb04 0380 	add.w	r3, r4, r0, lsl #2
100023f2:	4051      	eors	r1, r2
100023f4:	f503 5380 	add.w	r3, r3, #4096	@ 0x1000
100023f8:	f001 010c 	and.w	r1, r1, #12
100023fc:	f85d 4b04 	ldr.w	r4, [sp], #4
10002400:	6019      	str	r1, [r3, #0]
10002402:	4770      	bx	lr
10002404:	40038004 	.word	0x40038004

10002408 <gpio_init>:
10002408:	b430      	push	{r4, r5}
1000240a:	f04f 0300 	mov.w	r3, #0
1000240e:	ec43 0044 	gpioc_bit_oe_put r0, r3
10002412:	ec43 0040 	gpioc_bit_out_put r0, r3
10002416:	2505      	movs	r5, #5
10002418:	f44f 7480 	mov.w	r4, #256	@ 0x100
1000241c:	4b0b      	ldr	r3, [pc, #44]	@ (1000244c <gpio_init+0x44>)
1000241e:	00c2      	lsls	r2, r0, #3
10002420:	f853 1020 	ldr.w	r1, [r3, r0, lsl #2]
10002424:	eb03 0080 	add.w	r0, r3, r0, lsl #2
10002428:	f081 0140 	eor.w	r1, r1, #64	@ 0x40
1000242c:	f102 4380 	add.w	r3, r2, #1073741824	@ 0x40000000
10002430:	f503 3320 	add.w	r3, r3, #163840	@ 0x28000
10002434:	f001 02c0 	and.w	r2, r1, #192	@ 0xc0
10002438:	f500 5180 	add.w	r1, r0, #4096	@ 0x1000
1000243c:	f500 5040 	add.w	r0, r0, #12288	@ 0x3000
10002440:	600a      	str	r2, [r1, #0]
10002442:	605d      	str	r5, [r3, #4]
10002444:	6004      	str	r4, [r0, #0]
10002446:	bc30      	pop	{r4, r5}
10002448:	4770      	bx	lr
1000244a:	bf00      	nop
1000244c:	40038004 	.word	0x40038004

10002450 <uart_init>:
10002450:	b5f8      	push	{r3, r4, r5, r6, r7, lr}
10002452:	4605      	mov	r5, r0
10002454:	2006      	movs	r0, #6
10002456:	460e      	mov	r6, r1
10002458:	f000 f96a 	bl	10002730 <clock_get_hz>
1000245c:	2800      	cmp	r0, #0
1000245e:	d042      	beq.n	100024e6 <uart_init+0x96>
10002460:	4a35      	ldr	r2, [pc, #212]	@ (10002538 <uart_init+0xe8>)
10002462:	4836      	ldr	r0, [pc, #216]	@ (1000253c <uart_init+0xec>)
10002464:	4295      	cmp	r5, r2
10002466:	bf14      	ite	ne
10002468:	f04f 6280 	movne.w	r2, #67108864	@ 0x4000000
1000246c:	f04f 6200 	moveq.w	r2, #134217728	@ 0x8000000
10002470:	4b33      	ldr	r3, [pc, #204]	@ (10002540 <uart_init+0xf0>)
10002472:	4934      	ldr	r1, [pc, #208]	@ (10002544 <uart_init+0xf4>)
10002474:	6002      	str	r2, [r0, #0]
10002476:	601a      	str	r2, [r3, #0]
10002478:	688c      	ldr	r4, [r1, #8]
1000247a:	ea32 0404 	bics.w	r4, r2, r4
1000247e:	d1fb      	bne.n	10002478 <uart_init+0x28>
10002480:	4b2d      	ldr	r3, [pc, #180]	@ (10002538 <uart_init+0xe8>)
10002482:	f44f 7180 	mov.w	r1, #256	@ 0x100
10002486:	1aeb      	subs	r3, r5, r3
10002488:	fab3 f383 	clz	r3, r3
1000248c:	4a2e      	ldr	r2, [pc, #184]	@ (10002548 <uart_init+0xf8>)
1000248e:	095b      	lsrs	r3, r3, #5
10002490:	2006      	movs	r0, #6
10002492:	f822 1013 	strh.w	r1, [r2, r3, lsl #1]
10002496:	f000 f94b 	bl	10002730 <clock_get_hz>
1000249a:	00c3      	lsls	r3, r0, #3
1000249c:	fbb3 f3f6 	udiv	r3, r3, r6
100024a0:	3301      	adds	r3, #1
100024a2:	09da      	lsrs	r2, r3, #7
100024a4:	d120      	bne.n	100024e8 <uart_init+0x98>
100024a6:	2640      	movs	r6, #64	@ 0x40
100024a8:	2101      	movs	r1, #1
100024aa:	6269      	str	r1, [r5, #36]	@ 0x24
100024ac:	62aa      	str	r2, [r5, #40]	@ 0x28
100024ae:	6b2f      	ldr	r7, [r5, #48]	@ 0x30
100024b0:	07fb      	lsls	r3, r7, #31
100024b2:	d422      	bmi.n	100024fa <uart_init+0xaa>
100024b4:	462b      	mov	r3, r5
100024b6:	2200      	movs	r2, #0
100024b8:	f853 1f2c 	ldr.w	r1, [r3, #44]!
100024bc:	2006      	movs	r0, #6
100024be:	f503 5480 	add.w	r4, r3, #4096	@ 0x1000
100024c2:	6022      	str	r2, [r4, #0]
100024c4:	632f      	str	r7, [r5, #48]	@ 0x30
100024c6:	f000 f933 	bl	10002730 <clock_get_hz>
100024ca:	f240 3101 	movw	r1, #769	@ 0x301
100024ce:	2203      	movs	r2, #3
100024d0:	0080      	lsls	r0, r0, #2
100024d2:	fbb0 f0f6 	udiv	r0, r0, r6
100024d6:	6aeb      	ldr	r3, [r5, #44]	@ 0x2c
100024d8:	f083 0370 	eor.w	r3, r3, #112	@ 0x70
100024dc:	f003 037e 	and.w	r3, r3, #126	@ 0x7e
100024e0:	6023      	str	r3, [r4, #0]
100024e2:	6329      	str	r1, [r5, #48]	@ 0x30
100024e4:	64aa      	str	r2, [r5, #72]	@ 0x48
100024e6:	bdf8      	pop	{r3, r4, r5, r6, r7, pc}
100024e8:	f64f 71fe 	movw	r1, #65534	@ 0xfffe
100024ec:	428a      	cmp	r2, r1
100024ee:	d91b      	bls.n	10002528 <uart_init+0xd8>
100024f0:	4622      	mov	r2, r4
100024f2:	f64f 71ff 	movw	r1, #65535	@ 0xffff
100024f6:	4e15      	ldr	r6, [pc, #84]	@ (1000254c <uart_init+0xfc>)
100024f8:	e7d7      	b.n	100024aa <uart_init+0x5a>
100024fa:	f240 3201 	movw	r2, #769	@ 0x301
100024fe:	f505 5340 	add.w	r3, r5, #12288	@ 0x3000
10002502:	631a      	str	r2, [r3, #48]	@ 0x30
10002504:	6a6b      	ldr	r3, [r5, #36]	@ 0x24
10002506:	6aac      	ldr	r4, [r5, #40]	@ 0x28
10002508:	2006      	movs	r0, #6
1000250a:	eb04 1483 	add.w	r4, r4, r3, lsl #6
1000250e:	f000 f90f 	bl	10002730 <clock_get_hz>
10002512:	4b0f      	ldr	r3, [pc, #60]	@ (10002550 <uart_init+0x100>)
10002514:	02a4      	lsls	r4, r4, #10
10002516:	fba3 2300 	umull	r2, r3, r3, r0
1000251a:	0adb      	lsrs	r3, r3, #11
1000251c:	2100      	movs	r1, #0
1000251e:	fbb4 f0f3 	udiv	r0, r4, r3
10002522:	f7ff fb69 	bl	10001bf8 <busy_wait_us>
10002526:	e7c5      	b.n	100024b4 <uart_init+0x64>
10002528:	f3c3 0345 	ubfx	r3, r3, #1, #6
1000252c:	4611      	mov	r1, r2
1000252e:	eb03 1682 	add.w	r6, r3, r2, lsl #6
10002532:	461a      	mov	r2, r3
10002534:	e7b9      	b.n	100024aa <uart_init+0x5a>
10002536:	bf00      	nop
10002538:	40078000 	.word	0x40078000
1000253c:	40022000 	.word	0x40022000
10002540:	40023000 	.word	0x40023000
10002544:	40020000 	.word	0x40020000
10002548:	20011248 	.word	0x20011248
1000254c:	003fffc0 	.word	0x003fffc0
10002550:	8f2b7b75 	.word	0x8f2b7b75

10002554 <uart_set_baudrate>:
10002554:	b5f8      	push	{r3, r4, r5, r6, r7, lr}
10002556:	4604      	mov	r4, r0
10002558:	2006      	movs	r0, #6
1000255a:	460d      	mov	r5, r1
1000255c:	f000 f8e8 	bl	10002730 <clock_get_hz>
10002560:	00c3      	lsls	r3, r0, #3
10002562:	fbb3 f3f5 	udiv	r3, r3, r5
10002566:	3301      	adds	r3, #1
10002568:	09da      	lsrs	r2, r3, #7
1000256a:	d008      	beq.n	1000257e <uart_set_baudrate+0x2a>
1000256c:	f64f 71fe 	movw	r1, #65534	@ 0xfffe
10002570:	428a      	cmp	r2, r1
10002572:	d91a      	bls.n	100025aa <uart_set_baudrate+0x56>
10002574:	2200      	movs	r2, #0
10002576:	f64f 71ff 	movw	r1, #65535	@ 0xffff
1000257a:	4d1b      	ldr	r5, [pc, #108]	@ (100025e8 <uart_set_baudrate+0x94>)
1000257c:	e001      	b.n	10002582 <uart_set_baudrate+0x2e>
1000257e:	2540      	movs	r5, #64	@ 0x40
10002580:	2101      	movs	r1, #1
10002582:	6261      	str	r1, [r4, #36]	@ 0x24
10002584:	62a2      	str	r2, [r4, #40]	@ 0x28
10002586:	6b26      	ldr	r6, [r4, #48]	@ 0x30
10002588:	07f3      	lsls	r3, r6, #31
1000258a:	d415      	bmi.n	100025b8 <uart_set_baudrate+0x64>
1000258c:	4623      	mov	r3, r4
1000258e:	2200      	movs	r2, #0
10002590:	f853 1f2c 	ldr.w	r1, [r3, #44]!
10002594:	2006      	movs	r0, #6
10002596:	f503 5380 	add.w	r3, r3, #4096	@ 0x1000
1000259a:	601a      	str	r2, [r3, #0]
1000259c:	6326      	str	r6, [r4, #48]	@ 0x30
1000259e:	f000 f8c7 	bl	10002730 <clock_get_hz>
100025a2:	0080      	lsls	r0, r0, #2
100025a4:	fbb0 f0f5 	udiv	r0, r0, r5
100025a8:	bdf8      	pop	{r3, r4, r5, r6, r7, pc}
100025aa:	f3c3 0345 	ubfx	r3, r3, #1, #6
100025ae:	4611      	mov	r1, r2
100025b0:	eb03 1582 	add.w	r5, r3, r2, lsl #6
100025b4:	461a      	mov	r2, r3
100025b6:	e7e4      	b.n	10002582 <uart_set_baudrate+0x2e>
100025b8:	f240 3201 	movw	r2, #769	@ 0x301
100025bc:	f504 5340 	add.w	r3, r4, #12288	@ 0x3000
100025c0:	631a      	str	r2, [r3, #48]	@ 0x30
100025c2:	6a63      	ldr	r3, [r4, #36]	@ 0x24
100025c4:	6aa7      	ldr	r7, [r4, #40]	@ 0x28
100025c6:	2006      	movs	r0, #6
100025c8:	eb07 1783 	add.w	r7, r7, r3, lsl #6
100025cc:	f000 f8b0 	bl	10002730 <clock_get_hz>
100025d0:	4b06      	ldr	r3, [pc, #24]	@ (100025ec <uart_set_baudrate+0x98>)
100025d2:	02bf      	lsls	r7, r7, #10
100025d4:	fba3 3000 	umull	r3, r0, r3, r0
100025d8:	0ac0      	lsrs	r0, r0, #11
100025da:	2100      	movs	r1, #0
100025dc:	fbb7 f0f0 	udiv	r0, r7, r0
100025e0:	f7ff fb0a 	bl	10001bf8 <busy_wait_us>
100025e4:	e7d2      	b.n	1000258c <uart_set_baudrate+0x38>
100025e6:	bf00      	nop
100025e8:	003fffc0 	.word	0x003fffc0
100025ec:	8f2b7b75 	.word	0x8f2b7b75

100025f0 <uart_set_format>:
100025f0:	3a01      	subs	r2, #1
100025f2:	3905      	subs	r1, #5
100025f4:	00d2      	lsls	r2, r2, #3
100025f6:	b5f8      	push	{r3, r4, r5, r6, r7, lr}
100025f8:	4605      	mov	r5, r0
100025fa:	ea42 1441 	orr.w	r4, r2, r1, lsl #5
100025fe:	b143      	cbz	r3, 10002612 <uart_set_format+0x22>
10002600:	f1a3 0301 	sub.w	r3, r3, #1
10002604:	fab3 f383 	clz	r3, r3
10002608:	095b      	lsrs	r3, r3, #5
1000260a:	ea44 0383 	orr.w	r3, r4, r3, lsl #2
1000260e:	f043 0402 	orr.w	r4, r3, #2
10002612:	6b2e      	ldr	r6, [r5, #48]	@ 0x30
10002614:	07f3      	lsls	r3, r6, #31
10002616:	d40a      	bmi.n	1000262e <uart_set_format+0x3e>
10002618:	462b      	mov	r3, r5
1000261a:	f853 2f2c 	ldr.w	r2, [r3, #44]!
1000261e:	4062      	eors	r2, r4
10002620:	f002 026e 	and.w	r2, r2, #110	@ 0x6e
10002624:	f503 5380 	add.w	r3, r3, #4096	@ 0x1000
10002628:	601a      	str	r2, [r3, #0]
1000262a:	632e      	str	r6, [r5, #48]	@ 0x30
1000262c:	bdf8      	pop	{r3, r4, r5, r6, r7, pc}
1000262e:	f240 3201 	movw	r2, #769	@ 0x301
10002632:	f505 5340 	add.w	r3, r5, #12288	@ 0x3000
10002636:	631a      	str	r2, [r3, #48]	@ 0x30
10002638:	6a6b      	ldr	r3, [r5, #36]	@ 0x24
1000263a:	6aaf      	ldr	r7, [r5, #40]	@ 0x28
1000263c:	2006      	movs	r0, #6
1000263e:	eb07 1783 	add.w	r7, r7, r3, lsl #6
10002642:	f000 f875 	bl	10002730 <clock_get_hz>
10002646:	4b05      	ldr	r3, [pc, #20]	@ (1000265c <uart_set_format+0x6c>)
10002648:	02bf      	lsls	r7, r7, #10
1000264a:	fba3 3000 	umull	r3, r0, r3, r0
1000264e:	0ac0      	lsrs	r0, r0, #11
10002650:	2100      	movs	r1, #0
10002652:	fbb7 f0f0 	udiv	r0, r7, r0
10002656:	f7ff facf 	bl	10001bf8 <busy_wait_us>
1000265a:	e7dd      	b.n	10002618 <uart_set_format+0x28>
1000265c:	8f2b7b75 	.word	0x8f2b7b75

10002660 <clock_configure_undivided>:
10002660:	eb00 0c40 	add.w	ip, r0, r0, lsl #1
10002664:	ea4f 0c8c 	mov.w	ip, ip, lsl #2
10002668:	f10c 4c80 	add.w	ip, ip, #1073741824	@ 0x40000000
1000266c:	f50c 3c80 	add.w	ip, ip, #65536	@ 0x10000
10002670:	b5f0      	push	{r4, r5, r6, r7, lr}
10002672:	4616      	mov	r6, r2
10002674:	f8dc 2004 	ldr.w	r2, [ip, #4]
10002678:	1f05      	subs	r5, r0, #4
1000267a:	f5b2 3f80 	cmp.w	r2, #65536	@ 0x10000
1000267e:	bf38      	it	cc
10002680:	f44f 3280 	movcc.w	r2, #65536	@ 0x10000
10002684:	b2ed      	uxtb	r5, r5
10002686:	bf38      	it	cc
10002688:	f8cc 2004 	strcc.w	r2, [ip, #4]
1000268c:	2d01      	cmp	r5, #1
1000268e:	d92a      	bls.n	100026e6 <clock_configure_undivided+0x86>
10002690:	f44f 6700 	mov.w	r7, #2048	@ 0x800
10002694:	4c25      	ldr	r4, [pc, #148]	@ (1000272c <clock_configure_undivided+0xcc>)
10002696:	f50c 5240 	add.w	r2, ip, #12288	@ 0x3000
1000269a:	6017      	str	r7, [r2, #0]
1000269c:	f854 2020 	ldr.w	r2, [r4, r0, lsl #2]
100026a0:	b9b2      	cbnz	r2, 100026d0 <clock_configure_undivided+0x70>
100026a2:	f8dc 2000 	ldr.w	r2, [ip]
100026a6:	2d01      	cmp	r5, #1
100026a8:	ea82 1246 	eor.w	r2, r2, r6, lsl #5
100026ac:	f002 02e0 	and.w	r2, r2, #224	@ 0xe0
100026b0:	f50c 5680 	add.w	r6, ip, #4096	@ 0x1000
100026b4:	6032      	str	r2, [r6, #0]
100026b6:	d92a      	bls.n	1000270e <clock_configure_undivided+0xae>
100026b8:	f44f 6100 	mov.w	r1, #2048	@ 0x800
100026bc:	f844 3020 	str.w	r3, [r4, r0, lsl #2]
100026c0:	f44f 3380 	mov.w	r3, #65536	@ 0x10000
100026c4:	f50c 5200 	add.w	r2, ip, #8192	@ 0x2000
100026c8:	6011      	str	r1, [r2, #0]
100026ca:	f8cc 3004 	str.w	r3, [ip, #4]
100026ce:	bdf0      	pop	{r4, r5, r6, r7, pc}
100026d0:	6967      	ldr	r7, [r4, #20]
100026d2:	fbb7 fef2 	udiv	lr, r7, r2
100026d6:	f10e 0e01 	add.w	lr, lr, #1
100026da:	eb0e 0e4e 	add.w	lr, lr, lr, lsl #1
100026de:	f1be 0e03 	subs.w	lr, lr, #3
100026e2:	d2fc      	bcs.n	100026de <clock_configure_undivided+0x7e>
100026e4:	e7dd      	b.n	100026a2 <clock_configure_undivided+0x42>
100026e6:	2901      	cmp	r1, #1
100026e8:	d1d2      	bne.n	10002690 <clock_configure_undivided+0x30>
100026ea:	2403      	movs	r4, #3
100026ec:	f50c 5240 	add.w	r2, ip, #12288	@ 0x3000
100026f0:	6014      	str	r4, [r2, #0]
100026f2:	f8dc 2008 	ldr.w	r2, [ip, #8]
100026f6:	07d2      	lsls	r2, r2, #31
100026f8:	d5fb      	bpl.n	100026f2 <clock_configure_undivided+0x92>
100026fa:	f8dc 2000 	ldr.w	r2, [ip]
100026fe:	4c0b      	ldr	r4, [pc, #44]	@ (1000272c <clock_configure_undivided+0xcc>)
10002700:	ea82 1246 	eor.w	r2, r2, r6, lsl #5
10002704:	f002 02e0 	and.w	r2, r2, #224	@ 0xe0
10002708:	f50c 5680 	add.w	r6, ip, #4096	@ 0x1000
1000270c:	6032      	str	r2, [r6, #0]
1000270e:	2201      	movs	r2, #1
10002710:	f8dc 5000 	ldr.w	r5, [ip]
10002714:	404d      	eors	r5, r1
10002716:	f005 0503 	and.w	r5, r5, #3
1000271a:	6035      	str	r5, [r6, #0]
1000271c:	fa02 f101 	lsl.w	r1, r2, r1
10002720:	f8dc 2008 	ldr.w	r2, [ip, #8]
10002724:	420a      	tst	r2, r1
10002726:	d0fb      	beq.n	10002720 <clock_configure_undivided+0xc0>
10002728:	e7c6      	b.n	100026b8 <clock_configure_undivided+0x58>
1000272a:	bf00      	nop
1000272c:	20010990 	.word	0x20010990

10002730 <clock_get_hz>:
10002730:	4b01      	ldr	r3, [pc, #4]	@ (10002738 <clock_get_hz+0x8>)
10002732:	f853 0020 	ldr.w	r0, [r3, r0, lsl #2]
10002736:	4770      	bx	lr
10002738:	20010990 	.word	0x20010990

1000273c <pll_init>:
1000273c:	b470      	push	{r4, r5, r6}
1000273e:	9d03      	ldr	r5, [sp, #12]
10002740:	6804      	ldr	r4, [r0, #0]
10002742:	032d      	lsls	r5, r5, #12
10002744:	ea45 4503 	orr.w	r5, r5, r3, lsl #16
10002748:	4b1b      	ldr	r3, [pc, #108]	@ (100027b8 <pll_init+0x7c>)
1000274a:	2c00      	cmp	r4, #0
1000274c:	fbb3 f3f1 	udiv	r3, r3, r1
10002750:	fbb2 f6f3 	udiv	r6, r2, r3
10002754:	db1f      	blt.n	10002796 <pll_init+0x5a>
10002756:	4a19      	ldr	r2, [pc, #100]	@ (100027bc <pll_init+0x80>)
10002758:	4b19      	ldr	r3, [pc, #100]	@ (100027c0 <pll_init+0x84>)
1000275a:	4290      	cmp	r0, r2
1000275c:	bf14      	ite	ne
1000275e:	f44f 4280 	movne.w	r2, #16384	@ 0x4000
10002762:	f44f 4200 	moveq.w	r2, #32768	@ 0x8000
10002766:	4c17      	ldr	r4, [pc, #92]	@ (100027c4 <pll_init+0x88>)
10002768:	601a      	str	r2, [r3, #0]
1000276a:	f503 5380 	add.w	r3, r3, #4096	@ 0x1000
1000276e:	601a      	str	r2, [r3, #0]
10002770:	68a3      	ldr	r3, [r4, #8]
10002772:	ea32 0303 	bics.w	r3, r2, r3
10002776:	d1fb      	bne.n	10002770 <pll_init+0x34>
10002778:	2221      	movs	r2, #33	@ 0x21
1000277a:	f500 5340 	add.w	r3, r0, #12288	@ 0x3000
1000277e:	3304      	adds	r3, #4
10002780:	6001      	str	r1, [r0, #0]
10002782:	6086      	str	r6, [r0, #8]
10002784:	601a      	str	r2, [r3, #0]
10002786:	6802      	ldr	r2, [r0, #0]
10002788:	2a00      	cmp	r2, #0
1000278a:	dafc      	bge.n	10002786 <pll_init+0x4a>
1000278c:	2208      	movs	r2, #8
1000278e:	60c5      	str	r5, [r0, #12]
10002790:	601a      	str	r2, [r3, #0]
10002792:	bc70      	pop	{r4, r5, r6}
10002794:	4770      	bx	lr
10002796:	6803      	ldr	r3, [r0, #0]
10002798:	f003 033f 	and.w	r3, r3, #63	@ 0x3f
1000279c:	428b      	cmp	r3, r1
1000279e:	d1da      	bne.n	10002756 <pll_init+0x1a>
100027a0:	6883      	ldr	r3, [r0, #8]
100027a2:	f3c3 030b 	ubfx	r3, r3, #0, #12
100027a6:	42b3      	cmp	r3, r6
100027a8:	d1d5      	bne.n	10002756 <pll_init+0x1a>
100027aa:	68c3      	ldr	r3, [r0, #12]
100027ac:	f403 23ee 	and.w	r3, r3, #487424	@ 0x77000
100027b0:	42ab      	cmp	r3, r5
100027b2:	d1d0      	bne.n	10002756 <pll_init+0x1a>
100027b4:	e7ed      	b.n	10002792 <pll_init+0x56>
100027b6:	bf00      	nop
100027b8:	00b71b00 	.word	0x00b71b00
100027bc:	40058000 	.word	0x40058000
100027c0:	40022000 	.word	0x40022000
100027c4:	40020000 	.word	0x40020000

100027c8 <tick_start>:
100027c8:	2301      	movs	r3, #1
100027ca:	eb00 0040 	add.w	r0, r0, r0, lsl #1
100027ce:	0080      	lsls	r0, r0, #2
100027d0:	f100 4080 	add.w	r0, r0, #1073741824	@ 0x40000000
100027d4:	f500 1084 	add.w	r0, r0, #1081344	@ 0x108000
100027d8:	6041      	str	r1, [r0, #4]
100027da:	6003      	str	r3, [r0, #0]
100027dc:	4770      	bx	lr
100027de:	bf00      	nop

100027e0 <rom_func_lookup>:
100027e0:	2300      	movs	r3, #0
100027e2:	8adb      	ldrh	r3, [r3, #22]
100027e4:	2200      	movs	r2, #0
100027e6:	e842 f200 	tt	r2, r2
100027ea:	0252      	lsls	r2, r2, #9
100027ec:	d401      	bmi.n	100027f2 <rom_func_lookup+0x12>
100027ee:	2110      	movs	r1, #16
100027f0:	4718      	bx	r3
100027f2:	2104      	movs	r1, #4
100027f4:	4718      	bx	r3
100027f6:	bf00      	nop

100027f8 <rom_data_lookup>:
100027f8:	2300      	movs	r3, #0
100027fa:	2140      	movs	r1, #64	@ 0x40
100027fc:	8adb      	ldrh	r3, [r3, #22]
100027fe:	4718      	bx	r3

10002800 <runtime_init_bootrom_locking_enable>:
10002800:	4a03      	ldr	r2, [pc, #12]	@ (10002810 <runtime_init_bootrom_locking_enable+0x10>)
10002802:	f8d2 3828 	ldr.w	r3, [r2, #2088]	@ 0x828
10002806:	2b00      	cmp	r3, #0
10002808:	d0fb      	beq.n	10002802 <runtime_init_bootrom_locking_enable+0x2>
1000280a:	f3bf 8f5f 	dmb	sy
1000280e:	4770      	bx	lr
10002810:	400e0000 	.word	0x400e0000

10002814 <runtime_init_boot_locks_reset>:
10002814:	2100      	movs	r1, #0
10002816:	4b04      	ldr	r3, [pc, #16]	@ (10002828 <runtime_init_boot_locks_reset+0x14>)
10002818:	4a04      	ldr	r2, [pc, #16]	@ (1000282c <runtime_init_boot_locks_reset+0x18>)
1000281a:	f3bf 8f5f 	dmb	sy
1000281e:	f843 1b04 	str.w	r1, [r3], #4
10002822:	4293      	cmp	r3, r2
10002824:	d1f9      	bne.n	1000281a <runtime_init_boot_locks_reset+0x6>
10002826:	4770      	bx	lr
10002828:	400e080c 	.word	0x400e080c
1000282c:	400e082c 	.word	0x400e082c

10002830 <xosc_init>:
10002830:	b410      	push	{r4}
10002832:	202f      	movs	r0, #47	@ 0x2f
10002834:	f44f 642a 	mov.w	r4, #2720	@ 0xaa0
10002838:	4a05      	ldr	r2, [pc, #20]	@ (10002850 <xosc_init+0x20>)
1000283a:	4b06      	ldr	r3, [pc, #24]	@ (10002854 <xosc_init+0x24>)
1000283c:	4906      	ldr	r1, [pc, #24]	@ (10002858 <xosc_init+0x28>)
1000283e:	6014      	str	r4, [r2, #0]
10002840:	60d0      	str	r0, [r2, #12]
10002842:	6019      	str	r1, [r3, #0]
10002844:	6853      	ldr	r3, [r2, #4]
10002846:	2b00      	cmp	r3, #0
10002848:	dafc      	bge.n	10002844 <xosc_init+0x14>
1000284a:	f85d 4b04 	ldr.w	r4, [sp], #4
1000284e:	4770      	bx	lr
10002850:	40048000 	.word	0x40048000
10002854:	4004a000 	.word	0x4004a000
10002858:	00fab000 	.word	0x00fab000

1000285c <first_per_core_initializer>:
1000285c:	4770      	bx	lr
1000285e:	bf00      	nop

10002860 <hard_assertion_failure>:
10002860:	b508      	push	{r3, lr}
10002862:	4801      	ldr	r0, [pc, #4]	@ (10002868 <hard_assertion_failure+0x8>)
10002864:	f7ff f9fa 	bl	10001c5c <panic>
10002868:	100073fc 	.word	0x100073fc

1000286c <runtime_run_initializers>:
1000286c:	b538      	push	{r3, r4, r5, lr}
1000286e:	4c05      	ldr	r4, [pc, #20]	@ (10002884 <runtime_run_initializers+0x18>)
10002870:	4d05      	ldr	r5, [pc, #20]	@ (10002888 <runtime_run_initializers+0x1c>)
10002872:	42ac      	cmp	r4, r5
10002874:	d204      	bcs.n	10002880 <runtime_run_initializers+0x14>
10002876:	f854 3b04 	ldr.w	r3, [r4], #4
1000287a:	4798      	blx	r3
1000287c:	42ac      	cmp	r4, r5
1000287e:	d3fa      	bcc.n	10002876 <runtime_run_initializers+0xa>
10002880:	bd38      	pop	{r3, r4, r5, pc}
10002882:	bf00      	nop
10002884:	10007318 	.word	0x10007318
10002888:	10007358 	.word	0x10007358

1000288c <runtime_run_per_core_initializers>:
1000288c:	b538      	push	{r3, r4, r5, lr}
1000288e:	4c05      	ldr	r4, [pc, #20]	@ (100028a4 <runtime_run_per_core_initializers+0x18>)
10002890:	4d05      	ldr	r5, [pc, #20]	@ (100028a8 <runtime_run_per_core_initializers+0x1c>)
10002892:	42ac      	cmp	r4, r5
10002894:	d204      	bcs.n	100028a0 <runtime_run_per_core_initializers+0x14>
10002896:	f854 3b04 	ldr.w	r3, [r4], #4
1000289a:	4798      	blx	r3
1000289c:	42ac      	cmp	r4, r5
1000289e:	d3fa      	bcc.n	10002896 <runtime_run_per_core_initializers+0xa>
100028a0:	bd38      	pop	{r3, r4, r5, pc}
100028a2:	bf00      	nop
100028a4:	10007344 	.word	0x10007344
100028a8:	10007358 	.word	0x10007358

100028ac <runtime_init_early_resets>:
100028ac:	b410      	push	{r4}
100028ae:	4807      	ldr	r0, [pc, #28]	@ (100028cc <runtime_init_early_resets+0x20>)
100028b0:	4c07      	ldr	r4, [pc, #28]	@ (100028d0 <runtime_init_early_resets+0x24>)
100028b2:	4b08      	ldr	r3, [pc, #32]	@ (100028d4 <runtime_init_early_resets+0x28>)
100028b4:	4a08      	ldr	r2, [pc, #32]	@ (100028d8 <runtime_init_early_resets+0x2c>)
100028b6:	4909      	ldr	r1, [pc, #36]	@ (100028dc <runtime_init_early_resets+0x30>)
100028b8:	6004      	str	r4, [r0, #0]
100028ba:	601a      	str	r2, [r3, #0]
100028bc:	688b      	ldr	r3, [r1, #8]
100028be:	ea32 0303 	bics.w	r3, r2, r3
100028c2:	d1fb      	bne.n	100028bc <runtime_init_early_resets+0x10>
100028c4:	f85d 4b04 	ldr.w	r4, [sp], #4
100028c8:	4770      	bx	lr
100028ca:	bf00      	nop
100028cc:	40022000 	.word	0x40022000
100028d0:	efef3b7f 	.word	0xefef3b7f
100028d4:	40023000 	.word	0x40023000
100028d8:	03f3fff6 	.word	0x03f3fff6
100028dc:	40020000 	.word	0x40020000

100028e0 <runtime_init_usb_power_down>:
100028e0:	4b04      	ldr	r3, [pc, #16]	@ (100028f4 <runtime_init_usb_power_down+0x14>)
100028e2:	6cdb      	ldr	r3, [r3, #76]	@ 0x4c
100028e4:	f5b3 4f00 	cmp.w	r3, #32768	@ 0x8000
100028e8:	d103      	bne.n	100028f2 <runtime_init_usb_power_down+0x12>
100028ea:	f44f 2280 	mov.w	r2, #262144	@ 0x40000
100028ee:	4b02      	ldr	r3, [pc, #8]	@ (100028f8 <runtime_init_usb_power_down+0x18>)
100028f0:	64da      	str	r2, [r3, #76]	@ 0x4c
100028f2:	4770      	bx	lr
100028f4:	50110000 	.word	0x50110000
100028f8:	50112000 	.word	0x50112000

100028fc <runtime_init_per_core_enable_coprocessors>:
100028fc:	f04f 22e0 	mov.w	r2, #3758153728	@ 0xe000e000
10002900:	4b04      	ldr	r3, [pc, #16]	@ (10002914 <runtime_init_per_core_enable_coprocessors+0x18>)
10002902:	f8d2 1d88 	ldr.w	r1, [r2, #3464]	@ 0xd88
10002906:	430b      	orrs	r3, r1
10002908:	f8c2 3d88 	str.w	r3, [r2, #3464]	@ 0xd88
1000290c:	ee10 0430 	dcp_rcmp r0
10002910:	4770      	bx	lr
10002912:	bf00      	nop
10002914:	00300303 	.word	0x00300303

10002918 <runtime_init_post_clock_resets>:
10002918:	f06f 4160 	mvn.w	r1, #3758096384	@ 0xe0000000
1000291c:	4b04      	ldr	r3, [pc, #16]	@ (10002930 <runtime_init_post_clock_resets+0x18>)
1000291e:	4a05      	ldr	r2, [pc, #20]	@ (10002934 <runtime_init_post_clock_resets+0x1c>)
10002920:	6019      	str	r1, [r3, #0]
10002922:	6893      	ldr	r3, [r2, #8]
10002924:	43db      	mvns	r3, r3
10002926:	f033 4360 	bics.w	r3, r3, #3758096384	@ 0xe0000000
1000292a:	d1fa      	bne.n	10002922 <runtime_init_post_clock_resets+0xa>
1000292c:	4770      	bx	lr
1000292e:	bf00      	nop
10002930:	40023000 	.word	0x40023000
10002934:	40020000 	.word	0x40020000

10002938 <runtime_init_bootrom_reset>:
10002938:	b510      	push	{r4, lr}
1000293a:	f245 2053 	movw	r0, #21075	@ 0x5253
1000293e:	f7ff ff4f 	bl	100027e0 <rom_func_lookup>
10002942:	e8bd 4010 	ldmia.w	sp!, {r4, lr}
10002946:	4603      	mov	r3, r0
10002948:	2004      	movs	r0, #4
1000294a:	4718      	bx	r3

1000294c <runtime_init_per_core_bootrom_reset>:
1000294c:	b510      	push	{r4, lr}
1000294e:	f245 2053 	movw	r0, #21075	@ 0x5253
10002952:	f7ff ff45 	bl	100027e0 <rom_func_lookup>
10002956:	e8bd 4010 	ldmia.w	sp!, {r4, lr}
1000295a:	4603      	mov	r3, r0
1000295c:	2001      	movs	r0, #1
1000295e:	4718      	bx	r3

10002960 <runtime_init_spin_locks_reset>:
10002960:	f7ff ba4e 	b.w	10001e00 <spin_locks_reset>

10002964 <runtime_init_install_ram_vector_table>:
10002964:	b510      	push	{r4, lr}
10002966:	4b05      	ldr	r3, [pc, #20]	@ (1000297c <runtime_init_install_ram_vector_table+0x18>)
10002968:	4c05      	ldr	r4, [pc, #20]	@ (10002980 <runtime_init_install_ram_vector_table+0x1c>)
1000296a:	f44f 7288 	mov.w	r2, #272	@ 0x110
1000296e:	4618      	mov	r0, r3
10002970:	68a1      	ldr	r1, [r4, #8]
10002972:	f004 fba3 	bl	100070bc <memcpy>
10002976:	60a0      	str	r0, [r4, #8]
10002978:	bd10      	pop	{r4, pc}
1000297a:	bf00      	nop
1000297c:	20000000 	.word	0x20000000
10002980:	e000ed00 	.word	0xe000ed00

10002984 <runtime_init_clocks>:
10002984:	2300      	movs	r3, #0
10002986:	b570      	push	{r4, r5, r6, lr}
10002988:	4c2b      	ldr	r4, [pc, #172]	@ (10002a38 <runtime_init_clocks+0xb4>)
1000298a:	b082      	sub	sp, #8
1000298c:	f8c4 3084 	str.w	r3, [r4, #132]	@ 0x84
10002990:	f7ff ff4e 	bl	10002830 <xosc_init>
10002994:	2201      	movs	r2, #1
10002996:	4b29      	ldr	r3, [pc, #164]	@ (10002a3c <runtime_init_clocks+0xb8>)
10002998:	63da      	str	r2, [r3, #60]	@ 0x3c
1000299a:	6c63      	ldr	r3, [r4, #68]	@ 0x44
1000299c:	2b01      	cmp	r3, #1
1000299e:	d1fc      	bne.n	1000299a <runtime_init_clocks+0x16>
100029a0:	2103      	movs	r1, #3
100029a2:	4a26      	ldr	r2, [pc, #152]	@ (10002a3c <runtime_init_clocks+0xb8>)
100029a4:	4b24      	ldr	r3, [pc, #144]	@ (10002a38 <runtime_init_clocks+0xb4>)
100029a6:	6311      	str	r1, [r2, #48]	@ 0x30
100029a8:	6b9c      	ldr	r4, [r3, #56]	@ 0x38
100029aa:	2c01      	cmp	r4, #1
100029ac:	d1fc      	bne.n	100029a8 <runtime_init_clocks+0x24>
100029ae:	2602      	movs	r6, #2
100029b0:	2505      	movs	r5, #5
100029b2:	4621      	mov	r1, r4
100029b4:	2305      	movs	r3, #5
100029b6:	4a22      	ldr	r2, [pc, #136]	@ (10002a40 <runtime_init_clocks+0xbc>)
100029b8:	4822      	ldr	r0, [pc, #136]	@ (10002a44 <runtime_init_clocks+0xc0>)
100029ba:	9600      	str	r6, [sp, #0]
100029bc:	f7ff febe 	bl	1000273c <pll_init>
100029c0:	4621      	mov	r1, r4
100029c2:	462b      	mov	r3, r5
100029c4:	4a20      	ldr	r2, [pc, #128]	@ (10002a48 <runtime_init_clocks+0xc4>)
100029c6:	4821      	ldr	r0, [pc, #132]	@ (10002a4c <runtime_init_clocks+0xc8>)
100029c8:	9500      	str	r5, [sp, #0]
100029ca:	f7ff feb7 	bl	1000273c <pll_init>
100029ce:	2200      	movs	r2, #0
100029d0:	2004      	movs	r0, #4
100029d2:	4631      	mov	r1, r6
100029d4:	4b1e      	ldr	r3, [pc, #120]	@ (10002a50 <runtime_init_clocks+0xcc>)
100029d6:	f7ff fe43 	bl	10002660 <clock_configure_undivided>
100029da:	4621      	mov	r1, r4
100029dc:	4628      	mov	r0, r5
100029de:	2200      	movs	r2, #0
100029e0:	4b1c      	ldr	r3, [pc, #112]	@ (10002a54 <runtime_init_clocks+0xd0>)
100029e2:	f7ff fe3d 	bl	10002660 <clock_configure_undivided>
100029e6:	2200      	movs	r2, #0
100029e8:	2008      	movs	r0, #8
100029ea:	4611      	mov	r1, r2
100029ec:	4b1a      	ldr	r3, [pc, #104]	@ (10002a58 <runtime_init_clocks+0xd4>)
100029ee:	f7ff fe37 	bl	10002660 <clock_configure_undivided>
100029f2:	2200      	movs	r2, #0
100029f4:	2009      	movs	r0, #9
100029f6:	4611      	mov	r1, r2
100029f8:	4b17      	ldr	r3, [pc, #92]	@ (10002a58 <runtime_init_clocks+0xd4>)
100029fa:	f7ff fe31 	bl	10002660 <clock_configure_undivided>
100029fe:	2200      	movs	r2, #0
10002a00:	2006      	movs	r0, #6
10002a02:	4611      	mov	r1, r2
10002a04:	4b13      	ldr	r3, [pc, #76]	@ (10002a54 <runtime_init_clocks+0xd0>)
10002a06:	f7ff fe2b 	bl	10002660 <clock_configure_undivided>
10002a0a:	2200      	movs	r2, #0
10002a0c:	4b11      	ldr	r3, [pc, #68]	@ (10002a54 <runtime_init_clocks+0xd0>)
10002a0e:	2007      	movs	r0, #7
10002a10:	4611      	mov	r1, r2
10002a12:	f7ff fe25 	bl	10002660 <clock_configure_undivided>
10002a16:	2004      	movs	r0, #4
10002a18:	f7ff fe8a 	bl	10002730 <clock_get_hz>
10002a1c:	2400      	movs	r4, #0
10002a1e:	4b0f      	ldr	r3, [pc, #60]	@ (10002a5c <runtime_init_clocks+0xd8>)
10002a20:	fba3 3500 	umull	r3, r5, r3, r0
10002a24:	0cad      	lsrs	r5, r5, #18
10002a26:	b2e0      	uxtb	r0, r4
10002a28:	4629      	mov	r1, r5
10002a2a:	3401      	adds	r4, #1
10002a2c:	f7ff fecc 	bl	100027c8 <tick_start>
10002a30:	2c06      	cmp	r4, #6
10002a32:	d1f8      	bne.n	10002a26 <runtime_init_clocks+0xa2>
10002a34:	b002      	add	sp, #8
10002a36:	bd70      	pop	{r4, r5, r6, pc}
10002a38:	40010000 	.word	0x40010000
10002a3c:	40013000 	.word	0x40013000
10002a40:	59682f00 	.word	0x59682f00
10002a44:	40050000 	.word	0x40050000
10002a48:	47868c00 	.word	0x47868c00
10002a4c:	40058000 	.word	0x40058000
10002a50:	00b71b00 	.word	0x00b71b00
10002a54:	08f0d180 	.word	0x08f0d180
10002a58:	02dc6c00 	.word	0x02dc6c00
10002a5c:	431bde83 	.word	0x431bde83

10002a60 <generic_save_state>:
10002a60:	b086      	sub	sp, #24
10002a62:	b403      	push	{r0, r1}
10002a64:	fc51 0408 	dcp_pxmd r0, r1
10002a68:	e9cd 0102 	strd	r0, r1, [sp, #8]
10002a6c:	fc51 0409 	dcp_pymd r0, r1
10002a70:	e9cd 0104 	strd	r0, r1, [sp, #16]
10002a74:	ec51 040a 	dcp_refd r0, r1
10002a78:	e9cd 0106 	strd	r0, r1, [sp, #24]
10002a7c:	bc03      	pop	{r0, r1}
10002a7e:	47f0      	blx	lr

10002a80 <generic_restore_state>:
10002a80:	e8bd 5000 	ldmia.w	sp!, {ip, lr}
10002a84:	ec4e c400 	dcp_wxmd ip, lr
10002a88:	e8bd 5000 	ldmia.w	sp!, {ip, lr}
10002a8c:	ec4e c401 	dcp_wymd ip, lr
10002a90:	e8bd 5000 	ldmia.w	sp!, {ip, lr}
10002a94:	ec4e c402 	dcp_wefd ip, lr
10002a98:	bd00      	pop	{pc}
10002a9a:	0000      	movs	r0, r0
10002a9c:	b500      	push	{lr}
10002a9e:	f7ff ffdf 	bl	10002a60 <generic_save_state>
10002aa2:	e002      	b.n	10002aaa <__wrap___aeabi_dadd+0x6>

10002aa4 <__wrap___aeabi_dadd>:
10002aa4:	fe10 f430 	dcp_pcmp APSR_nzcv
10002aa8:	d4f8      	bmi.n	10002a9c <generic_restore_state+0x1c>
10002aaa:	ec41 0410 	dcp_wxup r0, r1
10002aae:	ec43 2411 	dcp_wyup r2, r3
10002ab2:	ee00 0401 	dcp_add0
10002ab6:	ee10 0401 	dcp_add1
10002aba:	ee80 0420 	dcp_nrdd
10002abe:	ec51 0410 	dcp_rdda r0, r1
10002ac2:	4770      	bx	lr
10002ac4:	b500      	push	{lr}
10002ac6:	f7ff ffcb 	bl	10002a60 <generic_save_state>
10002aca:	e002      	b.n	10002ad2 <__wrap___aeabi_dsub+0x6>

10002acc <__wrap___aeabi_dsub>:
10002acc:	fe10 f430 	dcp_pcmp APSR_nzcv
10002ad0:	d4f8      	bmi.n	10002ac4 <__wrap___aeabi_dadd+0x20>
10002ad2:	ec41 0410 	dcp_wxup r0, r1
10002ad6:	ec43 2411 	dcp_wyup r2, r3
10002ada:	ee00 0401 	dcp_add0
10002ade:	ee10 0421 	dcp_sub1
10002ae2:	ee80 0420 	dcp_nrdd
10002ae6:	ec51 0430 	dcp_rdds r0, r1
10002aea:	4770      	bx	lr
10002aec:	b500      	push	{lr}
10002aee:	f7ff ffb7 	bl	10002a60 <generic_save_state>
10002af2:	e002      	b.n	10002afa <__wrap___aeabi_dmul+0x6>

10002af4 <__wrap___aeabi_dmul>:
10002af4:	fe10 f430 	dcp_pcmp APSR_nzcv
10002af8:	d4f8      	bmi.n	10002aec <__wrap___aeabi_dsub+0x20>
10002afa:	b510      	push	{r4, lr}
10002afc:	ec41 0410 	dcp_wxup r0, r1
10002b00:	ec43 2411 	dcp_wyup r2, r3
10002b04:	ec51 0404 	dcp_rxms r0, r1, #0x0
10002b08:	ec53 2405 	dcp_ryms r2, r3, #0x0
10002b0c:	fba0 4c02 	umull	r4, ip, r0, r2
10002b10:	f05f 0e00 	movs.w	lr, #0
10002b14:	fbe0 ce03 	umlal	ip, lr, r0, r3
10002b18:	fbe1 ce02 	umlal	ip, lr, r1, r2
10002b1c:	ec4c 4420 	dcp_wxms r4, ip
10002b20:	2400      	movs	r4, #0
10002b22:	fbe1 e403 	umlal	lr, r4, r1, r3
10002b26:	ec44 e430 	dcp_wxmo lr, r4
10002b2a:	ee80 0420 	dcp_nrdd
10002b2e:	ec51 0450 	dcp_rddm r0, r1
10002b32:	e8bd 4010 	ldmia.w	sp!, {r4, lr}
10002b36:	4770      	bx	lr
10002b38:	b500      	push	{lr}
10002b3a:	f7ff ff91 	bl	10002a60 <generic_save_state>
10002b3e:	e002      	b.n	10002b46 <__wrap___aeabi_ddiv+0x6>

10002b40 <__wrap___aeabi_ddiv>:
10002b40:	fe10 f430 	dcp_pcmp APSR_nzcv
10002b44:	d4f8      	bmi.n	10002b38 <__wrap___aeabi_dmul+0x44>
10002b46:	ec41 0410 	dcp_wxup r0, r1
10002b4a:	ec43 2411 	dcp_wyup r2, r3
10002b4e:	ec51 0421 	dcp_rymr r0, r1
10002b52:	fba0 1201 	umull	r1, r2, r0, r1
10002b56:	ea6f 0282 	mvn.w	r2, r2, lsl #2
10002b5a:	fb52 0010 	smmlar	r0, r2, r0, r0
10002b5e:	fb52 f212 	smmulr	r2, r2, r2
10002b62:	fb52 0010 	smmlar	r0, r2, r0, r0
10002b66:	eba0 7cd0 	sub.w	ip, r0, r0, lsr #31
10002b6a:	ec53 2404 	dcp_rxms r2, r3, #0x0
10002b6e:	fb5c f113 	smmulr	r1, ip, r3
10002b72:	ec53 2415 	dcp_ryms r2, r3, #0x1
10002b76:	fba1 2002 	umull	r2, r0, r1, r2
10002b7a:	fb01 0003 	mla	r0, r1, r3, r0
10002b7e:	ec53 2444 	dcp_rxms r2, r3, #0x4
10002b82:	eba2 0000 	sub.w	r0, r2, r0
10002b86:	fb50 f21c 	smmulr	r2, r0, ip
10002b8a:	ea4f 1311 	mov.w	r3, r1, lsr #4
10002b8e:	eb12 7001 	adds.w	r0, r2, r1, lsl #28
10002b92:	eb43 71e2 	adc.w	r1, r3, r2, asr #31
10002b96:	ea40 5051 	orr.w	r0, r0, r1, lsr #21
10002b9a:	ea20 5091 	bic.w	r0, r0, r1, lsr #22
10002b9e:	f020 0007 	bic.w	r0, r0, #7
10002ba2:	ec53 2475 	dcp_ryms r2, r3, #0x7
10002ba6:	fba0 3c02 	umull	r3, ip, r0, r2
10002baa:	ec53 2475 	dcp_ryms r2, r3, #0x7
10002bae:	fb00 cc03 	mla	ip, r0, r3, ip
10002bb2:	fb01 cc02 	mla	ip, r1, r2, ip
10002bb6:	ec53 2404 	dcp_rxms r2, r3, #0x0
10002bba:	ebac 4c82 	sub.w	ip, ip, r2, lsl #18
10002bbe:	ea40 705c 	orr.w	r0, r0, ip, lsr #29
10002bc2:	f1a0 0001 	sub.w	r0, r0, #1
10002bc6:	ec41 0440 	dcp_wxdd r0, r1
10002bca:	ee80 0420 	dcp_nrdd
10002bce:	ec51 0470 	dcp_rddd r0, r1
10002bd2:	4770      	bx	lr
10002bd4:	b500      	push	{lr}
10002bd6:	f7ff ff43 	bl	10002a60 <generic_save_state>
10002bda:	e002      	b.n	10002be2 <__wrap___aeabi_i2d+0x6>

10002bdc <__wrap___aeabi_i2d>:
10002bdc:	fe10 f430 	dcp_pcmp APSR_nzcv
10002be0:	d4f8      	bmi.n	10002bd4 <__wrap___aeabi_ddiv+0x94>
10002be2:	ec40 0470 	dcp_wxic r0, r0
10002be6:	ee00 0401 	dcp_add0
10002bea:	ee10 0421 	dcp_sub1
10002bee:	ee80 0420 	dcp_nrdd
10002bf2:	ec51 0430 	dcp_rdds r0, r1
10002bf6:	4770      	bx	lr
10002bf8:	b500      	push	{lr}
10002bfa:	f7ff ff31 	bl	10002a60 <generic_save_state>
10002bfe:	e002      	b.n	10002c06 <__wrap___aeabi_ui2d+0x6>

10002c00 <__wrap___aeabi_ui2d>:
10002c00:	fe10 f430 	dcp_pcmp APSR_nzcv
10002c04:	d4f8      	bmi.n	10002bf8 <__wrap___aeabi_i2d+0x1c>
10002c06:	ec40 0460 	dcp_wxuc r0, r0
10002c0a:	ee00 0401 	dcp_add0
10002c0e:	ee10 0421 	dcp_sub1
10002c12:	ee80 0420 	dcp_nrdd
10002c16:	ec51 0430 	dcp_rdds r0, r1
10002c1a:	4770      	bx	lr
10002c1c:	b500      	push	{lr}
10002c1e:	f7ff ff1f 	bl	10002a60 <generic_save_state>
10002c22:	e002      	b.n	10002c2a <__wrap___aeabi_d2iz+0x6>

10002c24 <__wrap___aeabi_d2iz>:
10002c24:	fe10 f430 	dcp_pcmp APSR_nzcv
10002c28:	d4f8      	bmi.n	10002c1c <__wrap___aeabi_ui2d+0x1c>
10002c2a:	ec41 0480 	dcp_wxdc r0, r1
10002c2e:	ee00 0401 	dcp_add0
10002c32:	ee10 0401 	dcp_add1
10002c36:	ee80 0440 	dcp_ntdc
10002c3a:	ee10 0413 	dcp_rdic r0
10002c3e:	4770      	bx	lr
10002c40:	b500      	push	{lr}
10002c42:	f7ff ff0d 	bl	10002a60 <generic_save_state>
10002c46:	e002      	b.n	10002c4e <__wrap___aeabi_d2uiz+0x6>

10002c48 <__wrap___aeabi_d2uiz>:
10002c48:	fe10 f430 	dcp_pcmp APSR_nzcv
10002c4c:	d4f8      	bmi.n	10002c40 <__wrap___aeabi_d2iz+0x1c>
10002c4e:	ec41 0480 	dcp_wxdc r0, r1
10002c52:	ee00 0401 	dcp_add0
10002c56:	ee10 0401 	dcp_add1
10002c5a:	ee80 0440 	dcp_ntdc
10002c5e:	ee10 0433 	dcp_rduc r0
10002c62:	4770      	bx	lr
10002c64:	b500      	push	{lr}
10002c66:	f7ff fefb 	bl	10002a60 <generic_save_state>
10002c6a:	e002      	b.n	10002c72 <__wrap___aeabi_dcmpun+0x6>

10002c6c <__wrap___aeabi_dcmpun>:
10002c6c:	fe10 f430 	dcp_pcmp APSR_nzcv
10002c70:	d4f8      	bmi.n	10002c64 <__wrap___aeabi_d2uiz+0x1c>
10002c72:	ec41 0410 	dcp_wxup r0, r1
10002c76:	ec43 2411 	dcp_wyup r2, r3
10002c7a:	ee00 0401 	dcp_add0
10002c7e:	ee10 0430 	dcp_rcmp r0
10002c82:	f3c0 7000 	ubfx	r0, r0, #28, #1
10002c86:	4770      	bx	lr
10002c88:	b500      	push	{lr}
10002c8a:	f7ff fee9 	bl	10002a60 <generic_save_state>
10002c8e:	e002      	b.n	10002c96 <__wrap___aeabi_dcmplt+0x6>

10002c90 <__wrap___aeabi_dcmplt>:
10002c90:	fe10 f430 	dcp_pcmp APSR_nzcv
10002c94:	d4f8      	bmi.n	10002c88 <__wrap___aeabi_dcmpun+0x1c>
10002c96:	ec43 2410 	dcp_wxup r2, r3
10002c9a:	ec41 0411 	dcp_wyup r0, r1
10002c9e:	ee00 0401 	dcp_add0
10002ca2:	ee10 f430 	dcp_rcmp APSR_nzcv
10002ca6:	bf8c      	ite	hi
10002ca8:	2001      	movhi	r0, #1
10002caa:	2000      	movls	r0, #0
10002cac:	4770      	bx	lr
10002cae:	bf00      	nop
10002cb0:	b500      	push	{lr}
10002cb2:	f7ff fed5 	bl	10002a60 <generic_save_state>
10002cb6:	e002      	b.n	10002cbe <__wrap___aeabi_dcmpge+0x6>

10002cb8 <__wrap___aeabi_dcmpge>:
10002cb8:	fe10 f430 	dcp_pcmp APSR_nzcv
10002cbc:	d4f8      	bmi.n	10002cb0 <__wrap___aeabi_dcmplt+0x20>
10002cbe:	ec41 0410 	dcp_wxup r0, r1
10002cc2:	ec43 2411 	dcp_wyup r2, r3
10002cc6:	ee00 0401 	dcp_add0
10002cca:	ee10 f430 	dcp_rcmp APSR_nzcv
10002cce:	bf2c      	ite	cs
10002cd0:	2001      	movcs	r0, #1
10002cd2:	2000      	movcc	r0, #0
10002cd4:	4770      	bx	lr
10002cd6:	bf00      	nop
10002cd8:	b500      	push	{lr}
10002cda:	f7ff fec1 	bl	10002a60 <generic_save_state>
10002cde:	e002      	b.n	10002ce6 <__wrap___aeabi_dcmpgt+0x6>

10002ce0 <__wrap___aeabi_dcmpgt>:
10002ce0:	fe10 f430 	dcp_pcmp APSR_nzcv
10002ce4:	d4f8      	bmi.n	10002cd8 <__wrap___aeabi_dcmpge+0x20>
10002ce6:	ec41 0410 	dcp_wxup r0, r1
10002cea:	ec43 2411 	dcp_wyup r2, r3
10002cee:	ee00 0401 	dcp_add0
10002cf2:	ee10 f430 	dcp_rcmp APSR_nzcv
10002cf6:	bf8c      	ite	hi
10002cf8:	2001      	movhi	r0, #1
10002cfa:	2000      	movls	r0, #0
10002cfc:	4770      	bx	lr
10002cfe:	bf00      	nop

10002d00 <_out_buffer>:
10002d00:	429a      	cmp	r2, r3
10002d02:	bf38      	it	cc
10002d04:	5488      	strbcc	r0, [r1, r2]
10002d06:	4770      	bx	lr

10002d08 <_out_null>:
10002d08:	4770      	bx	lr
10002d0a:	bf00      	nop

10002d0c <_out_rev>:
10002d0c:	e92d 4ff0 	stmdb	sp!, {r4, r5, r6, r7, r8, r9, sl, fp, lr}
10002d10:	b083      	sub	sp, #12
10002d12:	4699      	mov	r9, r3
10002d14:	e9dd ab0d 	ldrd	sl, fp, [sp, #52]	@ 0x34
10002d18:	9b0f      	ldr	r3, [sp, #60]	@ 0x3c
10002d1a:	4688      	mov	r8, r1
10002d1c:	4611      	mov	r1, r2
10002d1e:	079a      	lsls	r2, r3, #30
10002d20:	4607      	mov	r7, r0
10002d22:	d116      	bne.n	10002d52 <_out_rev+0x46>
10002d24:	45da      	cmp	sl, fp
10002d26:	d23a      	bcs.n	10002d9e <_out_rev+0x92>
10002d28:	460c      	mov	r4, r1
10002d2a:	460d      	mov	r5, r1
10002d2c:	ebab 060a 	sub.w	r6, fp, sl
10002d30:	440e      	add	r6, r1
10002d32:	4622      	mov	r2, r4
10002d34:	464b      	mov	r3, r9
10002d36:	4641      	mov	r1, r8
10002d38:	2020      	movs	r0, #32
10002d3a:	3401      	adds	r4, #1
10002d3c:	47b8      	blx	r7
10002d3e:	42b4      	cmp	r4, r6
10002d40:	d1f7      	bne.n	10002d32 <_out_rev+0x26>
10002d42:	4629      	mov	r1, r5
10002d44:	f1ba 0f00 	cmp.w	sl, #0
10002d48:	d108      	bne.n	10002d5c <_out_rev+0x50>
10002d4a:	4620      	mov	r0, r4
10002d4c:	b003      	add	sp, #12
10002d4e:	e8bd 8ff0 	ldmia.w	sp!, {r4, r5, r6, r7, r8, r9, sl, fp, pc}
10002d52:	460c      	mov	r4, r1
10002d54:	f1ba 0f00 	cmp.w	sl, #0
10002d58:	d010      	beq.n	10002d7c <_out_rev+0x70>
10002d5a:	460e      	mov	r6, r1
10002d5c:	4655      	mov	r5, sl
10002d5e:	9b0c      	ldr	r3, [sp, #48]	@ 0x30
10002d60:	442e      	add	r6, r5
10002d62:	449a      	add	sl, r3
10002d64:	9101      	str	r1, [sp, #4]
10002d66:	1b72      	subs	r2, r6, r5
10002d68:	464b      	mov	r3, r9
10002d6a:	3d01      	subs	r5, #1
10002d6c:	4641      	mov	r1, r8
10002d6e:	f81a 0d01 	ldrb.w	r0, [sl, #-1]!
10002d72:	4634      	mov	r4, r6
10002d74:	47b8      	blx	r7
10002d76:	2d00      	cmp	r5, #0
10002d78:	d1f5      	bne.n	10002d66 <_out_rev+0x5a>
10002d7a:	9901      	ldr	r1, [sp, #4]
10002d7c:	9b0f      	ldr	r3, [sp, #60]	@ 0x3c
10002d7e:	079b      	lsls	r3, r3, #30
10002d80:	d5e3      	bpl.n	10002d4a <_out_rev+0x3e>
10002d82:	1a65      	subs	r5, r4, r1
10002d84:	45ab      	cmp	fp, r5
10002d86:	d9e0      	bls.n	10002d4a <_out_rev+0x3e>
10002d88:	4622      	mov	r2, r4
10002d8a:	464b      	mov	r3, r9
10002d8c:	4641      	mov	r1, r8
10002d8e:	2020      	movs	r0, #32
10002d90:	3501      	adds	r5, #1
10002d92:	47b8      	blx	r7
10002d94:	455d      	cmp	r5, fp
10002d96:	f104 0401 	add.w	r4, r4, #1
10002d9a:	d3f5      	bcc.n	10002d88 <_out_rev+0x7c>
10002d9c:	e7d5      	b.n	10002d4a <_out_rev+0x3e>
10002d9e:	f1ba 0f00 	cmp.w	sl, #0
10002da2:	d1da      	bne.n	10002d5a <_out_rev+0x4e>
10002da4:	460c      	mov	r4, r1
10002da6:	e7d0      	b.n	10002d4a <_out_rev+0x3e>

10002da8 <_ntoa_format>:
10002da8:	e92d 4ff0 	stmdb	sp!, {r4, r5, r6, r7, r8, r9, sl, fp, lr}
10002dac:	9f0f      	ldr	r7, [sp, #60]	@ 0x3c
10002dae:	f8dd e024 	ldr.w	lr, [sp, #36]	@ 0x24
10002db2:	f017 0f02 	tst.w	r7, #2
10002db6:	9c0a      	ldr	r4, [sp, #40]	@ 0x28
10002db8:	f89d 902c 	ldrb.w	r9, [sp, #44]	@ 0x2c
10002dbc:	9d0e      	ldr	r5, [sp, #56]	@ 0x38
10002dbe:	e9dd 860c 	ldrd	r8, r6, [sp, #48]	@ 0x30
10002dc2:	d129      	bne.n	10002e18 <_ntoa_format+0x70>
10002dc4:	2d00      	cmp	r5, #0
10002dc6:	d16f      	bne.n	10002ea8 <_ntoa_format+0x100>
10002dc8:	42b4      	cmp	r4, r6
10002dca:	d225      	bcs.n	10002e18 <_ntoa_format+0x70>
10002dcc:	2c20      	cmp	r4, #32
10002dce:	f007 0b01 	and.w	fp, r7, #1
10002dd2:	f000 8112 	beq.w	10002ffa <_ntoa_format+0x252>
10002dd6:	f104 3cff 	add.w	ip, r4, #4294967295	@ 0xffffffff
10002dda:	f04f 0a30 	mov.w	sl, #48	@ 0x30
10002dde:	44f4      	add	ip, lr
10002de0:	e001      	b.n	10002de6 <_ntoa_format+0x3e>
10002de2:	2c20      	cmp	r4, #32
10002de4:	d07a      	beq.n	10002edc <_ntoa_format+0x134>
10002de6:	3401      	adds	r4, #1
10002de8:	42a6      	cmp	r6, r4
10002dea:	f80c af01 	strb.w	sl, [ip, #1]!
10002dee:	d8f8      	bhi.n	10002de2 <_ntoa_format+0x3a>
10002df0:	f1bb 0f00 	cmp.w	fp, #0
10002df4:	d010      	beq.n	10002e18 <_ntoa_format+0x70>
10002df6:	42ac      	cmp	r4, r5
10002df8:	d20e      	bcs.n	10002e18 <_ntoa_format+0x70>
10002dfa:	2c20      	cmp	r4, #32
10002dfc:	d074      	beq.n	10002ee8 <_ntoa_format+0x140>
10002dfe:	f104 3cff 	add.w	ip, r4, #4294967295	@ 0xffffffff
10002e02:	f04f 0a30 	mov.w	sl, #48	@ 0x30
10002e06:	44f4      	add	ip, lr
10002e08:	e001      	b.n	10002e0e <_ntoa_format+0x66>
10002e0a:	2c20      	cmp	r4, #32
10002e0c:	d029      	beq.n	10002e62 <_ntoa_format+0xba>
10002e0e:	3401      	adds	r4, #1
10002e10:	42ac      	cmp	r4, r5
10002e12:	f80c af01 	strb.w	sl, [ip, #1]!
10002e16:	d1f8      	bne.n	10002e0a <_ntoa_format+0x62>
10002e18:	f017 0f10 	tst.w	r7, #16
10002e1c:	d03a      	beq.n	10002e94 <_ntoa_format+0xec>
10002e1e:	f417 6f80 	tst.w	r7, #1024	@ 0x400
10002e22:	d128      	bne.n	10002e76 <_ntoa_format+0xce>
10002e24:	bb1c      	cbnz	r4, 10002e6e <_ntoa_format+0xc6>
10002e26:	f1b8 0f10 	cmp.w	r8, #16
10002e2a:	f000 80ca 	beq.w	10002fc2 <_ntoa_format+0x21a>
10002e2e:	f1b8 0f02 	cmp.w	r8, #2
10002e32:	f000 80d4 	beq.w	10002fde <_ntoa_format+0x236>
10002e36:	2430      	movs	r4, #48	@ 0x30
10002e38:	f88e 4000 	strb.w	r4, [lr]
10002e3c:	2401      	movs	r4, #1
10002e3e:	f1b9 0f00 	cmp.w	r9, #0
10002e42:	d167      	bne.n	10002f14 <_ntoa_format+0x16c>
10002e44:	077e      	lsls	r6, r7, #29
10002e46:	f140 80aa 	bpl.w	10002f9e <_ntoa_format+0x1f6>
10002e4a:	262b      	movs	r6, #43	@ 0x2b
10002e4c:	f80e 6004 	strb.w	r6, [lr, r4]
10002e50:	3401      	adds	r4, #1
10002e52:	e9cd 570b 	strd	r5, r7, [sp, #44]	@ 0x2c
10002e56:	e9cd e409 	strd	lr, r4, [sp, #36]	@ 0x24
10002e5a:	e8bd 4ff0 	ldmia.w	sp!, {r4, r5, r6, r7, r8, r9, sl, fp, lr}
10002e5e:	f7ff bf55 	b.w	10002d0c <_out_rev>
10002e62:	06fc      	lsls	r4, r7, #27
10002e64:	f140 8089 	bpl.w	10002f7a <_ntoa_format+0x1d2>
10002e68:	057c      	lsls	r4, r7, #21
10002e6a:	d435      	bmi.n	10002ed8 <_ntoa_format+0x130>
10002e6c:	2420      	movs	r4, #32
10002e6e:	42a6      	cmp	r6, r4
10002e70:	d06a      	beq.n	10002f48 <_ntoa_format+0x1a0>
10002e72:	42ac      	cmp	r4, r5
10002e74:	d068      	beq.n	10002f48 <_ntoa_format+0x1a0>
10002e76:	f1b8 0f10 	cmp.w	r8, #16
10002e7a:	f000 8087 	beq.w	10002f8c <_ntoa_format+0x1e4>
10002e7e:	f1b8 0f02 	cmp.w	r8, #2
10002e82:	d05a      	beq.n	10002f3a <_ntoa_format+0x192>
10002e84:	2c20      	cmp	r4, #32
10002e86:	d0e4      	beq.n	10002e52 <_ntoa_format+0xaa>
10002e88:	4626      	mov	r6, r4
10002e8a:	3401      	adds	r4, #1
10002e8c:	f04f 0c30 	mov.w	ip, #48	@ 0x30
10002e90:	f80e c006 	strb.w	ip, [lr, r6]
10002e94:	2c20      	cmp	r4, #32
10002e96:	d1d2      	bne.n	10002e3e <_ntoa_format+0x96>
10002e98:	e9cd 570b 	strd	r5, r7, [sp, #44]	@ 0x2c
10002e9c:	e9cd e409 	strd	lr, r4, [sp, #36]	@ 0x24
10002ea0:	e8bd 4ff0 	ldmia.w	sp!, {r4, r5, r6, r7, r8, r9, sl, fp, lr}
10002ea4:	f7ff bf32 	b.w	10002d0c <_out_rev>
10002ea8:	f017 0b01 	ands.w	fp, r7, #1
10002eac:	d03e      	beq.n	10002f2c <_ntoa_format+0x184>
10002eae:	f1b9 0f00 	cmp.w	r9, #0
10002eb2:	d147      	bne.n	10002f44 <_ntoa_format+0x19c>
10002eb4:	f017 0f0c 	tst.w	r7, #12
10002eb8:	d144      	bne.n	10002f44 <_ntoa_format+0x19c>
10002eba:	42b4      	cmp	r4, r6
10002ebc:	d29b      	bcs.n	10002df6 <_ntoa_format+0x4e>
10002ebe:	2c20      	cmp	r4, #32
10002ec0:	d189      	bne.n	10002dd6 <_ntoa_format+0x2e>
10002ec2:	2d20      	cmp	r5, #32
10002ec4:	d810      	bhi.n	10002ee8 <_ntoa_format+0x140>
10002ec6:	06fc      	lsls	r4, r7, #27
10002ec8:	d557      	bpl.n	10002f7a <_ntoa_format+0x1d2>
10002eca:	057c      	lsls	r4, r7, #21
10002ecc:	d455      	bmi.n	10002f7a <_ntoa_format+0x1d2>
10002ece:	2e20      	cmp	r6, #32
10002ed0:	f000 80b9 	beq.w	10003046 <_ntoa_format+0x29e>
10002ed4:	2d20      	cmp	r5, #32
10002ed6:	d010      	beq.n	10002efa <_ntoa_format+0x152>
10002ed8:	2420      	movs	r4, #32
10002eda:	e7cc      	b.n	10002e76 <_ntoa_format+0xce>
10002edc:	f1bb 0f00 	cmp.w	fp, #0
10002ee0:	f000 80a5 	beq.w	1000302e <_ntoa_format+0x286>
10002ee4:	2d20      	cmp	r5, #32
10002ee6:	d9bc      	bls.n	10002e62 <_ntoa_format+0xba>
10002ee8:	06fc      	lsls	r4, r7, #27
10002eea:	d546      	bpl.n	10002f7a <_ntoa_format+0x1d2>
10002eec:	057c      	lsls	r4, r7, #21
10002eee:	d444      	bmi.n	10002f7a <_ntoa_format+0x1d2>
10002ef0:	2e20      	cmp	r6, #32
10002ef2:	f000 80a8 	beq.w	10003046 <_ntoa_format+0x29e>
10002ef6:	2d20      	cmp	r5, #32
10002ef8:	d13f      	bne.n	10002f7a <_ntoa_format+0x1d2>
10002efa:	462c      	mov	r4, r5
10002efc:	261f      	movs	r6, #31
10002efe:	f1b8 0f10 	cmp.w	r8, #16
10002f02:	d07f      	beq.n	10003004 <_ntoa_format+0x25c>
10002f04:	f1b8 0f02 	cmp.w	r8, #2
10002f08:	d1c0      	bne.n	10002e8c <_ntoa_format+0xe4>
10002f0a:	f04f 0c62 	mov.w	ip, #98	@ 0x62
10002f0e:	f80e c006 	strb.w	ip, [lr, r6]
10002f12:	e7b7      	b.n	10002e84 <_ntoa_format+0xdc>
10002f14:	262d      	movs	r6, #45	@ 0x2d
10002f16:	f80e 6004 	strb.w	r6, [lr, r4]
10002f1a:	3401      	adds	r4, #1
10002f1c:	e9cd 570b 	strd	r5, r7, [sp, #44]	@ 0x2c
10002f20:	e9cd e409 	strd	lr, r4, [sp, #36]	@ 0x24
10002f24:	e8bd 4ff0 	ldmia.w	sp!, {r4, r5, r6, r7, r8, r9, sl, fp, lr}
10002f28:	f7ff bef0 	b.w	10002d0c <_out_rev>
10002f2c:	42b4      	cmp	r4, r6
10002f2e:	f4bf af73 	bcs.w	10002e18 <_ntoa_format+0x70>
10002f32:	2c20      	cmp	r4, #32
10002f34:	f47f af4f 	bne.w	10002dd6 <_ntoa_format+0x2e>
10002f38:	e7d6      	b.n	10002ee8 <_ntoa_format+0x140>
10002f3a:	2c20      	cmp	r4, #32
10002f3c:	d089      	beq.n	10002e52 <_ntoa_format+0xaa>
10002f3e:	4626      	mov	r6, r4
10002f40:	3401      	adds	r4, #1
10002f42:	e7e2      	b.n	10002f0a <_ntoa_format+0x162>
10002f44:	3d01      	subs	r5, #1
10002f46:	e7b8      	b.n	10002eba <_ntoa_format+0x112>
10002f48:	1e66      	subs	r6, r4, #1
10002f4a:	d1d8      	bne.n	10002efe <_ntoa_format+0x156>
10002f4c:	f1b8 0f10 	cmp.w	r8, #16
10002f50:	d064      	beq.n	1000301c <_ntoa_format+0x274>
10002f52:	f1b8 0f02 	cmp.w	r8, #2
10002f56:	f47f af6e 	bne.w	10002e36 <_ntoa_format+0x8e>
10002f5a:	2662      	movs	r6, #98	@ 0x62
10002f5c:	f88e 6000 	strb.w	r6, [lr]
10002f60:	2630      	movs	r6, #48	@ 0x30
10002f62:	4644      	mov	r4, r8
10002f64:	f88e 6001 	strb.w	r6, [lr, #1]
10002f68:	f1b9 0f00 	cmp.w	r9, #0
10002f6c:	f43f af6a 	beq.w	10002e44 <_ntoa_format+0x9c>
10002f70:	e7d0      	b.n	10002f14 <_ntoa_format+0x16c>
10002f72:	f1b8 0f10 	cmp.w	r8, #16
10002f76:	f47f af6c 	bne.w	10002e52 <_ntoa_format+0xaa>
10002f7a:	2420      	movs	r4, #32
10002f7c:	e9cd 570b 	strd	r5, r7, [sp, #44]	@ 0x2c
10002f80:	e9cd e409 	strd	lr, r4, [sp, #36]	@ 0x24
10002f84:	e8bd 4ff0 	ldmia.w	sp!, {r4, r5, r6, r7, r8, r9, sl, fp, lr}
10002f88:	f7ff bec0 	b.w	10002d0c <_out_rev>
10002f8c:	06be      	lsls	r6, r7, #26
10002f8e:	d40e      	bmi.n	10002fae <_ntoa_format+0x206>
10002f90:	2c20      	cmp	r4, #32
10002f92:	d0f2      	beq.n	10002f7a <_ntoa_format+0x1d2>
10002f94:	2678      	movs	r6, #120	@ 0x78
10002f96:	f80e 6004 	strb.w	r6, [lr, r4]
10002f9a:	3401      	adds	r4, #1
10002f9c:	e772      	b.n	10002e84 <_ntoa_format+0xdc>
10002f9e:	073e      	lsls	r6, r7, #28
10002fa0:	f57f af57 	bpl.w	10002e52 <_ntoa_format+0xaa>
10002fa4:	2620      	movs	r6, #32
10002fa6:	f80e 6004 	strb.w	r6, [lr, r4]
10002faa:	3401      	adds	r4, #1
10002fac:	e751      	b.n	10002e52 <_ntoa_format+0xaa>
10002fae:	2c20      	cmp	r4, #32
10002fb0:	d0e3      	beq.n	10002f7a <_ntoa_format+0x1d2>
10002fb2:	f04f 0c58 	mov.w	ip, #88	@ 0x58
10002fb6:	eb0e 0604 	add.w	r6, lr, r4
10002fba:	f886 c000 	strb.w	ip, [r6]
10002fbe:	3401      	adds	r4, #1
10002fc0:	e760      	b.n	10002e84 <_ntoa_format+0xdc>
10002fc2:	06be      	lsls	r6, r7, #26
10002fc4:	d517      	bpl.n	10002ff6 <_ntoa_format+0x24e>
10002fc6:	2458      	movs	r4, #88	@ 0x58
10002fc8:	f88e 4000 	strb.w	r4, [lr]
10002fcc:	2430      	movs	r4, #48	@ 0x30
10002fce:	f88e 4001 	strb.w	r4, [lr, #1]
10002fd2:	2402      	movs	r4, #2
10002fd4:	f1b9 0f00 	cmp.w	r9, #0
10002fd8:	f43f af34 	beq.w	10002e44 <_ntoa_format+0x9c>
10002fdc:	e79a      	b.n	10002f14 <_ntoa_format+0x16c>
10002fde:	2462      	movs	r4, #98	@ 0x62
10002fe0:	f88e 4000 	strb.w	r4, [lr]
10002fe4:	2430      	movs	r4, #48	@ 0x30
10002fe6:	f88e 4001 	strb.w	r4, [lr, #1]
10002fea:	2402      	movs	r4, #2
10002fec:	f1b9 0f00 	cmp.w	r9, #0
10002ff0:	f43f af28 	beq.w	10002e44 <_ntoa_format+0x9c>
10002ff4:	e78e      	b.n	10002f14 <_ntoa_format+0x16c>
10002ff6:	2478      	movs	r4, #120	@ 0x78
10002ff8:	e7f2      	b.n	10002fe0 <_ntoa_format+0x238>
10002ffa:	f1bb 0f00 	cmp.w	fp, #0
10002ffe:	f47f af62 	bne.w	10002ec6 <_ntoa_format+0x11e>
10003002:	e771      	b.n	10002ee8 <_ntoa_format+0x140>
10003004:	f017 0f20 	tst.w	r7, #32
10003008:	bf0c      	ite	eq
1000300a:	f04f 0c78 	moveq.w	ip, #120	@ 0x78
1000300e:	f04f 0c58 	movne.w	ip, #88	@ 0x58
10003012:	1ea6      	subs	r6, r4, #2
10003014:	f80e c006 	strb.w	ip, [lr, r6]
10003018:	3c01      	subs	r4, #1
1000301a:	e735      	b.n	10002e88 <_ntoa_format+0xe0>
1000301c:	06bc      	lsls	r4, r7, #26
1000301e:	d5ea      	bpl.n	10002ff6 <_ntoa_format+0x24e>
10003020:	2458      	movs	r4, #88	@ 0x58
10003022:	f88e 4000 	strb.w	r4, [lr]
10003026:	2430      	movs	r4, #48	@ 0x30
10003028:	f88e 4001 	strb.w	r4, [lr, #1]
1000302c:	e7dd      	b.n	10002fea <_ntoa_format+0x242>
1000302e:	f017 0f10 	tst.w	r7, #16
10003032:	f43f af0e 	beq.w	10002e52 <_ntoa_format+0xaa>
10003036:	f417 6f80 	tst.w	r7, #1024	@ 0x400
1000303a:	d19a      	bne.n	10002f72 <_ntoa_format+0x1ca>
1000303c:	2e20      	cmp	r6, #32
1000303e:	f47f af18 	bne.w	10002e72 <_ntoa_format+0xca>
10003042:	261f      	movs	r6, #31
10003044:	e75b      	b.n	10002efe <_ntoa_format+0x156>
10003046:	4634      	mov	r4, r6
10003048:	261f      	movs	r6, #31
1000304a:	e758      	b.n	10002efe <_ntoa_format+0x156>

1000304c <_out_char>:
1000304c:	b900      	cbnz	r0, 10003050 <_out_char+0x4>
1000304e:	4770      	bx	lr
10003050:	f001 ba50 	b.w	100044f4 <__wrap_putchar>
10003054:	0000      	movs	r0, r0
	...

10003058 <_etoa>:
10003058:	e92d 4ff0 	stmdb	sp!, {r4, r5, r6, r7, r8, r9, sl, fp, lr}
1000305c:	b09f      	sub	sp, #124	@ 0x7c
1000305e:	ed9d 7b28 	vldr	d7, [sp, #160]	@ 0xa0
10003062:	e9dd a52a 	ldrd	sl, r5, [sp, #168]	@ 0xa8
10003066:	ec58 7b17 	vmov	r7, r8, d7
1000306a:	4683      	mov	fp, r0
1000306c:	461e      	mov	r6, r3
1000306e:	910d      	str	r1, [sp, #52]	@ 0x34
10003070:	9210      	str	r2, [sp, #64]	@ 0x40
10003072:	4643      	mov	r3, r8
10003074:	463a      	mov	r2, r7
10003076:	4638      	mov	r0, r7
10003078:	4641      	mov	r1, r8
1000307a:	ed8d 7b08 	vstr	d7, [sp, #32]
1000307e:	9c2c      	ldr	r4, [sp, #176]	@ 0xb0
10003080:	f7ff fdf4 	bl	10002c6c <__wrap___aeabi_dcmpun>
10003084:	2800      	cmp	r0, #0
10003086:	f040 80d8 	bne.w	1000323a <_etoa+0x1e2>
1000308a:	4638      	mov	r0, r7
1000308c:	4641      	mov	r1, r8
1000308e:	f04f 32ff 	mov.w	r2, #4294967295	@ 0xffffffff
10003092:	4b75      	ldr	r3, [pc, #468]	@ (10003268 <_etoa+0x210>)
10003094:	f7ff fe24 	bl	10002ce0 <__wrap___aeabi_dcmpgt>
10003098:	2800      	cmp	r0, #0
1000309a:	f040 80ce 	bne.w	1000323a <_etoa+0x1e2>
1000309e:	4638      	mov	r0, r7
100030a0:	4641      	mov	r1, r8
100030a2:	f04f 32ff 	mov.w	r2, #4294967295	@ 0xffffffff
100030a6:	f46f 1380 	mvn.w	r3, #1048576	@ 0x100000
100030aa:	f7ff fdf1 	bl	10002c90 <__wrap___aeabi_dcmplt>
100030ae:	2800      	cmp	r0, #0
100030b0:	f040 80c3 	bne.w	1000323a <_etoa+0x1e2>
100030b4:	e9dd 7808 	ldrd	r7, r8, [sp, #32]
100030b8:	2200      	movs	r2, #0
100030ba:	4638      	mov	r0, r7
100030bc:	4641      	mov	r1, r8
100030be:	2300      	movs	r3, #0
100030c0:	f7ff fde6 	bl	10002c90 <__wrap___aeabi_dcmplt>
100030c4:	2800      	cmp	r0, #0
100030c6:	f040 81c0 	bne.w	1000344a <_etoa+0x3f2>
100030ca:	e9cd 780a 	strd	r7, r8, [sp, #40]	@ 0x28
100030ce:	e9dd 230a 	ldrd	r2, r3, [sp, #40]	@ 0x28
100030d2:	4690      	mov	r8, r2
100030d4:	461f      	mov	r7, r3
100030d6:	f414 6380 	ands.w	r3, r4, #1024	@ 0x400
100030da:	bf08      	it	eq
100030dc:	f04f 0a06 	moveq.w	sl, #6
100030e0:	9313      	str	r3, [sp, #76]	@ 0x4c
100030e2:	f404 6200 	and.w	r2, r4, #2048	@ 0x800
100030e6:	ea58 0307 	orrs.w	r3, r8, r7
100030ea:	9211      	str	r2, [sp, #68]	@ 0x44
100030ec:	f040 80c0 	bne.w	10003270 <_etoa+0x218>
100030f0:	2a00      	cmp	r2, #0
100030f2:	f000 81a2 	beq.w	1000343a <_etoa+0x3e2>
100030f6:	ed9f 7b5a 	vldr	d7, [pc, #360]	@ 10003260 <_etoa+0x208>
100030fa:	2700      	movs	r7, #0
100030fc:	ed8d 7b0e 	vstr	d7, [sp, #56]	@ 0x38
10003100:	f04f 0900 	mov.w	r9, #0
10003104:	45ba      	cmp	sl, r7
10003106:	bfcc      	ite	gt
10003108:	ebaa 0a07 	subgt.w	sl, sl, r7
1000310c:	f04f 0a00 	movle.w	sl, #0
10003110:	464f      	mov	r7, r9
10003112:	bfc8      	it	gt
10003114:	f10a 3aff 	addgt.w	sl, sl, #4294967295	@ 0xffffffff
10003118:	f444 6480 	orr.w	r4, r4, #1024	@ 0x400
1000311c:	454d      	cmp	r5, r9
1000311e:	bf94      	ite	ls
10003120:	f04f 0800 	movls.w	r8, #0
10003124:	eba5 0809 	subhi.w	r8, r5, r9
10003128:	f014 0302 	ands.w	r3, r4, #2
1000312c:	9311      	str	r3, [sp, #68]	@ 0x44
1000312e:	d004      	beq.n	1000313a <_etoa+0xe2>
10003130:	f1b9 0f00 	cmp.w	r9, #0
10003134:	bf18      	it	ne
10003136:	f04f 0800 	movne.w	r8, #0
1000313a:	b13f      	cbz	r7, 1000314c <_etoa+0xf4>
1000313c:	e9dd 010a 	ldrd	r0, r1, [sp, #40]	@ 0x28
10003140:	e9dd 230e 	ldrd	r2, r3, [sp, #56]	@ 0x38
10003144:	f7ff fcfc 	bl	10002b40 <__wrap___aeabi_ddiv>
10003148:	e9cd 010a 	strd	r0, r1, [sp, #40]	@ 0x28
1000314c:	e9dd 0108 	ldrd	r0, r1, [sp, #32]
10003150:	2200      	movs	r2, #0
10003152:	2300      	movs	r3, #0
10003154:	f7ff fd9c 	bl	10002c90 <__wrap___aeabi_dcmplt>
10003158:	b130      	cbz	r0, 10003168 <_etoa+0x110>
1000315a:	e9dd 010a 	ldrd	r0, r1, [sp, #40]	@ 0x28
1000315e:	4602      	mov	r2, r0
10003160:	f101 4300 	add.w	r3, r1, #2147483648	@ 0x80000000
10003164:	e9cd 230a 	strd	r2, r3, [sp, #40]	@ 0x28
10003168:	ed9d 7b0a 	vldr	d7, [sp, #40]	@ 0x28
1000316c:	e9cd a802 	strd	sl, r8, [sp, #8]
10003170:	f8dd a034 	ldr.w	sl, [sp, #52]	@ 0x34
10003174:	f424 6300 	bic.w	r3, r4, #2048	@ 0x800
10003178:	9304      	str	r3, [sp, #16]
1000317a:	ed8d 7b00 	vstr	d7, [sp]
1000317e:	4633      	mov	r3, r6
10003180:	4651      	mov	r1, sl
10003182:	4658      	mov	r0, fp
10003184:	9a10      	ldr	r2, [sp, #64]	@ 0x40
10003186:	f000 f997 	bl	100034b8 <_ftoa>
1000318a:	4680      	mov	r8, r0
1000318c:	f1b9 0f00 	cmp.w	r9, #0
10003190:	d04f      	beq.n	10003232 <_etoa+0x1da>
10003192:	f014 0f20 	tst.w	r4, #32
10003196:	4602      	mov	r2, r0
10003198:	f100 0401 	add.w	r4, r0, #1
1000319c:	4633      	mov	r3, r6
1000319e:	bf0c      	ite	eq
100031a0:	2065      	moveq	r0, #101	@ 0x65
100031a2:	2045      	movne	r0, #69	@ 0x45
100031a4:	4651      	mov	r1, sl
100031a6:	47d8      	blx	fp
100031a8:	f109 30ff 	add.w	r0, r9, #4294967295	@ 0xffffffff
100031ac:	ea87 7ce7 	eor.w	ip, r7, r7, asr #31
100031b0:	f10d 0958 	add.w	r9, sp, #88	@ 0x58
100031b4:	2200      	movs	r2, #0
100031b6:	464b      	mov	r3, r9
100031b8:	f8df 80b0 	ldr.w	r8, [pc, #176]	@ 1000326c <_etoa+0x214>
100031bc:	ebac 7ce7 	sub.w	ip, ip, r7, asr #31
100031c0:	ea4f 7ed7 	mov.w	lr, r7, lsr #31
100031c4:	e001      	b.n	100031ca <_etoa+0x172>
100031c6:	2a20      	cmp	r2, #32
100031c8:	d010      	beq.n	100031ec <_etoa+0x194>
100031ca:	46e2      	mov	sl, ip
100031cc:	fba8 710c 	umull	r7, r1, r8, ip
100031d0:	08c9      	lsrs	r1, r1, #3
100031d2:	eb01 0781 	add.w	r7, r1, r1, lsl #2
100031d6:	ebac 0747 	sub.w	r7, ip, r7, lsl #1
100031da:	3730      	adds	r7, #48	@ 0x30
100031dc:	f1ba 0f09 	cmp.w	sl, #9
100031e0:	468c      	mov	ip, r1
100031e2:	f102 0201 	add.w	r2, r2, #1
100031e6:	f803 7b01 	strb.w	r7, [r3], #1
100031ea:	d8ec      	bhi.n	100031c6 <_etoa+0x16e>
100031ec:	2305      	movs	r3, #5
100031ee:	9005      	str	r0, [sp, #20]
100031f0:	9306      	str	r3, [sp, #24]
100031f2:	2000      	movs	r0, #0
100031f4:	230a      	movs	r3, #10
100031f6:	9f0d      	ldr	r7, [sp, #52]	@ 0x34
100031f8:	e9cd 3003 	strd	r3, r0, [sp, #12]
100031fc:	e9cd 2e01 	strd	r2, lr, [sp, #4]
10003200:	4633      	mov	r3, r6
10003202:	4622      	mov	r2, r4
10003204:	4639      	mov	r1, r7
10003206:	4658      	mov	r0, fp
10003208:	f8cd 9000 	str.w	r9, [sp]
1000320c:	f7ff fdcc 	bl	10002da8 <_ntoa_format>
10003210:	9b11      	ldr	r3, [sp, #68]	@ 0x44
10003212:	4680      	mov	r8, r0
10003214:	b16b      	cbz	r3, 10003232 <_etoa+0x1da>
10003216:	9b10      	ldr	r3, [sp, #64]	@ 0x40
10003218:	1ac4      	subs	r4, r0, r3
1000321a:	42a5      	cmp	r5, r4
1000321c:	d909      	bls.n	10003232 <_etoa+0x1da>
1000321e:	4642      	mov	r2, r8
10003220:	4633      	mov	r3, r6
10003222:	4639      	mov	r1, r7
10003224:	2020      	movs	r0, #32
10003226:	3401      	adds	r4, #1
10003228:	47d8      	blx	fp
1000322a:	42a5      	cmp	r5, r4
1000322c:	f108 0801 	add.w	r8, r8, #1
10003230:	d8f5      	bhi.n	1000321e <_etoa+0x1c6>
10003232:	4640      	mov	r0, r8
10003234:	b01f      	add	sp, #124	@ 0x7c
10003236:	e8bd 8ff0 	ldmia.w	sp!, {r4, r5, r6, r7, r8, r9, sl, fp, pc}
1000323a:	ed9d 7b08 	vldr	d7, [sp, #32]
1000323e:	4633      	mov	r3, r6
10003240:	4658      	mov	r0, fp
10003242:	9a10      	ldr	r2, [sp, #64]	@ 0x40
10003244:	990d      	ldr	r1, [sp, #52]	@ 0x34
10003246:	ed8d 7b28 	vstr	d7, [sp, #160]	@ 0xa0
1000324a:	e9cd 542b 	strd	r5, r4, [sp, #172]	@ 0xac
1000324e:	f8cd a0a8 	str.w	sl, [sp, #168]	@ 0xa8
10003252:	b01f      	add	sp, #124	@ 0x7c
10003254:	e8bd 4ff0 	ldmia.w	sp!, {r4, r5, r6, r7, r8, r9, sl, fp, lr}
10003258:	f000 b92e 	b.w	100034b8 <_ftoa>
1000325c:	f3af 8000 	nop.w
	...
10003268:	7fefffff 	.word	0x7fefffff
1000326c:	cccccccd 	.word	0xcccccccd
10003270:	f3c7 500a 	ubfx	r0, r7, #20, #11
10003274:	f2a0 30ff 	subw	r0, r0, #1023	@ 0x3ff
10003278:	f7ff fcb0 	bl	10002bdc <__wrap___aeabi_i2d>
1000327c:	a38a      	add	r3, pc, #552	@ (adr r3, 100034a8 <_etoa+0x450>)
1000327e:	e9d3 2300 	ldrd	r2, r3, [r3]
10003282:	f7ff fc37 	bl	10002af4 <__wrap___aeabi_dmul>
10003286:	a38a      	add	r3, pc, #552	@ (adr r3, 100034b0 <_etoa+0x458>)
10003288:	e9d3 2300 	ldrd	r2, r3, [r3]
1000328c:	f7ff fc0a 	bl	10002aa4 <__wrap___aeabi_dadd>
10003290:	f3c7 0713 	ubfx	r7, r7, #0, #20
10003294:	e9cd 010e 	strd	r0, r1, [sp, #56]	@ 0x38
10003298:	f047 517f 	orr.w	r1, r7, #1069547520	@ 0x3fc00000
1000329c:	4640      	mov	r0, r8
1000329e:	2200      	movs	r2, #0
100032a0:	4b7b      	ldr	r3, [pc, #492]	@ (10003490 <_etoa+0x438>)
100032a2:	f441 1140 	orr.w	r1, r1, #3145728	@ 0x300000
100032a6:	f7ff fc11 	bl	10002acc <__wrap___aeabi_dsub>
100032aa:	a36b      	add	r3, pc, #428	@ (adr r3, 10003458 <_etoa+0x400>)
100032ac:	e9d3 2300 	ldrd	r2, r3, [r3]
100032b0:	f7ff fc20 	bl	10002af4 <__wrap___aeabi_dmul>
100032b4:	4602      	mov	r2, r0
100032b6:	460b      	mov	r3, r1
100032b8:	e9dd 010e 	ldrd	r0, r1, [sp, #56]	@ 0x38
100032bc:	f7ff fbf2 	bl	10002aa4 <__wrap___aeabi_dadd>
100032c0:	f7ff fcb0 	bl	10002c24 <__wrap___aeabi_d2iz>
100032c4:	4607      	mov	r7, r0
100032c6:	f7ff fc89 	bl	10002bdc <__wrap___aeabi_i2d>
100032ca:	a365      	add	r3, pc, #404	@ (adr r3, 10003460 <_etoa+0x408>)
100032cc:	e9d3 2300 	ldrd	r2, r3, [r3]
100032d0:	4680      	mov	r8, r0
100032d2:	4689      	mov	r9, r1
100032d4:	f7ff fc0e 	bl	10002af4 <__wrap___aeabi_dmul>
100032d8:	2200      	movs	r2, #0
100032da:	4b6e      	ldr	r3, [pc, #440]	@ (10003494 <_etoa+0x43c>)
100032dc:	f7ff fbe2 	bl	10002aa4 <__wrap___aeabi_dadd>
100032e0:	f7ff fca0 	bl	10002c24 <__wrap___aeabi_d2iz>
100032e4:	4603      	mov	r3, r0
100032e6:	4649      	mov	r1, r9
100032e8:	4640      	mov	r0, r8
100032ea:	9312      	str	r3, [sp, #72]	@ 0x48
100032ec:	a35e      	add	r3, pc, #376	@ (adr r3, 10003468 <_etoa+0x410>)
100032ee:	e9d3 2300 	ldrd	r2, r3, [r3]
100032f2:	f7ff fbff 	bl	10002af4 <__wrap___aeabi_dmul>
100032f6:	4680      	mov	r8, r0
100032f8:	9812      	ldr	r0, [sp, #72]	@ 0x48
100032fa:	4689      	mov	r9, r1
100032fc:	f7ff fc6e 	bl	10002bdc <__wrap___aeabi_i2d>
10003300:	a35b      	add	r3, pc, #364	@ (adr r3, 10003470 <_etoa+0x418>)
10003302:	e9d3 2300 	ldrd	r2, r3, [r3]
10003306:	f7ff fbf5 	bl	10002af4 <__wrap___aeabi_dmul>
1000330a:	4602      	mov	r2, r0
1000330c:	460b      	mov	r3, r1
1000330e:	4640      	mov	r0, r8
10003310:	4649      	mov	r1, r9
10003312:	f7ff fbdb 	bl	10002acc <__wrap___aeabi_dsub>
10003316:	4602      	mov	r2, r0
10003318:	460b      	mov	r3, r1
1000331a:	4680      	mov	r8, r0
1000331c:	4689      	mov	r9, r1
1000331e:	f7ff fbe9 	bl	10002af4 <__wrap___aeabi_dmul>
10003322:	4642      	mov	r2, r8
10003324:	464b      	mov	r3, r9
10003326:	e9cd 010e 	strd	r0, r1, [sp, #56]	@ 0x38
1000332a:	4640      	mov	r0, r8
1000332c:	4649      	mov	r1, r9
1000332e:	f7ff fbb9 	bl	10002aa4 <__wrap___aeabi_dadd>
10003332:	2200      	movs	r2, #0
10003334:	e9cd 0114 	strd	r0, r1, [sp, #80]	@ 0x50
10003338:	e9dd 010e 	ldrd	r0, r1, [sp, #56]	@ 0x38
1000333c:	4b56      	ldr	r3, [pc, #344]	@ (10003498 <_etoa+0x440>)
1000333e:	f7ff fbff 	bl	10002b40 <__wrap___aeabi_ddiv>
10003342:	2200      	movs	r2, #0
10003344:	4b55      	ldr	r3, [pc, #340]	@ (1000349c <_etoa+0x444>)
10003346:	f7ff fbad 	bl	10002aa4 <__wrap___aeabi_dadd>
1000334a:	4602      	mov	r2, r0
1000334c:	460b      	mov	r3, r1
1000334e:	e9dd 010e 	ldrd	r0, r1, [sp, #56]	@ 0x38
10003352:	f7ff fbf5 	bl	10002b40 <__wrap___aeabi_ddiv>
10003356:	2200      	movs	r2, #0
10003358:	4b51      	ldr	r3, [pc, #324]	@ (100034a0 <_etoa+0x448>)
1000335a:	f7ff fba3 	bl	10002aa4 <__wrap___aeabi_dadd>
1000335e:	4602      	mov	r2, r0
10003360:	460b      	mov	r3, r1
10003362:	e9dd 010e 	ldrd	r0, r1, [sp, #56]	@ 0x38
10003366:	f7ff fbeb 	bl	10002b40 <__wrap___aeabi_ddiv>
1000336a:	4642      	mov	r2, r8
1000336c:	464b      	mov	r3, r9
1000336e:	4680      	mov	r8, r0
10003370:	4689      	mov	r9, r1
10003372:	2000      	movs	r0, #0
10003374:	f04f 4180 	mov.w	r1, #1073741824	@ 0x40000000
10003378:	f7ff fba8 	bl	10002acc <__wrap___aeabi_dsub>
1000337c:	4602      	mov	r2, r0
1000337e:	460b      	mov	r3, r1
10003380:	4640      	mov	r0, r8
10003382:	4649      	mov	r1, r9
10003384:	f7ff fb8e 	bl	10002aa4 <__wrap___aeabi_dadd>
10003388:	4602      	mov	r2, r0
1000338a:	460b      	mov	r3, r1
1000338c:	e9dd 0114 	ldrd	r0, r1, [sp, #80]	@ 0x50
10003390:	f7ff fbd6 	bl	10002b40 <__wrap___aeabi_ddiv>
10003394:	2200      	movs	r2, #0
10003396:	4b43      	ldr	r3, [pc, #268]	@ (100034a4 <_etoa+0x44c>)
10003398:	f7ff fb84 	bl	10002aa4 <__wrap___aeabi_dadd>
1000339c:	9b12      	ldr	r3, [sp, #72]	@ 0x48
1000339e:	2200      	movs	r2, #0
100033a0:	f203 3cff 	addw	ip, r3, #1023	@ 0x3ff
100033a4:	ea4f 530c 	mov.w	r3, ip, lsl #20
100033a8:	f7ff fba4 	bl	10002af4 <__wrap___aeabi_dmul>
100033ac:	4680      	mov	r8, r0
100033ae:	4689      	mov	r9, r1
100033b0:	e9dd 010a 	ldrd	r0, r1, [sp, #40]	@ 0x28
100033b4:	4642      	mov	r2, r8
100033b6:	464b      	mov	r3, r9
100033b8:	e9cd 890e 	strd	r8, r9, [sp, #56]	@ 0x38
100033bc:	f7ff fc68 	bl	10002c90 <__wrap___aeabi_dcmplt>
100033c0:	bb68      	cbnz	r0, 1000341e <_etoa+0x3c6>
100033c2:	4643      	mov	r3, r8
100033c4:	4649      	mov	r1, r9
100033c6:	f107 0263 	add.w	r2, r7, #99	@ 0x63
100033ca:	2ac6      	cmp	r2, #198	@ 0xc6
100033cc:	9a11      	ldr	r2, [sp, #68]	@ 0x44
100033ce:	bf8c      	ite	hi
100033d0:	f04f 0905 	movhi.w	r9, #5
100033d4:	f04f 0904 	movls.w	r9, #4
100033d8:	2a00      	cmp	r2, #0
100033da:	f43f ae9f 	beq.w	1000311c <_etoa+0xc4>
100033de:	430b      	orrs	r3, r1
100033e0:	f43f ae8e 	beq.w	10003100 <_etoa+0xa8>
100033e4:	e9dd 010a 	ldrd	r0, r1, [sp, #40]	@ 0x28
100033e8:	a323      	add	r3, pc, #140	@ (adr r3, 10003478 <_etoa+0x420>)
100033ea:	e9d3 2300 	ldrd	r2, r3, [r3]
100033ee:	f7ff fc63 	bl	10002cb8 <__wrap___aeabi_dcmpge>
100033f2:	b148      	cbz	r0, 10003408 <_etoa+0x3b0>
100033f4:	e9dd 010a 	ldrd	r0, r1, [sp, #40]	@ 0x28
100033f8:	a321      	add	r3, pc, #132	@ (adr r3, 10003480 <_etoa+0x428>)
100033fa:	e9d3 2300 	ldrd	r2, r3, [r3]
100033fe:	f7ff fc47 	bl	10002c90 <__wrap___aeabi_dcmplt>
10003402:	2800      	cmp	r0, #0
10003404:	f47f ae7c 	bne.w	10003100 <_etoa+0xa8>
10003408:	f1ba 0f00 	cmp.w	sl, #0
1000340c:	f43f ae86 	beq.w	1000311c <_etoa+0xc4>
10003410:	9b13      	ldr	r3, [sp, #76]	@ 0x4c
10003412:	2b00      	cmp	r3, #0
10003414:	f43f ae82 	beq.w	1000311c <_etoa+0xc4>
10003418:	f10a 3aff 	add.w	sl, sl, #4294967295	@ 0xffffffff
1000341c:	e67e      	b.n	1000311c <_etoa+0xc4>
1000341e:	2200      	movs	r2, #0
10003420:	4b1e      	ldr	r3, [pc, #120]	@ (1000349c <_etoa+0x444>)
10003422:	4640      	mov	r0, r8
10003424:	4649      	mov	r1, r9
10003426:	f7ff fb8b 	bl	10002b40 <__wrap___aeabi_ddiv>
1000342a:	460a      	mov	r2, r1
1000342c:	4601      	mov	r1, r0
1000342e:	4603      	mov	r3, r0
10003430:	e9cd 120e 	strd	r1, r2, [sp, #56]	@ 0x38
10003434:	3f01      	subs	r7, #1
10003436:	4611      	mov	r1, r2
10003438:	e7c5      	b.n	100033c6 <_etoa+0x36e>
1000343a:	ed9f 7b13 	vldr	d7, [pc, #76]	@ 10003488 <_etoa+0x430>
1000343e:	4617      	mov	r7, r2
10003440:	f04f 0904 	mov.w	r9, #4
10003444:	ed8d 7b0e 	vstr	d7, [sp, #56]	@ 0x38
10003448:	e668      	b.n	1000311c <_etoa+0xc4>
1000344a:	f108 4300 	add.w	r3, r8, #2147483648	@ 0x80000000
1000344e:	970a      	str	r7, [sp, #40]	@ 0x28
10003450:	930b      	str	r3, [sp, #44]	@ 0x2c
10003452:	e63c      	b.n	100030ce <_etoa+0x76>
10003454:	f3af 8000 	nop.w
10003458:	636f4361 	.word	0x636f4361
1000345c:	3fd287a7 	.word	0x3fd287a7
10003460:	0979a371 	.word	0x0979a371
10003464:	400a934f 	.word	0x400a934f
10003468:	bbb55516 	.word	0xbbb55516
1000346c:	40026bb1 	.word	0x40026bb1
10003470:	fefa39ef 	.word	0xfefa39ef
10003474:	3fe62e42 	.word	0x3fe62e42
10003478:	eb1c432d 	.word	0xeb1c432d
1000347c:	3f1a36e2 	.word	0x3f1a36e2
10003480:	00000000 	.word	0x00000000
10003484:	412e8480 	.word	0x412e8480
	...
10003490:	3ff80000 	.word	0x3ff80000
10003494:	3fe00000 	.word	0x3fe00000
10003498:	402c0000 	.word	0x402c0000
1000349c:	40240000 	.word	0x40240000
100034a0:	40180000 	.word	0x40180000
100034a4:	3ff00000 	.word	0x3ff00000
100034a8:	509f79fb 	.word	0x509f79fb
100034ac:	3fd34413 	.word	0x3fd34413
100034b0:	8b60c8b3 	.word	0x8b60c8b3
100034b4:	3fc68a28 	.word	0x3fc68a28

100034b8 <_ftoa>:
100034b8:	e92d 4ff0 	stmdb	sp!, {r4, r5, r6, r7, r8, r9, sl, fp, lr}
100034bc:	b097      	sub	sp, #92	@ 0x5c
100034be:	e9dd 8920 	ldrd	r8, r9, [sp, #128]	@ 0x80
100034c2:	e9cd 0104 	strd	r0, r1, [sp, #16]
100034c6:	e9dd 4b22 	ldrd	r4, fp, [sp, #136]	@ 0x88
100034ca:	e9cd 2306 	strd	r2, r3, [sp, #24]
100034ce:	4640      	mov	r0, r8
100034d0:	4642      	mov	r2, r8
100034d2:	464b      	mov	r3, r9
100034d4:	4649      	mov	r1, r9
100034d6:	f8dd a090 	ldr.w	sl, [sp, #144]	@ 0x90
100034da:	f7ff fbc7 	bl	10002c6c <__wrap___aeabi_dcmpun>
100034de:	2800      	cmp	r0, #0
100034e0:	f040 81c5 	bne.w	1000386e <_ftoa+0x3b6>
100034e4:	4640      	mov	r0, r8
100034e6:	4649      	mov	r1, r9
100034e8:	f04f 32ff 	mov.w	r2, #4294967295	@ 0xffffffff
100034ec:	f46f 1380 	mvn.w	r3, #1048576	@ 0x100000
100034f0:	f7ff fbce 	bl	10002c90 <__wrap___aeabi_dcmplt>
100034f4:	2800      	cmp	r0, #0
100034f6:	f040 811d 	bne.w	10003734 <_ftoa+0x27c>
100034fa:	4640      	mov	r0, r8
100034fc:	4649      	mov	r1, r9
100034fe:	f04f 32ff 	mov.w	r2, #4294967295	@ 0xffffffff
10003502:	4bc1      	ldr	r3, [pc, #772]	@ (10003808 <_ftoa+0x350>)
10003504:	f7ff fbec 	bl	10002ce0 <__wrap___aeabi_dcmpgt>
10003508:	2800      	cmp	r0, #0
1000350a:	f040 80e3 	bne.w	100036d4 <_ftoa+0x21c>
1000350e:	a3b8      	add	r3, pc, #736	@ (adr r3, 100037f0 <_ftoa+0x338>)
10003510:	e9d3 2300 	ldrd	r2, r3, [r3]
10003514:	4640      	mov	r0, r8
10003516:	4649      	mov	r1, r9
10003518:	f7ff fbe2 	bl	10002ce0 <__wrap___aeabi_dcmpgt>
1000351c:	2800      	cmp	r0, #0
1000351e:	f040 80cb 	bne.w	100036b8 <_ftoa+0x200>
10003522:	a3b5      	add	r3, pc, #724	@ (adr r3, 100037f8 <_ftoa+0x340>)
10003524:	e9d3 2300 	ldrd	r2, r3, [r3]
10003528:	4640      	mov	r0, r8
1000352a:	4649      	mov	r1, r9
1000352c:	f7ff fbb0 	bl	10002c90 <__wrap___aeabi_dcmplt>
10003530:	2800      	cmp	r0, #0
10003532:	f040 80c1 	bne.w	100036b8 <_ftoa+0x200>
10003536:	4640      	mov	r0, r8
10003538:	4649      	mov	r1, r9
1000353a:	2200      	movs	r2, #0
1000353c:	2300      	movs	r3, #0
1000353e:	f7ff fba7 	bl	10002c90 <__wrap___aeabi_dcmplt>
10003542:	2800      	cmp	r0, #0
10003544:	f040 80e0 	bne.w	10003708 <_ftoa+0x250>
10003548:	f41a 6580 	ands.w	r5, sl, #1024	@ 0x400
1000354c:	900d      	str	r0, [sp, #52]	@ 0x34
1000354e:	f000 80e9 	beq.w	10003724 <_ftoa+0x26c>
10003552:	2c09      	cmp	r4, #9
10003554:	f240 8196 	bls.w	10003884 <_ftoa+0x3cc>
10003558:	ab0e      	add	r3, sp, #56	@ 0x38
1000355a:	461a      	mov	r2, r3
1000355c:	930c      	str	r3, [sp, #48]	@ 0x30
1000355e:	2130      	movs	r1, #48	@ 0x30
10003560:	2300      	movs	r3, #0
10003562:	f1a4 0509 	sub.w	r5, r4, #9
10003566:	3301      	adds	r3, #1
10003568:	2b20      	cmp	r3, #32
1000356a:	f802 1b01 	strb.w	r1, [r2], #1
1000356e:	eba4 0603 	sub.w	r6, r4, r3
10003572:	f000 813a 	beq.w	100037ea <_ftoa+0x332>
10003576:	42ab      	cmp	r3, r5
10003578:	d1f5      	bne.n	10003566 <_ftoa+0xae>
1000357a:	ed9f 7b9d 	vldr	d7, [pc, #628]	@ 100037f0 <_ftoa+0x338>
1000357e:	ed8d 7b08 	vstr	d7, [sp, #32]
10003582:	4649      	mov	r1, r9
10003584:	4640      	mov	r0, r8
10003586:	f7ff fb4d 	bl	10002c24 <__wrap___aeabi_d2iz>
1000358a:	4604      	mov	r4, r0
1000358c:	f7ff fb26 	bl	10002bdc <__wrap___aeabi_i2d>
10003590:	4602      	mov	r2, r0
10003592:	460b      	mov	r3, r1
10003594:	4640      	mov	r0, r8
10003596:	4649      	mov	r1, r9
10003598:	f7ff fa98 	bl	10002acc <__wrap___aeabi_dsub>
1000359c:	e9dd 2308 	ldrd	r2, r3, [sp, #32]
100035a0:	f7ff faa8 	bl	10002af4 <__wrap___aeabi_dmul>
100035a4:	4602      	mov	r2, r0
100035a6:	460b      	mov	r3, r1
100035a8:	e9cd 230a 	strd	r2, r3, [sp, #40]	@ 0x28
100035ac:	f7ff fb4c 	bl	10002c48 <__wrap___aeabi_d2uiz>
100035b0:	4607      	mov	r7, r0
100035b2:	f7ff fb25 	bl	10002c00 <__wrap___aeabi_ui2d>
100035b6:	4602      	mov	r2, r0
100035b8:	460b      	mov	r3, r1
100035ba:	e9dd 010a 	ldrd	r0, r1, [sp, #40]	@ 0x28
100035be:	f7ff fa85 	bl	10002acc <__wrap___aeabi_dsub>
100035c2:	4602      	mov	r2, r0
100035c4:	460b      	mov	r3, r1
100035c6:	e9cd 230a 	strd	r2, r3, [sp, #40]	@ 0x28
100035ca:	2200      	movs	r2, #0
100035cc:	4b8f      	ldr	r3, [pc, #572]	@ (1000380c <_ftoa+0x354>)
100035ce:	f7ff fb87 	bl	10002ce0 <__wrap___aeabi_dcmpgt>
100035d2:	2800      	cmp	r0, #0
100035d4:	f000 80db 	beq.w	1000378e <_ftoa+0x2d6>
100035d8:	3701      	adds	r7, #1
100035da:	4638      	mov	r0, r7
100035dc:	f7ff fb10 	bl	10002c00 <__wrap___aeabi_ui2d>
100035e0:	e9dd 2308 	ldrd	r2, r3, [sp, #32]
100035e4:	f7ff fb68 	bl	10002cb8 <__wrap___aeabi_dcmpge>
100035e8:	b108      	cbz	r0, 100035ee <_ftoa+0x136>
100035ea:	2700      	movs	r7, #0
100035ec:	3401      	adds	r4, #1
100035ee:	2e00      	cmp	r6, #0
100035f0:	f040 80b1 	bne.w	10003756 <_ftoa+0x29e>
100035f4:	4620      	mov	r0, r4
100035f6:	f7ff faf1 	bl	10002bdc <__wrap___aeabi_i2d>
100035fa:	4602      	mov	r2, r0
100035fc:	460b      	mov	r3, r1
100035fe:	4640      	mov	r0, r8
10003600:	4649      	mov	r1, r9
10003602:	f7ff fa63 	bl	10002acc <__wrap___aeabi_dsub>
10003606:	2200      	movs	r2, #0
10003608:	4b80      	ldr	r3, [pc, #512]	@ (1000380c <_ftoa+0x354>)
1000360a:	4606      	mov	r6, r0
1000360c:	460f      	mov	r7, r1
1000360e:	f7ff fb3f 	bl	10002c90 <__wrap___aeabi_dcmplt>
10003612:	b940      	cbnz	r0, 10003626 <_ftoa+0x16e>
10003614:	4630      	mov	r0, r6
10003616:	4639      	mov	r1, r7
10003618:	2200      	movs	r2, #0
1000361a:	4b7c      	ldr	r3, [pc, #496]	@ (1000380c <_ftoa+0x354>)
1000361c:	f7ff fb60 	bl	10002ce0 <__wrap___aeabi_dcmpgt>
10003620:	2800      	cmp	r0, #0
10003622:	f000 8115 	beq.w	10003850 <_ftoa+0x398>
10003626:	9b0c      	ldr	r3, [sp, #48]	@ 0x30
10003628:	1e69      	subs	r1, r5, #1
1000362a:	4879      	ldr	r0, [pc, #484]	@ (10003810 <_ftoa+0x358>)
1000362c:	4419      	add	r1, r3
1000362e:	e010      	b.n	10003652 <_ftoa+0x19a>
10003630:	fb80 6204 	smull	r6, r2, r0, r4
10003634:	ebc3 03a2 	rsb	r3, r3, r2, asr #2
10003638:	eb03 0283 	add.w	r2, r3, r3, lsl #2
1000363c:	eba4 0442 	sub.w	r4, r4, r2, lsl #1
10003640:	f104 0230 	add.w	r2, r4, #48	@ 0x30
10003644:	3501      	adds	r5, #1
10003646:	461c      	mov	r4, r3
10003648:	f801 2f01 	strb.w	r2, [r1, #1]!
1000364c:	2b00      	cmp	r3, #0
1000364e:	f000 80ab 	beq.w	100037a8 <_ftoa+0x2f0>
10003652:	2d20      	cmp	r5, #32
10003654:	ea4f 73e4 	mov.w	r3, r4, asr #31
10003658:	d1ea      	bne.n	10003630 <_ftoa+0x178>
1000365a:	f00a 0303 	and.w	r3, sl, #3
1000365e:	2b01      	cmp	r3, #1
10003660:	d11c      	bne.n	1000369c <_ftoa+0x1e4>
10003662:	f1bb 0f00 	cmp.w	fp, #0
10003666:	d019      	beq.n	1000369c <_ftoa+0x1e4>
10003668:	9b0d      	ldr	r3, [sp, #52]	@ 0x34
1000366a:	2b00      	cmp	r3, #0
1000366c:	f040 80f9 	bne.w	10003862 <_ftoa+0x3aa>
10003670:	f01a 0f0c 	tst.w	sl, #12
10003674:	f040 80f5 	bne.w	10003862 <_ftoa+0x3aa>
10003678:	45ab      	cmp	fp, r5
1000367a:	f240 80d3 	bls.w	10003824 <_ftoa+0x36c>
1000367e:	2d20      	cmp	r5, #32
10003680:	d00b      	beq.n	1000369a <_ftoa+0x1e2>
10003682:	2230      	movs	r2, #48	@ 0x30
10003684:	990c      	ldr	r1, [sp, #48]	@ 0x30
10003686:	1e6b      	subs	r3, r5, #1
10003688:	440b      	add	r3, r1
1000368a:	3501      	adds	r5, #1
1000368c:	455d      	cmp	r5, fp
1000368e:	f803 2f01 	strb.w	r2, [r3, #1]!
10003692:	f000 808d 	beq.w	100037b0 <_ftoa+0x2f8>
10003696:	2d20      	cmp	r5, #32
10003698:	d1f7      	bne.n	1000368a <_ftoa+0x1d2>
1000369a:	2520      	movs	r5, #32
1000369c:	e9dd 2306 	ldrd	r2, r3, [sp, #24]
100036a0:	e9dd 0104 	ldrd	r0, r1, [sp, #16]
100036a4:	9c0c      	ldr	r4, [sp, #48]	@ 0x30
100036a6:	e9cd ba02 	strd	fp, sl, [sp, #8]
100036aa:	9501      	str	r5, [sp, #4]
100036ac:	9400      	str	r4, [sp, #0]
100036ae:	f7ff fb2d 	bl	10002d0c <_out_rev>
100036b2:	b017      	add	sp, #92	@ 0x5c
100036b4:	e8bd 8ff0 	ldmia.w	sp!, {r4, r5, r6, r7, r8, r9, sl, fp, pc}
100036b8:	e9cd 8920 	strd	r8, r9, [sp, #128]	@ 0x80
100036bc:	e9dd 2306 	ldrd	r2, r3, [sp, #24]
100036c0:	e9dd 0104 	ldrd	r0, r1, [sp, #16]
100036c4:	e9cd ba23 	strd	fp, sl, [sp, #140]	@ 0x8c
100036c8:	9422      	str	r4, [sp, #136]	@ 0x88
100036ca:	b017      	add	sp, #92	@ 0x5c
100036cc:	e8bd 4ff0 	ldmia.w	sp!, {r4, r5, r6, r7, r8, r9, sl, fp, lr}
100036d0:	f7ff bcc2 	b.w	10003058 <_etoa>
100036d4:	4d4f      	ldr	r5, [pc, #316]	@ (10003814 <_ftoa+0x35c>)
100036d6:	f8cd a08c 	str.w	sl, [sp, #140]	@ 0x8c
100036da:	f00a 0a04 	and.w	sl, sl, #4
100036de:	f1ba 0f00 	cmp.w	sl, #0
100036e2:	4c4d      	ldr	r4, [pc, #308]	@ (10003818 <_ftoa+0x360>)
100036e4:	bf18      	it	ne
100036e6:	462c      	movne	r4, r5
100036e8:	e9dd 2306 	ldrd	r2, r3, [sp, #24]
100036ec:	e9dd 0104 	ldrd	r0, r1, [sp, #16]
100036f0:	9420      	str	r4, [sp, #128]	@ 0x80
100036f2:	bf0c      	ite	eq
100036f4:	2403      	moveq	r4, #3
100036f6:	2404      	movne	r4, #4
100036f8:	f8cd b088 	str.w	fp, [sp, #136]	@ 0x88
100036fc:	9421      	str	r4, [sp, #132]	@ 0x84
100036fe:	b017      	add	sp, #92	@ 0x5c
10003700:	e8bd 4ff0 	ldmia.w	sp!, {r4, r5, r6, r7, r8, r9, sl, fp, lr}
10003704:	f7ff bb02 	b.w	10002d0c <_out_rev>
10003708:	464b      	mov	r3, r9
1000370a:	4642      	mov	r2, r8
1000370c:	2000      	movs	r0, #0
1000370e:	2100      	movs	r1, #0
10003710:	f7ff f9dc 	bl	10002acc <__wrap___aeabi_dsub>
10003714:	2301      	movs	r3, #1
10003716:	f41a 6580 	ands.w	r5, sl, #1024	@ 0x400
1000371a:	4680      	mov	r8, r0
1000371c:	4689      	mov	r9, r1
1000371e:	930d      	str	r3, [sp, #52]	@ 0x34
10003720:	f47f af17 	bne.w	10003552 <_ftoa+0x9a>
10003724:	ed9f 7b36 	vldr	d7, [pc, #216]	@ 10003800 <_ftoa+0x348>
10003728:	ab0e      	add	r3, sp, #56	@ 0x38
1000372a:	2606      	movs	r6, #6
1000372c:	ed8d 7b08 	vstr	d7, [sp, #32]
10003730:	930c      	str	r3, [sp, #48]	@ 0x30
10003732:	e726      	b.n	10003582 <_ftoa+0xca>
10003734:	2404      	movs	r4, #4
10003736:	e9dd 2306 	ldrd	r2, r3, [sp, #24]
1000373a:	e9dd 0104 	ldrd	r0, r1, [sp, #16]
1000373e:	4d37      	ldr	r5, [pc, #220]	@ (1000381c <_ftoa+0x364>)
10003740:	f8cd a08c 	str.w	sl, [sp, #140]	@ 0x8c
10003744:	f8cd b088 	str.w	fp, [sp, #136]	@ 0x88
10003748:	9520      	str	r5, [sp, #128]	@ 0x80
1000374a:	9421      	str	r4, [sp, #132]	@ 0x84
1000374c:	b017      	add	sp, #92	@ 0x5c
1000374e:	e8bd 4ff0 	ldmia.w	sp!, {r4, r5, r6, r7, r8, r9, sl, fp, lr}
10003752:	f7ff badb 	b.w	10002d0c <_out_rev>
10003756:	9b0c      	ldr	r3, [sp, #48]	@ 0x30
10003758:	1e68      	subs	r0, r5, #1
1000375a:	f8df c0c4 	ldr.w	ip, [pc, #196]	@ 10003820 <_ftoa+0x368>
1000375e:	4418      	add	r0, r3
10003760:	e00d      	b.n	1000377e <_ftoa+0x2c6>
10003762:	fbac 2107 	umull	r2, r1, ip, r7
10003766:	08c9      	lsrs	r1, r1, #3
10003768:	eb01 0281 	add.w	r2, r1, r1, lsl #2
1000376c:	eba7 0242 	sub.w	r2, r7, r2, lsl #1
10003770:	3230      	adds	r2, #48	@ 0x30
10003772:	2f09      	cmp	r7, #9
10003774:	f800 2f01 	strb.w	r2, [r0, #1]!
10003778:	d927      	bls.n	100037ca <_ftoa+0x312>
1000377a:	460f      	mov	r7, r1
1000377c:	461d      	mov	r5, r3
1000377e:	2d20      	cmp	r5, #32
10003780:	f105 0301 	add.w	r3, r5, #1
10003784:	f106 36ff 	add.w	r6, r6, #4294967295	@ 0xffffffff
10003788:	d1eb      	bne.n	10003762 <_ftoa+0x2aa>
1000378a:	2520      	movs	r5, #32
1000378c:	e74b      	b.n	10003626 <_ftoa+0x16e>
1000378e:	2200      	movs	r2, #0
10003790:	e9dd 010a 	ldrd	r0, r1, [sp, #40]	@ 0x28
10003794:	4b1d      	ldr	r3, [pc, #116]	@ (1000380c <_ftoa+0x354>)
10003796:	f7ff fa7b 	bl	10002c90 <__wrap___aeabi_dcmplt>
1000379a:	2800      	cmp	r0, #0
1000379c:	f47f af27 	bne.w	100035ee <_ftoa+0x136>
100037a0:	2f00      	cmp	r7, #0
100037a2:	d15a      	bne.n	1000385a <_ftoa+0x3a2>
100037a4:	3701      	adds	r7, #1
100037a6:	e722      	b.n	100035ee <_ftoa+0x136>
100037a8:	f00a 0303 	and.w	r3, sl, #3
100037ac:	2b01      	cmp	r3, #1
100037ae:	d075      	beq.n	1000389c <_ftoa+0x3e4>
100037b0:	2d20      	cmp	r5, #32
100037b2:	f43f af73 	beq.w	1000369c <_ftoa+0x1e4>
100037b6:	9b0d      	ldr	r3, [sp, #52]	@ 0x34
100037b8:	b3bb      	cbz	r3, 1000382a <_ftoa+0x372>
100037ba:	222d      	movs	r2, #45	@ 0x2d
100037bc:	f105 0358 	add.w	r3, r5, #88	@ 0x58
100037c0:	446b      	add	r3, sp
100037c2:	f803 2c20 	strb.w	r2, [r3, #-32]
100037c6:	3501      	adds	r5, #1
100037c8:	e768      	b.n	1000369c <_ftoa+0x1e4>
100037ca:	2b20      	cmp	r3, #32
100037cc:	d0dd      	beq.n	1000378a <_ftoa+0x2d2>
100037ce:	b3ae      	cbz	r6, 1000383c <_ftoa+0x384>
100037d0:	9a0c      	ldr	r2, [sp, #48]	@ 0x30
100037d2:	441e      	add	r6, r3
100037d4:	4415      	add	r5, r2
100037d6:	2230      	movs	r2, #48	@ 0x30
100037d8:	e001      	b.n	100037de <_ftoa+0x326>
100037da:	42b3      	cmp	r3, r6
100037dc:	d02e      	beq.n	1000383c <_ftoa+0x384>
100037de:	3301      	adds	r3, #1
100037e0:	2b20      	cmp	r3, #32
100037e2:	f805 2f01 	strb.w	r2, [r5, #1]!
100037e6:	d1f8      	bne.n	100037da <_ftoa+0x322>
100037e8:	e7cf      	b.n	1000378a <_ftoa+0x2d2>
100037ea:	461d      	mov	r5, r3
100037ec:	e6c5      	b.n	1000357a <_ftoa+0xc2>
100037ee:	bf00      	nop
100037f0:	00000000 	.word	0x00000000
100037f4:	41cdcd65 	.word	0x41cdcd65
100037f8:	00000000 	.word	0x00000000
100037fc:	c1cdcd65 	.word	0xc1cdcd65
10003800:	00000000 	.word	0x00000000
10003804:	412e8480 	.word	0x412e8480
10003808:	7fefffff 	.word	0x7fefffff
1000380c:	3fe00000 	.word	0x3fe00000
10003810:	66666667 	.word	0x66666667
10003814:	1000744c 	.word	0x1000744c
10003818:	10007454 	.word	0x10007454
1000381c:	1000745c 	.word	0x1000745c
10003820:	cccccccd 	.word	0xcccccccd
10003824:	2d20      	cmp	r5, #32
10003826:	f43f af39 	beq.w	1000369c <_ftoa+0x1e4>
1000382a:	f01a 0f04 	tst.w	sl, #4
1000382e:	d10d      	bne.n	1000384c <_ftoa+0x394>
10003830:	f01a 0f08 	tst.w	sl, #8
10003834:	f43f af32 	beq.w	1000369c <_ftoa+0x1e4>
10003838:	2220      	movs	r2, #32
1000383a:	e7bf      	b.n	100037bc <_ftoa+0x304>
1000383c:	212e      	movs	r1, #46	@ 0x2e
1000383e:	f103 0258 	add.w	r2, r3, #88	@ 0x58
10003842:	446a      	add	r2, sp
10003844:	f802 1c20 	strb.w	r1, [r2, #-32]
10003848:	1c5d      	adds	r5, r3, #1
1000384a:	e6ec      	b.n	10003626 <_ftoa+0x16e>
1000384c:	222b      	movs	r2, #43	@ 0x2b
1000384e:	e7b5      	b.n	100037bc <_ftoa+0x304>
10003850:	07e3      	lsls	r3, r4, #31
10003852:	f57f aee8 	bpl.w	10003626 <_ftoa+0x16e>
10003856:	3401      	adds	r4, #1
10003858:	e6e5      	b.n	10003626 <_ftoa+0x16e>
1000385a:	07fa      	lsls	r2, r7, #31
1000385c:	f57f aec7 	bpl.w	100035ee <_ftoa+0x136>
10003860:	e7a0      	b.n	100037a4 <_ftoa+0x2ec>
10003862:	f10b 3bff 	add.w	fp, fp, #4294967295	@ 0xffffffff
10003866:	45ab      	cmp	fp, r5
10003868:	f63f af09 	bhi.w	1000367e <_ftoa+0x1c6>
1000386c:	e7a0      	b.n	100037b0 <_ftoa+0x2f8>
1000386e:	2403      	movs	r4, #3
10003870:	e9dd 2306 	ldrd	r2, r3, [sp, #24]
10003874:	e9dd 0104 	ldrd	r0, r1, [sp, #16]
10003878:	4d0a      	ldr	r5, [pc, #40]	@ (100038a4 <_ftoa+0x3ec>)
1000387a:	f8cd a08c 	str.w	sl, [sp, #140]	@ 0x8c
1000387e:	f8cd b088 	str.w	fp, [sp, #136]	@ 0x88
10003882:	e761      	b.n	10003748 <_ftoa+0x290>
10003884:	4b08      	ldr	r3, [pc, #32]	@ (100038a8 <_ftoa+0x3f0>)
10003886:	4626      	mov	r6, r4
10003888:	eb03 03c4 	add.w	r3, r3, r4, lsl #3
1000388c:	ed93 7b00 	vldr	d7, [r3]
10003890:	ab0e      	add	r3, sp, #56	@ 0x38
10003892:	ed8d 7b08 	vstr	d7, [sp, #32]
10003896:	2500      	movs	r5, #0
10003898:	930c      	str	r3, [sp, #48]	@ 0x30
1000389a:	e672      	b.n	10003582 <_ftoa+0xca>
1000389c:	f1bb 0f00 	cmp.w	fp, #0
100038a0:	d086      	beq.n	100037b0 <_ftoa+0x2f8>
100038a2:	e6e1      	b.n	10003668 <_ftoa+0x1b0>
100038a4:	10007458 	.word	0x10007458
100038a8:	10007750 	.word	0x10007750

100038ac <_vsnprintf>:
100038ac:	e92d 4ff0 	stmdb	sp!, {r4, r5, r6, r7, r8, r9, sl, fp, lr}
100038b0:	469a      	mov	sl, r3
100038b2:	b09b      	sub	sp, #108	@ 0x6c
100038b4:	9c24      	ldr	r4, [sp, #144]	@ 0x90
100038b6:	4d96      	ldr	r5, [pc, #600]	@ (10003b10 <_vsnprintf+0x264>)
100038b8:	940b      	str	r4, [sp, #44]	@ 0x2c
100038ba:	4c96      	ldr	r4, [pc, #600]	@ (10003b14 <_vsnprintf+0x268>)
100038bc:	1e0b      	subs	r3, r1, #0
100038be:	bf18      	it	ne
100038c0:	4683      	movne	fp, r0
100038c2:	6025      	str	r5, [r4, #0]
100038c4:	f89a 0000 	ldrb.w	r0, [sl]
100038c8:	4c93      	ldr	r4, [pc, #588]	@ (10003b18 <_vsnprintf+0x26c>)
100038ca:	930a      	str	r3, [sp, #40]	@ 0x28
100038cc:	bf08      	it	eq
100038ce:	46a3      	moveq	fp, r4
100038d0:	9209      	str	r2, [sp, #36]	@ 0x24
100038d2:	2800      	cmp	r0, #0
100038d4:	f000 82bc 	beq.w	10003e50 <_vsnprintf+0x5a4>
100038d8:	f04f 0900 	mov.w	r9, #0
100038dc:	e00a      	b.n	100038f4 <_vsnprintf+0x48>
100038de:	464a      	mov	r2, r9
100038e0:	9b09      	ldr	r3, [sp, #36]	@ 0x24
100038e2:	990a      	ldr	r1, [sp, #40]	@ 0x28
100038e4:	f109 0901 	add.w	r9, r9, #1
100038e8:	47d8      	blx	fp
100038ea:	f89a 0000 	ldrb.w	r0, [sl]
100038ee:	2800      	cmp	r0, #0
100038f0:	f000 80ce 	beq.w	10003a90 <_vsnprintf+0x1e4>
100038f4:	2825      	cmp	r0, #37	@ 0x25
100038f6:	f10a 0a01 	add.w	sl, sl, #1
100038fa:	d1f0      	bne.n	100038de <_vsnprintf+0x32>
100038fc:	2300      	movs	r3, #0
100038fe:	4652      	mov	r2, sl
10003900:	f812 0b01 	ldrb.w	r0, [r2], #1
10003904:	f1a0 0120 	sub.w	r1, r0, #32
10003908:	2910      	cmp	r1, #16
1000390a:	d80a      	bhi.n	10003922 <_vsnprintf+0x76>
1000390c:	e8df f001 	tbb	[pc, r1]
10003910:	3c090940 	.word	0x3c090940
10003914:	09090909 	.word	0x09090909
10003918:	38090909 	.word	0x38090909
1000391c:	09093409 	.word	0x09093409
10003920:	30          	.byte	0x30
10003921:	00          	.byte	0x00
10003922:	f1a0 0130 	sub.w	r1, r0, #48	@ 0x30
10003926:	2909      	cmp	r1, #9
10003928:	f240 808c 	bls.w	10003a44 <_vsnprintf+0x198>
1000392c:	282a      	cmp	r0, #42	@ 0x2a
1000392e:	f000 80f5 	beq.w	10003b1c <_vsnprintf+0x270>
10003932:	2100      	movs	r1, #0
10003934:	910c      	str	r1, [sp, #48]	@ 0x30
10003936:	282e      	cmp	r0, #46	@ 0x2e
10003938:	f000 8099 	beq.w	10003a6e <_vsnprintf+0x1c2>
1000393c:	2700      	movs	r7, #0
1000393e:	f1a0 0168 	sub.w	r1, r0, #104	@ 0x68
10003942:	2912      	cmp	r1, #18
10003944:	d82d      	bhi.n	100039a2 <_vsnprintf+0xf6>
10003946:	e8df f011 	tbh	[pc, r1, lsl #1]
1000394a:	0157      	.short	0x0157
1000394c:	0151002c 	.word	0x0151002c
10003950:	0145002c 	.word	0x0145002c
10003954:	002c002c 	.word	0x002c002c
10003958:	002c002c 	.word	0x002c002c
1000395c:	002c002c 	.word	0x002c002c
10003960:	0027002c 	.word	0x0027002c
10003964:	002c002c 	.word	0x002c002c
10003968:	002c002c 	.word	0x002c002c
1000396c:	0027002c 	.word	0x0027002c
10003970:	4692      	mov	sl, r2
10003972:	f043 0301 	orr.w	r3, r3, #1
10003976:	e7c2      	b.n	100038fe <_vsnprintf+0x52>
10003978:	4692      	mov	sl, r2
1000397a:	f043 0302 	orr.w	r3, r3, #2
1000397e:	e7be      	b.n	100038fe <_vsnprintf+0x52>
10003980:	4692      	mov	sl, r2
10003982:	f043 0304 	orr.w	r3, r3, #4
10003986:	e7ba      	b.n	100038fe <_vsnprintf+0x52>
10003988:	4692      	mov	sl, r2
1000398a:	f043 0310 	orr.w	r3, r3, #16
1000398e:	e7b6      	b.n	100038fe <_vsnprintf+0x52>
10003990:	4692      	mov	sl, r2
10003992:	f043 0308 	orr.w	r3, r3, #8
10003996:	e7b2      	b.n	100038fe <_vsnprintf+0x52>
10003998:	f89a 0001 	ldrb.w	r0, [sl, #1]
1000399c:	f443 7380 	orr.w	r3, r3, #256	@ 0x100
100039a0:	3201      	adds	r2, #1
100039a2:	2867      	cmp	r0, #103	@ 0x67
100039a4:	4692      	mov	sl, r2
100039a6:	f200 8082 	bhi.w	10003aae <_vsnprintf+0x202>
100039aa:	2824      	cmp	r0, #36	@ 0x24
100039ac:	f240 80c6 	bls.w	10003b3c <_vsnprintf+0x290>
100039b0:	f1a0 0225 	sub.w	r2, r0, #37	@ 0x25
100039b4:	2a42      	cmp	r2, #66	@ 0x42
100039b6:	f200 80c1 	bhi.w	10003b3c <_vsnprintf+0x290>
100039ba:	e8df f012 	tbh	[pc, r2, lsl #1]
100039be:	015f      	.short	0x015f
100039c0:	00bf00bf 	.word	0x00bf00bf
100039c4:	00bf00bf 	.word	0x00bf00bf
100039c8:	00bf00bf 	.word	0x00bf00bf
100039cc:	00bf00bf 	.word	0x00bf00bf
100039d0:	00bf00bf 	.word	0x00bf00bf
100039d4:	00bf00bf 	.word	0x00bf00bf
100039d8:	00bf00bf 	.word	0x00bf00bf
100039dc:	00bf00bf 	.word	0x00bf00bf
100039e0:	00bf00bf 	.word	0x00bf00bf
100039e4:	00bf00bf 	.word	0x00bf00bf
100039e8:	00bf00bf 	.word	0x00bf00bf
100039ec:	00bf00bf 	.word	0x00bf00bf
100039f0:	00bf00bf 	.word	0x00bf00bf
100039f4:	00bf00bf 	.word	0x00bf00bf
100039f8:	00bf00bf 	.word	0x00bf00bf
100039fc:	012600bf 	.word	0x012600bf
10003a00:	01260145 	.word	0x01260145
10003a04:	00bf00bf 	.word	0x00bf00bf
10003a08:	00bf00bf 	.word	0x00bf00bf
10003a0c:	00bf00bf 	.word	0x00bf00bf
10003a10:	00bf00bf 	.word	0x00bf00bf
10003a14:	00bf00bf 	.word	0x00bf00bf
10003a18:	00bf00bf 	.word	0x00bf00bf
10003a1c:	00bf00bf 	.word	0x00bf00bf
10003a20:	00bf00bf 	.word	0x00bf00bf
10003a24:	00bf01d3 	.word	0x00bf01d3
10003a28:	00bf00bf 	.word	0x00bf00bf
10003a2c:	00bf00bf 	.word	0x00bf00bf
10003a30:	00bf00bf 	.word	0x00bf00bf
10003a34:	00bf00bf 	.word	0x00bf00bf
10003a38:	016701d3 	.word	0x016701d3
10003a3c:	012601d3 	.word	0x012601d3
10003a40:	01260145 	.word	0x01260145
10003a44:	2100      	movs	r1, #0
10003a46:	e000      	b.n	10003a4a <_vsnprintf+0x19e>
10003a48:	3201      	adds	r2, #1
10003a4a:	eb01 0181 	add.w	r1, r1, r1, lsl #2
10003a4e:	eb00 0141 	add.w	r1, r0, r1, lsl #1
10003a52:	7810      	ldrb	r0, [r2, #0]
10003a54:	4692      	mov	sl, r2
10003a56:	f1a0 0430 	sub.w	r4, r0, #48	@ 0x30
10003a5a:	2c09      	cmp	r4, #9
10003a5c:	f1a1 0130 	sub.w	r1, r1, #48	@ 0x30
10003a60:	d9f2      	bls.n	10003a48 <_vsnprintf+0x19c>
10003a62:	282e      	cmp	r0, #46	@ 0x2e
10003a64:	910c      	str	r1, [sp, #48]	@ 0x30
10003a66:	f102 0201 	add.w	r2, r2, #1
10003a6a:	f47f af67 	bne.w	1000393c <_vsnprintf+0x90>
10003a6e:	f89a 0001 	ldrb.w	r0, [sl, #1]
10003a72:	4611      	mov	r1, r2
10003a74:	f1a0 0630 	sub.w	r6, r0, #48	@ 0x30
10003a78:	2e09      	cmp	r6, #9
10003a7a:	f443 6380 	orr.w	r3, r3, #1024	@ 0x400
10003a7e:	f240 8131 	bls.w	10003ce4 <_vsnprintf+0x438>
10003a82:	282a      	cmp	r0, #42	@ 0x2a
10003a84:	f000 813e 	beq.w	10003d04 <_vsnprintf+0x458>
10003a88:	4692      	mov	sl, r2
10003a8a:	2700      	movs	r7, #0
10003a8c:	3201      	adds	r2, #1
10003a8e:	e756      	b.n	1000393e <_vsnprintf+0x92>
10003a90:	464c      	mov	r4, r9
10003a92:	9b09      	ldr	r3, [sp, #36]	@ 0x24
10003a94:	4599      	cmp	r9, r3
10003a96:	d301      	bcc.n	10003a9c <_vsnprintf+0x1f0>
10003a98:	f103 39ff 	add.w	r9, r3, #4294967295	@ 0xffffffff
10003a9c:	464a      	mov	r2, r9
10003a9e:	2000      	movs	r0, #0
10003aa0:	9b09      	ldr	r3, [sp, #36]	@ 0x24
10003aa2:	990a      	ldr	r1, [sp, #40]	@ 0x28
10003aa4:	47d8      	blx	fp
10003aa6:	4620      	mov	r0, r4
10003aa8:	b01b      	add	sp, #108	@ 0x6c
10003aaa:	e8bd 8ff0 	ldmia.w	sp!, {r4, r5, r6, r7, r8, r9, sl, fp, pc}
10003aae:	f1a0 0269 	sub.w	r2, r0, #105	@ 0x69
10003ab2:	b2d2      	uxtb	r2, r2
10003ab4:	2a0f      	cmp	r2, #15
10003ab6:	d841      	bhi.n	10003b3c <_vsnprintf+0x290>
10003ab8:	2601      	movs	r6, #1
10003aba:	f249 0141 	movw	r1, #36929	@ 0x9041
10003abe:	4096      	lsls	r6, r2
10003ac0:	400e      	ands	r6, r1
10003ac2:	f040 8101 	bne.w	10003cc8 <_vsnprintf+0x41c>
10003ac6:	2a0a      	cmp	r2, #10
10003ac8:	d03f      	beq.n	10003b4a <_vsnprintf+0x29e>
10003aca:	2a07      	cmp	r2, #7
10003acc:	d136      	bne.n	10003b3c <_vsnprintf+0x290>
10003ace:	9c0b      	ldr	r4, [sp, #44]	@ 0x2c
10003ad0:	f854 2b04 	ldr.w	r2, [r4], #4
10003ad4:	2a00      	cmp	r2, #0
10003ad6:	f000 8128 	beq.w	10003d2a <_vsnprintf+0x47e>
10003ada:	f043 0121 	orr.w	r1, r3, #33	@ 0x21
10003ade:	f10d 0e48 	add.w	lr, sp, #72	@ 0x48
10003ae2:	4670      	mov	r0, lr
10003ae4:	e003      	b.n	10003aee <_vsnprintf+0x242>
10003ae6:	2e20      	cmp	r6, #32
10003ae8:	f000 8129 	beq.w	10003d3e <_vsnprintf+0x492>
10003aec:	461a      	mov	r2, r3
10003aee:	f002 050f 	and.w	r5, r2, #15
10003af2:	462b      	mov	r3, r5
10003af4:	2d09      	cmp	r5, #9
10003af6:	bf94      	ite	ls
10003af8:	3330      	addls	r3, #48	@ 0x30
10003afa:	3337      	addhi	r3, #55	@ 0x37
10003afc:	2a0f      	cmp	r2, #15
10003afe:	f800 3b01 	strb.w	r3, [r0], #1
10003b02:	f106 0601 	add.w	r6, r6, #1
10003b06:	ea4f 1312 	mov.w	r3, r2, lsr #4
10003b0a:	d8ec      	bhi.n	10003ae6 <_vsnprintf+0x23a>
10003b0c:	e117      	b.n	10003d3e <_vsnprintf+0x492>
10003b0e:	bf00      	nop
10003b10:	100038ad 	.word	0x100038ad
10003b14:	200111ec 	.word	0x200111ec
10003b18:	10002d09 	.word	0x10002d09
10003b1c:	9c0b      	ldr	r4, [sp, #44]	@ 0x2c
10003b1e:	f89a 0001 	ldrb.w	r0, [sl, #1]
10003b22:	f854 5b04 	ldr.w	r5, [r4], #4
10003b26:	4692      	mov	sl, r2
10003b28:	2d00      	cmp	r5, #0
10003b2a:	bfbd      	ittte	lt
10003b2c:	4269      	neglt	r1, r5
10003b2e:	f043 0302 	orrlt.w	r3, r3, #2
10003b32:	910c      	strlt	r1, [sp, #48]	@ 0x30
10003b34:	950c      	strge	r5, [sp, #48]	@ 0x30
10003b36:	940b      	str	r4, [sp, #44]	@ 0x2c
10003b38:	3201      	adds	r2, #1
10003b3a:	e6fc      	b.n	10003936 <_vsnprintf+0x8a>
10003b3c:	464a      	mov	r2, r9
10003b3e:	9b09      	ldr	r3, [sp, #36]	@ 0x24
10003b40:	990a      	ldr	r1, [sp, #40]	@ 0x28
10003b42:	f109 0901 	add.w	r9, r9, #1
10003b46:	47d8      	blx	fp
10003b48:	e6cf      	b.n	100038ea <_vsnprintf+0x3e>
10003b4a:	990b      	ldr	r1, [sp, #44]	@ 0x2c
10003b4c:	f851 8b04 	ldr.w	r8, [r1], #4
10003b50:	f898 2000 	ldrb.w	r2, [r8]
10003b54:	4610      	mov	r0, r2
10003b56:	2f00      	cmp	r7, #0
10003b58:	f040 80e1 	bne.w	10003d1e <_vsnprintf+0x472>
10003b5c:	b172      	cbz	r2, 10003b7c <_vsnprintf+0x2d0>
10003b5e:	f06f 0c01 	mvn.w	ip, #1
10003b62:	f10c 0c01 	add.w	ip, ip, #1
10003b66:	4646      	mov	r6, r8
10003b68:	44c4      	add	ip, r8
10003b6a:	e001      	b.n	10003b70 <_vsnprintf+0x2c4>
10003b6c:	4566      	cmp	r6, ip
10003b6e:	d003      	beq.n	10003b78 <_vsnprintf+0x2cc>
10003b70:	f816 4f01 	ldrb.w	r4, [r6, #1]!
10003b74:	2c00      	cmp	r4, #0
10003b76:	d1f9      	bne.n	10003b6c <_vsnprintf+0x2c0>
10003b78:	eba6 0608 	sub.w	r6, r6, r8
10003b7c:	f413 6c80 	ands.w	ip, r3, #1024	@ 0x400
10003b80:	d002      	beq.n	10003b88 <_vsnprintf+0x2dc>
10003b82:	42be      	cmp	r6, r7
10003b84:	bf28      	it	cs
10003b86:	463e      	movcs	r6, r7
10003b88:	f013 0402 	ands.w	r4, r3, #2
10003b8c:	f000 8187 	beq.w	10003e9e <_vsnprintf+0x5f2>
10003b90:	2a00      	cmp	r2, #0
10003b92:	f000 812b 	beq.w	10003dec <_vsnprintf+0x540>
10003b96:	f1bc 0f00 	cmp.w	ip, #0
10003b9a:	f000 8141 	beq.w	10003e20 <_vsnprintf+0x574>
10003b9e:	940b      	str	r4, [sp, #44]	@ 0x2c
10003ba0:	960d      	str	r6, [sp, #52]	@ 0x34
10003ba2:	464a      	mov	r2, r9
10003ba4:	e9dd 5409 	ldrd	r5, r4, [sp, #36]	@ 0x24
10003ba8:	460e      	mov	r6, r1
10003baa:	444f      	add	r7, r9
10003bac:	e008      	b.n	10003bc0 <_vsnprintf+0x314>
10003bae:	462b      	mov	r3, r5
10003bb0:	4621      	mov	r1, r4
10003bb2:	47d8      	blx	fp
10003bb4:	f818 0f01 	ldrb.w	r0, [r8, #1]!
10003bb8:	f109 0901 	add.w	r9, r9, #1
10003bbc:	b110      	cbz	r0, 10003bc4 <_vsnprintf+0x318>
10003bbe:	464a      	mov	r2, r9
10003bc0:	454f      	cmp	r7, r9
10003bc2:	d1f4      	bne.n	10003bae <_vsnprintf+0x302>
10003bc4:	4631      	mov	r1, r6
10003bc6:	9c0b      	ldr	r4, [sp, #44]	@ 0x2c
10003bc8:	9e0d      	ldr	r6, [sp, #52]	@ 0x34
10003bca:	2c00      	cmp	r4, #0
10003bcc:	f040 810e 	bne.w	10003dec <_vsnprintf+0x540>
10003bd0:	910b      	str	r1, [sp, #44]	@ 0x2c
10003bd2:	e68a      	b.n	100038ea <_vsnprintf+0x3e>
10003bd4:	f89a 0001 	ldrb.w	r0, [sl, #1]
10003bd8:	286c      	cmp	r0, #108	@ 0x6c
10003bda:	f47f aedf 	bne.w	1000399c <_vsnprintf+0xf0>
10003bde:	f89a 0002 	ldrb.w	r0, [sl, #2]
10003be2:	f443 7340 	orr.w	r3, r3, #768	@ 0x300
10003be6:	f10a 0203 	add.w	r2, sl, #3
10003bea:	e6da      	b.n	100039a2 <_vsnprintf+0xf6>
10003bec:	f89a 0001 	ldrb.w	r0, [sl, #1]
10003bf0:	f443 7300 	orr.w	r3, r3, #512	@ 0x200
10003bf4:	3201      	adds	r2, #1
10003bf6:	e6d4      	b.n	100039a2 <_vsnprintf+0xf6>
10003bf8:	f89a 0001 	ldrb.w	r0, [sl, #1]
10003bfc:	2868      	cmp	r0, #104	@ 0x68
10003bfe:	f000 8120 	beq.w	10003e42 <_vsnprintf+0x596>
10003c02:	f043 0380 	orr.w	r3, r3, #128	@ 0x80
10003c06:	3201      	adds	r2, #1
10003c08:	e6cb      	b.n	100039a2 <_vsnprintf+0xf6>
10003c0a:	2867      	cmp	r0, #103	@ 0x67
10003c0c:	f000 80e7 	beq.w	10003dde <_vsnprintf+0x532>
10003c10:	2847      	cmp	r0, #71	@ 0x47
10003c12:	f000 8100 	beq.w	10003e16 <_vsnprintf+0x56a>
10003c16:	2845      	cmp	r0, #69	@ 0x45
10003c18:	f000 80ff 	beq.w	10003e1a <_vsnprintf+0x56e>
10003c1c:	9c0b      	ldr	r4, [sp, #44]	@ 0x2c
10003c1e:	9304      	str	r3, [sp, #16]
10003c20:	9b0c      	ldr	r3, [sp, #48]	@ 0x30
10003c22:	3407      	adds	r4, #7
10003c24:	e9cd 7302 	strd	r7, r3, [sp, #8]
10003c28:	f024 0307 	bic.w	r3, r4, #7
10003c2c:	461c      	mov	r4, r3
10003c2e:	e9dd 3109 	ldrd	r3, r1, [sp, #36]	@ 0x24
10003c32:	e8f4 6702 	ldrd	r6, r7, [r4], #8
10003c36:	464a      	mov	r2, r9
10003c38:	4658      	mov	r0, fp
10003c3a:	e9cd 6700 	strd	r6, r7, [sp]
10003c3e:	940b      	str	r4, [sp, #44]	@ 0x2c
10003c40:	f7ff fa0a 	bl	10003058 <_etoa>
10003c44:	4681      	mov	r9, r0
10003c46:	e650      	b.n	100038ea <_vsnprintf+0x3e>
10003c48:	2846      	cmp	r0, #70	@ 0x46
10003c4a:	9c0b      	ldr	r4, [sp, #44]	@ 0x2c
10003c4c:	bf08      	it	eq
10003c4e:	f043 0320 	orreq.w	r3, r3, #32
10003c52:	9304      	str	r3, [sp, #16]
10003c54:	9b0c      	ldr	r3, [sp, #48]	@ 0x30
10003c56:	3407      	adds	r4, #7
10003c58:	e9cd 7302 	strd	r7, r3, [sp, #8]
10003c5c:	f024 0307 	bic.w	r3, r4, #7
10003c60:	461c      	mov	r4, r3
10003c62:	e9dd 3109 	ldrd	r3, r1, [sp, #36]	@ 0x24
10003c66:	e8f4 6702 	ldrd	r6, r7, [r4], #8
10003c6a:	464a      	mov	r2, r9
10003c6c:	4658      	mov	r0, fp
10003c6e:	e9cd 6700 	strd	r6, r7, [sp]
10003c72:	940b      	str	r4, [sp, #44]	@ 0x2c
10003c74:	f7ff fc20 	bl	100034b8 <_ftoa>
10003c78:	4681      	mov	r9, r0
10003c7a:	e636      	b.n	100038ea <_vsnprintf+0x3e>
10003c7c:	464a      	mov	r2, r9
10003c7e:	2025      	movs	r0, #37	@ 0x25
10003c80:	9b09      	ldr	r3, [sp, #36]	@ 0x24
10003c82:	990a      	ldr	r1, [sp, #40]	@ 0x28
10003c84:	f109 0901 	add.w	r9, r9, #1
10003c88:	47d8      	blx	fp
10003c8a:	e62e      	b.n	100038ea <_vsnprintf+0x3e>
10003c8c:	9a0b      	ldr	r2, [sp, #44]	@ 0x2c
10003c8e:	079c      	lsls	r4, r3, #30
10003c90:	f102 0704 	add.w	r7, r2, #4
10003c94:	f109 0601 	add.w	r6, r9, #1
10003c98:	f140 80e6 	bpl.w	10003e68 <_vsnprintf+0x5bc>
10003c9c:	7810      	ldrb	r0, [r2, #0]
10003c9e:	9b09      	ldr	r3, [sp, #36]	@ 0x24
10003ca0:	464a      	mov	r2, r9
10003ca2:	990a      	ldr	r1, [sp, #40]	@ 0x28
10003ca4:	47d8      	blx	fp
10003ca6:	9b0c      	ldr	r3, [sp, #48]	@ 0x30
10003ca8:	2b01      	cmp	r3, #1
10003caa:	f240 812c 	bls.w	10003f06 <_vsnprintf+0x65a>
10003cae:	e9dd 5409 	ldrd	r5, r4, [sp, #36]	@ 0x24
10003cb2:	4499      	add	r9, r3
10003cb4:	4632      	mov	r2, r6
10003cb6:	462b      	mov	r3, r5
10003cb8:	4621      	mov	r1, r4
10003cba:	2020      	movs	r0, #32
10003cbc:	3601      	adds	r6, #1
10003cbe:	47d8      	blx	fp
10003cc0:	454e      	cmp	r6, r9
10003cc2:	d1f7      	bne.n	10003cb4 <_vsnprintf+0x408>
10003cc4:	970b      	str	r7, [sp, #44]	@ 0x2c
10003cc6:	e610      	b.n	100038ea <_vsnprintf+0x3e>
10003cc8:	286f      	cmp	r0, #111	@ 0x6f
10003cca:	f000 808b 	beq.w	10003de4 <_vsnprintf+0x538>
10003cce:	f240 8165 	bls.w	10003f9c <_vsnprintf+0x6f0>
10003cd2:	2878      	cmp	r0, #120	@ 0x78
10003cd4:	f000 8108 	beq.w	10003ee8 <_vsnprintf+0x63c>
10003cd8:	f04f 080a 	mov.w	r8, #10
10003cdc:	f023 0310 	bic.w	r3, r3, #16
10003ce0:	46c4      	mov	ip, r8
10003ce2:	e047      	b.n	10003d74 <_vsnprintf+0x4c8>
10003ce4:	2700      	movs	r7, #0
10003ce6:	eb07 0787 	add.w	r7, r7, r7, lsl #2
10003cea:	eb00 0047 	add.w	r0, r0, r7, lsl #1
10003cee:	f1a0 0730 	sub.w	r7, r0, #48	@ 0x30
10003cf2:	f811 0f01 	ldrb.w	r0, [r1, #1]!
10003cf6:	f1a0 0230 	sub.w	r2, r0, #48	@ 0x30
10003cfa:	2a09      	cmp	r2, #9
10003cfc:	d9f3      	bls.n	10003ce6 <_vsnprintf+0x43a>
10003cfe:	468a      	mov	sl, r1
10003d00:	1c4a      	adds	r2, r1, #1
10003d02:	e61c      	b.n	1000393e <_vsnprintf+0x92>
10003d04:	9c0b      	ldr	r4, [sp, #44]	@ 0x2c
10003d06:	f89a 0002 	ldrb.w	r0, [sl, #2]
10003d0a:	f854 7b04 	ldr.w	r7, [r4], #4
10003d0e:	f10a 0a02 	add.w	sl, sl, #2
10003d12:	f10a 0201 	add.w	r2, sl, #1
10003d16:	940b      	str	r4, [sp, #44]	@ 0x2c
10003d18:	ea27 77e7 	bic.w	r7, r7, r7, asr #31
10003d1c:	e60f      	b.n	1000393e <_vsnprintf+0x92>
10003d1e:	2a00      	cmp	r2, #0
10003d20:	f43f af2c 	beq.w	10003b7c <_vsnprintf+0x2d0>
10003d24:	f107 3cff 	add.w	ip, r7, #4294967295	@ 0xffffffff
10003d28:	e71b      	b.n	10003b62 <_vsnprintf+0x2b6>
10003d2a:	f023 0110 	bic.w	r1, r3, #16
10003d2e:	f413 6280 	ands.w	r2, r3, #1024	@ 0x400
10003d32:	f041 0121 	orr.w	r1, r1, #33	@ 0x21
10003d36:	f43f aed2 	beq.w	10003ade <_vsnprintf+0x232>
10003d3a:	f10d 0e48 	add.w	lr, sp, #72	@ 0x48
10003d3e:	2308      	movs	r3, #8
10003d40:	2010      	movs	r0, #16
10003d42:	9305      	str	r3, [sp, #20]
10003d44:	2300      	movs	r3, #0
10003d46:	464a      	mov	r2, r9
10003d48:	e9cd 3002 	strd	r3, r0, [sp, #8]
10003d4c:	9106      	str	r1, [sp, #24]
10003d4e:	4658      	mov	r0, fp
10003d50:	e9dd 3109 	ldrd	r3, r1, [sp, #36]	@ 0x24
10003d54:	e9cd e600 	strd	lr, r6, [sp]
10003d58:	9704      	str	r7, [sp, #16]
10003d5a:	f7ff f825 	bl	10002da8 <_ntoa_format>
10003d5e:	940b      	str	r4, [sp, #44]	@ 0x2c
10003d60:	4681      	mov	r9, r0
10003d62:	e5c2      	b.n	100038ea <_vsnprintf+0x3e>
10003d64:	2858      	cmp	r0, #88	@ 0x58
10003d66:	d079      	beq.n	10003e5c <_vsnprintf+0x5b0>
10003d68:	2862      	cmp	r0, #98	@ 0x62
10003d6a:	f040 8251 	bne.w	10004210 <_vsnprintf+0x964>
10003d6e:	f04f 0802 	mov.w	r8, #2
10003d72:	46c4      	mov	ip, r8
10003d74:	f413 6080 	ands.w	r0, r3, #1024	@ 0x400
10003d78:	d16d      	bne.n	10003e56 <_vsnprintf+0x5aa>
10003d7a:	f023 030c 	bic.w	r3, r3, #12
10003d7e:	f413 7200 	ands.w	r2, r3, #512	@ 0x200
10003d82:	f040 80c2 	bne.w	10003f0a <_vsnprintf+0x65e>
10003d86:	990b      	ldr	r1, [sp, #44]	@ 0x2c
10003d88:	3104      	adds	r1, #4
10003d8a:	910d      	str	r1, [sp, #52]	@ 0x34
10003d8c:	f413 7180 	ands.w	r1, r3, #256	@ 0x100
10003d90:	f040 822e 	bne.w	100041f0 <_vsnprintf+0x944>
10003d94:	065e      	lsls	r6, r3, #25
10003d96:	9a0b      	ldr	r2, [sp, #44]	@ 0x2c
10003d98:	f140 80aa 	bpl.w	10003ef0 <_vsnprintf+0x644>
10003d9c:	7812      	ldrb	r2, [r2, #0]
10003d9e:	2a00      	cmp	r2, #0
10003da0:	f040 80da 	bne.w	10003f58 <_vsnprintf+0x6ac>
10003da4:	f023 0310 	bic.w	r3, r3, #16
10003da8:	2800      	cmp	r0, #0
10003daa:	f000 80d5 	beq.w	10003f58 <_vsnprintf+0x6ac>
10003dae:	4611      	mov	r1, r2
10003db0:	f10d 0e48 	add.w	lr, sp, #72	@ 0x48
10003db4:	9306      	str	r3, [sp, #24]
10003db6:	9b0c      	ldr	r3, [sp, #48]	@ 0x30
10003db8:	f8cd c00c 	str.w	ip, [sp, #12]
10003dbc:	e9cd 7304 	strd	r7, r3, [sp, #16]
10003dc0:	9101      	str	r1, [sp, #4]
10003dc2:	2300      	movs	r3, #0
10003dc4:	464a      	mov	r2, r9
10003dc6:	9302      	str	r3, [sp, #8]
10003dc8:	4658      	mov	r0, fp
10003dca:	e9dd 3109 	ldrd	r3, r1, [sp, #36]	@ 0x24
10003dce:	f8cd e000 	str.w	lr, [sp]
10003dd2:	f7fe ffe9 	bl	10002da8 <_ntoa_format>
10003dd6:	9b0d      	ldr	r3, [sp, #52]	@ 0x34
10003dd8:	4681      	mov	r9, r0
10003dda:	930b      	str	r3, [sp, #44]	@ 0x2c
10003ddc:	e585      	b.n	100038ea <_vsnprintf+0x3e>
10003dde:	f443 6300 	orr.w	r3, r3, #2048	@ 0x800
10003de2:	e71b      	b.n	10003c1c <_vsnprintf+0x370>
10003de4:	f04f 0808 	mov.w	r8, #8
10003de8:	46c4      	mov	ip, r8
10003dea:	e7c3      	b.n	10003d74 <_vsnprintf+0x4c8>
10003dec:	9b0c      	ldr	r3, [sp, #48]	@ 0x30
10003dee:	464c      	mov	r4, r9
10003df0:	42b3      	cmp	r3, r6
10003df2:	f67f aeed 	bls.w	10003bd0 <_vsnprintf+0x324>
10003df6:	460f      	mov	r7, r1
10003df8:	444b      	add	r3, r9
10003dfa:	eba3 0906 	sub.w	r9, r3, r6
10003dfe:	e9dd 6509 	ldrd	r6, r5, [sp, #36]	@ 0x24
10003e02:	4622      	mov	r2, r4
10003e04:	4633      	mov	r3, r6
10003e06:	4629      	mov	r1, r5
10003e08:	2020      	movs	r0, #32
10003e0a:	3401      	adds	r4, #1
10003e0c:	47d8      	blx	fp
10003e0e:	454c      	cmp	r4, r9
10003e10:	d1f7      	bne.n	10003e02 <_vsnprintf+0x556>
10003e12:	4639      	mov	r1, r7
10003e14:	e6dc      	b.n	10003bd0 <_vsnprintf+0x324>
10003e16:	f443 6300 	orr.w	r3, r3, #2048	@ 0x800
10003e1a:	f043 0320 	orr.w	r3, r3, #32
10003e1e:	e6fd      	b.n	10003c1c <_vsnprintf+0x370>
10003e20:	460f      	mov	r7, r1
10003e22:	940b      	str	r4, [sp, #44]	@ 0x2c
10003e24:	e9dd 5409 	ldrd	r5, r4, [sp, #36]	@ 0x24
10003e28:	464a      	mov	r2, r9
10003e2a:	462b      	mov	r3, r5
10003e2c:	4621      	mov	r1, r4
10003e2e:	47d8      	blx	fp
10003e30:	f818 0f01 	ldrb.w	r0, [r8, #1]!
10003e34:	f109 0901 	add.w	r9, r9, #1
10003e38:	2800      	cmp	r0, #0
10003e3a:	d1f5      	bne.n	10003e28 <_vsnprintf+0x57c>
10003e3c:	4639      	mov	r1, r7
10003e3e:	9c0b      	ldr	r4, [sp, #44]	@ 0x2c
10003e40:	e6c3      	b.n	10003bca <_vsnprintf+0x31e>
10003e42:	f89a 0002 	ldrb.w	r0, [sl, #2]
10003e46:	f043 03c0 	orr.w	r3, r3, #192	@ 0xc0
10003e4a:	f10a 0203 	add.w	r2, sl, #3
10003e4e:	e5a8      	b.n	100039a2 <_vsnprintf+0xf6>
10003e50:	4604      	mov	r4, r0
10003e52:	4681      	mov	r9, r0
10003e54:	e61d      	b.n	10003a92 <_vsnprintf+0x1e6>
10003e56:	f023 030d 	bic.w	r3, r3, #13
10003e5a:	e790      	b.n	10003d7e <_vsnprintf+0x4d2>
10003e5c:	f04f 0810 	mov.w	r8, #16
10003e60:	f043 0320 	orr.w	r3, r3, #32
10003e64:	46c4      	mov	ip, r8
10003e66:	e785      	b.n	10003d74 <_vsnprintf+0x4c8>
10003e68:	9b0c      	ldr	r3, [sp, #48]	@ 0x30
10003e6a:	2b01      	cmp	r3, #1
10003e6c:	d945      	bls.n	10003efa <_vsnprintf+0x64e>
10003e6e:	e9dd 5409 	ldrd	r5, r4, [sp, #36]	@ 0x24
10003e72:	464e      	mov	r6, r9
10003e74:	f109 38ff 	add.w	r8, r9, #4294967295	@ 0xffffffff
10003e78:	4498      	add	r8, r3
10003e7a:	4632      	mov	r2, r6
10003e7c:	462b      	mov	r3, r5
10003e7e:	4621      	mov	r1, r4
10003e80:	2020      	movs	r0, #32
10003e82:	3601      	adds	r6, #1
10003e84:	47d8      	blx	fp
10003e86:	4546      	cmp	r6, r8
10003e88:	d1f7      	bne.n	10003e7a <_vsnprintf+0x5ce>
10003e8a:	9b0c      	ldr	r3, [sp, #48]	@ 0x30
10003e8c:	4632      	mov	r2, r6
10003e8e:	4499      	add	r9, r3
10003e90:	9b0b      	ldr	r3, [sp, #44]	@ 0x2c
10003e92:	7818      	ldrb	r0, [r3, #0]
10003e94:	e9dd 3109 	ldrd	r3, r1, [sp, #36]	@ 0x24
10003e98:	47d8      	blx	fp
10003e9a:	970b      	str	r7, [sp, #44]	@ 0x2c
10003e9c:	e525      	b.n	100038ea <_vsnprintf+0x3e>
10003e9e:	9b0c      	ldr	r3, [sp, #48]	@ 0x30
10003ea0:	42b3      	cmp	r3, r6
10003ea2:	f240 81ee 	bls.w	10004282 <_vsnprintf+0x9d6>
10003ea6:	e9cd 480d 	strd	r4, r8, [sp, #52]	@ 0x34
10003eaa:	e9dd 5409 	ldrd	r5, r4, [sp, #36]	@ 0x24
10003eae:	4688      	mov	r8, r1
10003eb0:	444b      	add	r3, r9
10003eb2:	1b9e      	subs	r6, r3, r6
10003eb4:	f8cd c02c 	str.w	ip, [sp, #44]	@ 0x2c
10003eb8:	464a      	mov	r2, r9
10003eba:	462b      	mov	r3, r5
10003ebc:	4621      	mov	r1, r4
10003ebe:	2020      	movs	r0, #32
10003ec0:	f109 0901 	add.w	r9, r9, #1
10003ec4:	47d8      	blx	fp
10003ec6:	45b1      	cmp	r9, r6
10003ec8:	d1f6      	bne.n	10003eb8 <_vsnprintf+0x60c>
10003eca:	4641      	mov	r1, r8
10003ecc:	f8dd 8038 	ldr.w	r8, [sp, #56]	@ 0x38
10003ed0:	9b0c      	ldr	r3, [sp, #48]	@ 0x30
10003ed2:	f8dd c02c 	ldr.w	ip, [sp, #44]	@ 0x2c
10003ed6:	9c0d      	ldr	r4, [sp, #52]	@ 0x34
10003ed8:	f898 2000 	ldrb.w	r2, [r8]
10003edc:	1c5e      	adds	r6, r3, #1
10003ede:	4610      	mov	r0, r2
10003ee0:	2a00      	cmp	r2, #0
10003ee2:	f47f ae58 	bne.w	10003b96 <_vsnprintf+0x2ea>
10003ee6:	e673      	b.n	10003bd0 <_vsnprintf+0x324>
10003ee8:	f04f 0810 	mov.w	r8, #16
10003eec:	46c4      	mov	ip, r8
10003eee:	e741      	b.n	10003d74 <_vsnprintf+0x4c8>
10003ef0:	061d      	lsls	r5, r3, #24
10003ef2:	bf4c      	ite	mi
10003ef4:	8812      	ldrhmi	r2, [r2, #0]
10003ef6:	6812      	ldrpl	r2, [r2, #0]
10003ef8:	e751      	b.n	10003d9e <_vsnprintf+0x4f2>
10003efa:	4613      	mov	r3, r2
10003efc:	464a      	mov	r2, r9
10003efe:	7818      	ldrb	r0, [r3, #0]
10003f00:	e9dd 3109 	ldrd	r3, r1, [sp, #36]	@ 0x24
10003f04:	47d8      	blx	fp
10003f06:	46b1      	mov	r9, r6
10003f08:	e6dc      	b.n	10003cc4 <_vsnprintf+0x418>
10003f0a:	9c0b      	ldr	r4, [sp, #44]	@ 0x2c
10003f0c:	3407      	adds	r4, #7
10003f0e:	f024 0407 	bic.w	r4, r4, #7
10003f12:	4622      	mov	r2, r4
10003f14:	6865      	ldr	r5, [r4, #4]
10003f16:	f852 4b08 	ldr.w	r4, [r2], #8
10003f1a:	920b      	str	r2, [sp, #44]	@ 0x2c
10003f1c:	ea54 0205 	orrs.w	r2, r4, r5
10003f20:	f040 812c 	bne.w	1000417c <_vsnprintf+0x8d0>
10003f24:	f023 0310 	bic.w	r3, r3, #16
10003f28:	2800      	cmp	r0, #0
10003f2a:	f000 8127 	beq.w	1000417c <_vsnprintf+0x8d0>
10003f2e:	2600      	movs	r6, #0
10003f30:	f10d 0e48 	add.w	lr, sp, #72	@ 0x48
10003f34:	9306      	str	r3, [sp, #24]
10003f36:	9b0c      	ldr	r3, [sp, #48]	@ 0x30
10003f38:	464a      	mov	r2, r9
10003f3a:	e9cd 7304 	strd	r7, r3, [sp, #16]
10003f3e:	2300      	movs	r3, #0
10003f40:	e9cd e600 	strd	lr, r6, [sp]
10003f44:	f8cd c00c 	str.w	ip, [sp, #12]
10003f48:	9302      	str	r3, [sp, #8]
10003f4a:	4658      	mov	r0, fp
10003f4c:	e9dd 3109 	ldrd	r3, r1, [sp, #36]	@ 0x24
10003f50:	f7fe ff2a 	bl	10002da8 <_ntoa_format>
10003f54:	4681      	mov	r9, r0
10003f56:	e4c8      	b.n	100038ea <_vsnprintf+0x3e>
10003f58:	f013 0f20 	tst.w	r3, #32
10003f5c:	bf14      	ite	ne
10003f5e:	2041      	movne	r0, #65	@ 0x41
10003f60:	2061      	moveq	r0, #97	@ 0x61
10003f62:	f10d 0e48 	add.w	lr, sp, #72	@ 0x48
10003f66:	4676      	mov	r6, lr
10003f68:	f1a0 080a 	sub.w	r8, r0, #10
10003f6c:	e003      	b.n	10003f76 <_vsnprintf+0x6ca>
10003f6e:	2920      	cmp	r1, #32
10003f70:	f43f af20 	beq.w	10003db4 <_vsnprintf+0x508>
10003f74:	4622      	mov	r2, r4
10003f76:	fbb2 f4fc 	udiv	r4, r2, ip
10003f7a:	fb0c 2514 	mls	r5, ip, r4, r2
10003f7e:	b2e8      	uxtb	r0, r5
10003f80:	2d09      	cmp	r5, #9
10003f82:	f100 0530 	add.w	r5, r0, #48	@ 0x30
10003f86:	bf8a      	itet	hi
10003f88:	4440      	addhi	r0, r8
10003f8a:	b2e8      	uxtbls	r0, r5
10003f8c:	b2c0      	uxtbhi	r0, r0
10003f8e:	4562      	cmp	r2, ip
10003f90:	f806 0b01 	strb.w	r0, [r6], #1
10003f94:	f101 0101 	add.w	r1, r1, #1
10003f98:	d2e9      	bcs.n	10003f6e <_vsnprintf+0x6c2>
10003f9a:	e70b      	b.n	10003db4 <_vsnprintf+0x508>
10003f9c:	f023 0210 	bic.w	r2, r3, #16
10003fa0:	2869      	cmp	r0, #105	@ 0x69
10003fa2:	920d      	str	r2, [sp, #52]	@ 0x34
10003fa4:	f040 816f 	bne.w	10004286 <_vsnprintf+0x9da>
10003fa8:	f413 6280 	ands.w	r2, r3, #1024	@ 0x400
10003fac:	d004      	beq.n	10003fb8 <_vsnprintf+0x70c>
10003fae:	f44f 6280 	mov.w	r2, #1024	@ 0x400
10003fb2:	f023 0311 	bic.w	r3, r3, #17
10003fb6:	930d      	str	r3, [sp, #52]	@ 0x34
10003fb8:	9b0d      	ldr	r3, [sp, #52]	@ 0x34
10003fba:	f413 7600 	ands.w	r6, r3, #512	@ 0x200
10003fbe:	d140      	bne.n	10004042 <_vsnprintf+0x796>
10003fc0:	9b0b      	ldr	r3, [sp, #44]	@ 0x2c
10003fc2:	f103 0804 	add.w	r8, r3, #4
10003fc6:	9b0d      	ldr	r3, [sp, #52]	@ 0x34
10003fc8:	f413 7080 	ands.w	r0, r3, #256	@ 0x100
10003fcc:	f040 8098 	bne.w	10004100 <_vsnprintf+0x854>
10003fd0:	0659      	lsls	r1, r3, #25
10003fd2:	f140 80c6 	bpl.w	10004162 <_vsnprintf+0x8b6>
10003fd6:	9b0b      	ldr	r3, [sp, #44]	@ 0x2c
10003fd8:	7819      	ldrb	r1, [r3, #0]
10003fda:	460c      	mov	r4, r1
10003fdc:	0fcb      	lsrs	r3, r1, #31
10003fde:	2900      	cmp	r1, #0
10003fe0:	f000 80b9 	beq.w	10004156 <_vsnprintf+0x8aa>
10003fe4:	4622      	mov	r2, r4
10003fe6:	f10d 0e48 	add.w	lr, sp, #72	@ 0x48
10003fea:	4674      	mov	r4, lr
10003fec:	4616      	mov	r6, r2
10003fee:	f8df c2a0 	ldr.w	ip, [pc, #672]	@ 10004290 <_vsnprintf+0x9e4>
10003ff2:	e001      	b.n	10003ff8 <_vsnprintf+0x74c>
10003ff4:	2820      	cmp	r0, #32
10003ff6:	d00f      	beq.n	10004018 <_vsnprintf+0x76c>
10003ff8:	4635      	mov	r5, r6
10003ffa:	fbac 2106 	umull	r2, r1, ip, r6
10003ffe:	08c9      	lsrs	r1, r1, #3
10004000:	eb01 0281 	add.w	r2, r1, r1, lsl #2
10004004:	eba6 0242 	sub.w	r2, r6, r2, lsl #1
10004008:	3230      	adds	r2, #48	@ 0x30
1000400a:	2d09      	cmp	r5, #9
1000400c:	460e      	mov	r6, r1
1000400e:	f100 0001 	add.w	r0, r0, #1
10004012:	f804 2b01 	strb.w	r2, [r4], #1
10004016:	d8ed      	bhi.n	10003ff4 <_vsnprintf+0x748>
10004018:	9a0d      	ldr	r2, [sp, #52]	@ 0x34
1000401a:	e9cd 0301 	strd	r0, r3, [sp, #4]
1000401e:	9206      	str	r2, [sp, #24]
10004020:	9a0c      	ldr	r2, [sp, #48]	@ 0x30
10004022:	e9cd 7204 	strd	r7, r2, [sp, #16]
10004026:	230a      	movs	r3, #10
10004028:	464a      	mov	r2, r9
1000402a:	9303      	str	r3, [sp, #12]
1000402c:	4658      	mov	r0, fp
1000402e:	e9dd 3109 	ldrd	r3, r1, [sp, #36]	@ 0x24
10004032:	f8cd e000 	str.w	lr, [sp]
10004036:	f7fe feb7 	bl	10002da8 <_ntoa_format>
1000403a:	f8cd 802c 	str.w	r8, [sp, #44]	@ 0x2c
1000403e:	4681      	mov	r9, r0
10004040:	e453      	b.n	100038ea <_vsnprintf+0x3e>
10004042:	9c0b      	ldr	r4, [sp, #44]	@ 0x2c
10004044:	3407      	adds	r4, #7
10004046:	f024 0407 	bic.w	r4, r4, #7
1000404a:	4621      	mov	r1, r4
1000404c:	4608      	mov	r0, r1
1000404e:	6863      	ldr	r3, [r4, #4]
10004050:	f850 1b08 	ldr.w	r1, [r0], #8
10004054:	0fdc      	lsrs	r4, r3, #31
10004056:	900b      	str	r0, [sp, #44]	@ 0x2c
10004058:	ea51 0003 	orrs.w	r0, r1, r3
1000405c:	f000 80c3 	beq.w	100041e6 <_vsnprintf+0x93a>
10004060:	460a      	mov	r2, r1
10004062:	1e19      	subs	r1, r3, #0
10004064:	db48      	blt.n	100040f8 <_vsnprintf+0x84c>
10004066:	4613      	mov	r3, r2
10004068:	f10d 0e48 	add.w	lr, sp, #72	@ 0x48
1000406c:	46f4      	mov	ip, lr
1000406e:	2600      	movs	r6, #0
10004070:	e9cd 940e 	strd	r9, r4, [sp, #56]	@ 0x38
10004074:	f8df 8218 	ldr.w	r8, [pc, #536]	@ 10004290 <_vsnprintf+0x9e4>
10004078:	e001      	b.n	1000407e <_vsnprintf+0x7d2>
1000407a:	2e20      	cmp	r6, #32
1000407c:	d02d      	beq.n	100040da <_vsnprintf+0x82e>
1000407e:	185a      	adds	r2, r3, r1
10004080:	f142 0200 	adc.w	r2, r2, #0
10004084:	fba8 5902 	umull	r5, r9, r8, r2
10004088:	f029 0503 	bic.w	r5, r9, #3
1000408c:	eb05 0599 	add.w	r5, r5, r9, lsr #2
10004090:	1b52      	subs	r2, r2, r5
10004092:	461c      	mov	r4, r3
10004094:	1a9b      	subs	r3, r3, r2
10004096:	f161 0500 	sbc.w	r5, r1, #0
1000409a:	4608      	mov	r0, r1
1000409c:	f04f 31cc 	mov.w	r1, #3435973836	@ 0xcccccccc
100040a0:	fb01 f103 	mul.w	r1, r1, r3
100040a4:	fb08 1105 	mla	r1, r8, r5, r1
100040a8:	fba3 5308 	umull	r5, r3, r3, r8
100040ac:	4419      	add	r1, r3
100040ae:	2305      	movs	r3, #5
100040b0:	f005 0901 	and.w	r9, r5, #1
100040b4:	fba9 3903 	umull	r3, r9, r9, r3
100040b8:	189b      	adds	r3, r3, r2
100040ba:	2c0a      	cmp	r4, #10
100040bc:	f103 0330 	add.w	r3, r3, #48	@ 0x30
100040c0:	ea4f 0555 	mov.w	r5, r5, lsr #1
100040c4:	f170 0000 	sbcs.w	r0, r0, #0
100040c8:	f80c 3b01 	strb.w	r3, [ip], #1
100040cc:	f106 0601 	add.w	r6, r6, #1
100040d0:	ea45 73c1 	orr.w	r3, r5, r1, lsl #31
100040d4:	ea4f 0151 	mov.w	r1, r1, lsr #1
100040d8:	d2cf      	bcs.n	1000407a <_vsnprintf+0x7ce>
100040da:	e9dd 940e 	ldrd	r9, r4, [sp, #56]	@ 0x38
100040de:	9b0d      	ldr	r3, [sp, #52]	@ 0x34
100040e0:	464a      	mov	r2, r9
100040e2:	9306      	str	r3, [sp, #24]
100040e4:	9b0c      	ldr	r3, [sp, #48]	@ 0x30
100040e6:	e9cd 6401 	strd	r6, r4, [sp, #4]
100040ea:	e9cd 7304 	strd	r7, r3, [sp, #16]
100040ee:	230a      	movs	r3, #10
100040f0:	f8cd e000 	str.w	lr, [sp]
100040f4:	9303      	str	r3, [sp, #12]
100040f6:	e728      	b.n	10003f4a <_vsnprintf+0x69e>
100040f8:	4252      	negs	r2, r2
100040fa:	eb61 0141 	sbc.w	r1, r1, r1, lsl #1
100040fe:	e7b2      	b.n	10004066 <_vsnprintf+0x7ba>
10004100:	9b0b      	ldr	r3, [sp, #44]	@ 0x2c
10004102:	6819      	ldr	r1, [r3, #0]
10004104:	0fcb      	lsrs	r3, r1, #31
10004106:	2900      	cmp	r1, #0
10004108:	f000 80ab 	beq.w	10004262 <_vsnprintf+0x9b6>
1000410c:	ea81 72e1 	eor.w	r2, r1, r1, asr #31
10004110:	eba2 72e1 	sub.w	r2, r2, r1, asr #31
10004114:	f10d 0e48 	add.w	lr, sp, #72	@ 0x48
10004118:	4670      	mov	r0, lr
1000411a:	f8df c174 	ldr.w	ip, [pc, #372]	@ 10004290 <_vsnprintf+0x9e4>
1000411e:	e001      	b.n	10004124 <_vsnprintf+0x878>
10004120:	2e20      	cmp	r6, #32
10004122:	d010      	beq.n	10004146 <_vsnprintf+0x89a>
10004124:	4615      	mov	r5, r2
10004126:	fbac 4102 	umull	r4, r1, ip, r2
1000412a:	08c9      	lsrs	r1, r1, #3
1000412c:	eb01 0481 	add.w	r4, r1, r1, lsl #2
10004130:	eba2 0444 	sub.w	r4, r2, r4, lsl #1
10004134:	f104 0230 	add.w	r2, r4, #48	@ 0x30
10004138:	2d09      	cmp	r5, #9
1000413a:	f800 2b01 	strb.w	r2, [r0], #1
1000413e:	f106 0601 	add.w	r6, r6, #1
10004142:	460a      	mov	r2, r1
10004144:	d8ec      	bhi.n	10004120 <_vsnprintf+0x874>
10004146:	9a0d      	ldr	r2, [sp, #52]	@ 0x34
10004148:	e9cd 6301 	strd	r6, r3, [sp, #4]
1000414c:	9206      	str	r2, [sp, #24]
1000414e:	9a0c      	ldr	r2, [sp, #48]	@ 0x30
10004150:	e9cd 7204 	strd	r7, r2, [sp, #16]
10004154:	e767      	b.n	10004026 <_vsnprintf+0x77a>
10004156:	2a00      	cmp	r2, #0
10004158:	f43f af45 	beq.w	10003fe6 <_vsnprintf+0x73a>
1000415c:	f10d 0e48 	add.w	lr, sp, #72	@ 0x48
10004160:	e75a      	b.n	10004018 <_vsnprintf+0x76c>
10004162:	f013 0f80 	tst.w	r3, #128	@ 0x80
10004166:	9b0b      	ldr	r3, [sp, #44]	@ 0x2c
10004168:	f000 8081 	beq.w	1000426e <_vsnprintf+0x9c2>
1000416c:	f9b3 1000 	ldrsh.w	r1, [r3]
10004170:	ea81 74e1 	eor.w	r4, r1, r1, asr #31
10004174:	eba4 74e1 	sub.w	r4, r4, r1, asr #31
10004178:	b2a4      	uxth	r4, r4
1000417a:	e72f      	b.n	10003fdc <_vsnprintf+0x730>
1000417c:	f013 0f20 	tst.w	r3, #32
10004180:	bf14      	ite	ne
10004182:	2241      	movne	r2, #65	@ 0x41
10004184:	2261      	moveq	r2, #97	@ 0x61
10004186:	f10d 0e48 	add.w	lr, sp, #72	@ 0x48
1000418a:	3a0a      	subs	r2, #10
1000418c:	e9cd 970d 	strd	r9, r7, [sp, #52]	@ 0x34
10004190:	f8cd b044 	str.w	fp, [sp, #68]	@ 0x44
10004194:	2600      	movs	r6, #0
10004196:	4677      	mov	r7, lr
10004198:	46f3      	mov	fp, lr
1000419a:	4691      	mov	r9, r2
1000419c:	e9cd 3c0f 	strd	r3, ip, [sp, #60]	@ 0x3c
100041a0:	e003      	b.n	100041aa <_vsnprintf+0x8fe>
100041a2:	2e20      	cmp	r6, #32
100041a4:	d017      	beq.n	100041d6 <_vsnprintf+0x92a>
100041a6:	4604      	mov	r4, r0
100041a8:	460d      	mov	r5, r1
100041aa:	4629      	mov	r1, r5
100041ac:	4642      	mov	r2, r8
100041ae:	2300      	movs	r3, #0
100041b0:	4620      	mov	r0, r4
100041b2:	f003 f895 	bl	100072e0 <____aeabi_uldivmod_veneer>
100041b6:	b2d2      	uxtb	r2, r2
100041b8:	2a09      	cmp	r2, #9
100041ba:	f102 0330 	add.w	r3, r2, #48	@ 0x30
100041be:	bf88      	it	hi
100041c0:	eb02 0309 	addhi.w	r3, r2, r9
100041c4:	4544      	cmp	r4, r8
100041c6:	b2db      	uxtb	r3, r3
100041c8:	f175 0500 	sbcs.w	r5, r5, #0
100041cc:	f807 3b01 	strb.w	r3, [r7], #1
100041d0:	f106 0601 	add.w	r6, r6, #1
100041d4:	d2e5      	bcs.n	100041a2 <_vsnprintf+0x8f6>
100041d6:	46de      	mov	lr, fp
100041d8:	e9dd 970d 	ldrd	r9, r7, [sp, #52]	@ 0x34
100041dc:	e9dd 3c0f 	ldrd	r3, ip, [sp, #60]	@ 0x3c
100041e0:	f8dd b044 	ldr.w	fp, [sp, #68]	@ 0x44
100041e4:	e6a6      	b.n	10003f34 <_vsnprintf+0x688>
100041e6:	2a00      	cmp	r2, #0
100041e8:	d147      	bne.n	1000427a <_vsnprintf+0x9ce>
100041ea:	4613      	mov	r3, r2
100041ec:	4611      	mov	r1, r2
100041ee:	e73b      	b.n	10004068 <_vsnprintf+0x7bc>
100041f0:	990b      	ldr	r1, [sp, #44]	@ 0x2c
100041f2:	6809      	ldr	r1, [r1, #0]
100041f4:	b9a1      	cbnz	r1, 10004220 <_vsnprintf+0x974>
100041f6:	f023 0310 	bic.w	r3, r3, #16
100041fa:	b188      	cbz	r0, 10004220 <_vsnprintf+0x974>
100041fc:	f10d 0e48 	add.w	lr, sp, #72	@ 0x48
10004200:	9306      	str	r3, [sp, #24]
10004202:	9b0c      	ldr	r3, [sp, #48]	@ 0x30
10004204:	f8cd c00c 	str.w	ip, [sp, #12]
10004208:	e9cd 7304 	strd	r7, r3, [sp, #16]
1000420c:	9201      	str	r2, [sp, #4]
1000420e:	e5d8      	b.n	10003dc2 <_vsnprintf+0x516>
10004210:	f413 6280 	ands.w	r2, r3, #1024	@ 0x400
10004214:	f47f aecb 	bne.w	10003fae <_vsnprintf+0x702>
10004218:	f023 0310 	bic.w	r3, r3, #16
1000421c:	930d      	str	r3, [sp, #52]	@ 0x34
1000421e:	e6cb      	b.n	10003fb8 <_vsnprintf+0x70c>
10004220:	f013 0f20 	tst.w	r3, #32
10004224:	bf14      	ite	ne
10004226:	2041      	movne	r0, #65	@ 0x41
10004228:	2061      	moveq	r0, #97	@ 0x61
1000422a:	f10d 0e48 	add.w	lr, sp, #72	@ 0x48
1000422e:	4676      	mov	r6, lr
10004230:	f1a0 080a 	sub.w	r8, r0, #10
10004234:	e002      	b.n	1000423c <_vsnprintf+0x990>
10004236:	2a20      	cmp	r2, #32
10004238:	d0e2      	beq.n	10004200 <_vsnprintf+0x954>
1000423a:	4621      	mov	r1, r4
1000423c:	fbb1 f4fc 	udiv	r4, r1, ip
10004240:	fb0c 1514 	mls	r5, ip, r4, r1
10004244:	b2e8      	uxtb	r0, r5
10004246:	2d09      	cmp	r5, #9
10004248:	f100 0530 	add.w	r5, r0, #48	@ 0x30
1000424c:	bf8a      	itet	hi
1000424e:	4440      	addhi	r0, r8
10004250:	b2e8      	uxtbls	r0, r5
10004252:	b2c0      	uxtbhi	r0, r0
10004254:	4561      	cmp	r1, ip
10004256:	f806 0b01 	strb.w	r0, [r6], #1
1000425a:	f102 0201 	add.w	r2, r2, #1
1000425e:	d2ea      	bcs.n	10004236 <_vsnprintf+0x98a>
10004260:	e7ce      	b.n	10004200 <_vsnprintf+0x954>
10004262:	2a00      	cmp	r2, #0
10004264:	f43f af56 	beq.w	10004114 <_vsnprintf+0x868>
10004268:	f10d 0e48 	add.w	lr, sp, #72	@ 0x48
1000426c:	e76b      	b.n	10004146 <_vsnprintf+0x89a>
1000426e:	6819      	ldr	r1, [r3, #0]
10004270:	ea81 74e1 	eor.w	r4, r1, r1, asr #31
10004274:	eba4 74e1 	sub.w	r4, r4, r1, asr #31
10004278:	e6b0      	b.n	10003fdc <_vsnprintf+0x730>
1000427a:	2600      	movs	r6, #0
1000427c:	f10d 0e48 	add.w	lr, sp, #72	@ 0x48
10004280:	e72d      	b.n	100040de <_vsnprintf+0x832>
10004282:	3601      	adds	r6, #1
10004284:	e62b      	b.n	10003ede <_vsnprintf+0x632>
10004286:	f04f 080a 	mov.w	r8, #10
1000428a:	4613      	mov	r3, r2
1000428c:	46c4      	mov	ip, r8
1000428e:	e571      	b.n	10003d74 <_vsnprintf+0x4c8>
10004290:	cccccccd 	.word	0xcccccccd

10004294 <__wrap_sprintf>:
10004294:	b40e      	push	{r1, r2, r3}
10004296:	b510      	push	{r4, lr}
10004298:	b085      	sub	sp, #20
1000429a:	ac07      	add	r4, sp, #28
1000429c:	f854 3b04 	ldr.w	r3, [r4], #4
100042a0:	4601      	mov	r1, r0
100042a2:	f04f 32ff 	mov.w	r2, #4294967295	@ 0xffffffff
100042a6:	9400      	str	r4, [sp, #0]
100042a8:	4804      	ldr	r0, [pc, #16]	@ (100042bc <__wrap_sprintf+0x28>)
100042aa:	9403      	str	r4, [sp, #12]
100042ac:	f7ff fafe 	bl	100038ac <_vsnprintf>
100042b0:	b005      	add	sp, #20
100042b2:	e8bd 4010 	ldmia.w	sp!, {r4, lr}
100042b6:	b003      	add	sp, #12
100042b8:	4770      	bx	lr
100042ba:	bf00      	nop
100042bc:	10002d01 	.word	0x10002d01

100042c0 <weak_raw_vprintf>:
100042c0:	b510      	push	{r4, lr}
100042c2:	4b09      	ldr	r3, [pc, #36]	@ (100042e8 <weak_raw_vprintf+0x28>)
100042c4:	b084      	sub	sp, #16
100042c6:	681c      	ldr	r4, [r3, #0]
100042c8:	b14c      	cbz	r4, 100042de <weak_raw_vprintf+0x1e>
100042ca:	4603      	mov	r3, r0
100042cc:	9100      	str	r1, [sp, #0]
100042ce:	f04f 32ff 	mov.w	r2, #4294967295	@ 0xffffffff
100042d2:	a903      	add	r1, sp, #12
100042d4:	4805      	ldr	r0, [pc, #20]	@ (100042ec <weak_raw_vprintf+0x2c>)
100042d6:	47a0      	blx	r4
100042d8:	2001      	movs	r0, #1
100042da:	b004      	add	sp, #16
100042dc:	bd10      	pop	{r4, pc}
100042de:	f000 f94b 	bl	10004578 <__wrap_puts>
100042e2:	4620      	mov	r0, r4
100042e4:	b004      	add	sp, #16
100042e6:	bd10      	pop	{r4, pc}
100042e8:	200111ec 	.word	0x200111ec
100042ec:	1000304d 	.word	0x1000304d

100042f0 <_exit>:
100042f0:	be00      	bkpt	0x0000
100042f2:	e7fd      	b.n	100042f0 <_exit>

100042f4 <exit>:
100042f4:	b508      	push	{r3, lr}
100042f6:	f7ff fffb 	bl	100042f0 <_exit>
100042fa:	bf00      	nop

100042fc <runtime_init>:
100042fc:	b538      	push	{r3, r4, r5, lr}
100042fe:	4c06      	ldr	r4, [pc, #24]	@ (10004318 <runtime_init+0x1c>)
10004300:	4d06      	ldr	r5, [pc, #24]	@ (1000431c <runtime_init+0x20>)
10004302:	f7fe fab3 	bl	1000286c <runtime_run_initializers>
10004306:	42ac      	cmp	r4, r5
10004308:	d204      	bcs.n	10004314 <runtime_init+0x18>
1000430a:	f854 3b04 	ldr.w	r3, [r4], #4
1000430e:	4798      	blx	r3
10004310:	42ac      	cmp	r4, r5
10004312:	d3fa      	bcc.n	1000430a <runtime_init+0xe>
10004314:	bd38      	pop	{r3, r4, r5, pc}
10004316:	bf00      	nop
10004318:	10007358 	.word	0x10007358
1000431c:	10007364 	.word	0x10007364

10004320 <stdio_out_chars_no_crlf>:
10004320:	6803      	ldr	r3, [r0, #0]
10004322:	4608      	mov	r0, r1
10004324:	4611      	mov	r1, r2
10004326:	4718      	bx	r3

10004328 <stdio_out_chars_crlf>:
10004328:	7d43      	ldrb	r3, [r0, #21]
1000432a:	e92d 47f0 	stmdb	sp!, {r4, r5, r6, r7, r8, r9, sl, lr}
1000432e:	4681      	mov	r9, r0
10004330:	460f      	mov	r7, r1
10004332:	4616      	mov	r6, r2
10004334:	2b00      	cmp	r3, #0
10004336:	d043      	beq.n	100043c0 <stdio_out_chars_crlf+0x98>
10004338:	2a00      	cmp	r2, #0
1000433a:	dd3b      	ble.n	100043b4 <stdio_out_chars_crlf+0x8c>
1000433c:	7d03      	ldrb	r3, [r0, #20]
1000433e:	2000      	movs	r0, #0
10004340:	1e4d      	subs	r5, r1, #1
10004342:	4601      	mov	r1, r0
10004344:	f815 2f01 	ldrb.w	r2, [r5, #1]!
10004348:	f8df 8084 	ldr.w	r8, [pc, #132]	@ 100043d0 <stdio_out_chars_crlf+0xa8>
1000434c:	2a0a      	cmp	r2, #10
1000434e:	f101 0401 	add.w	r4, r1, #1
10004352:	d00e      	beq.n	10004372 <stdio_out_chars_crlf+0x4a>
10004354:	42a6      	cmp	r6, r4
10004356:	d01c      	beq.n	10004392 <stdio_out_chars_crlf+0x6a>
10004358:	782b      	ldrb	r3, [r5, #0]
1000435a:	4621      	mov	r1, r4
1000435c:	f1a3 030d 	sub.w	r3, r3, #13
10004360:	fab3 f383 	clz	r3, r3
10004364:	f815 2f01 	ldrb.w	r2, [r5, #1]!
10004368:	095b      	lsrs	r3, r3, #5
1000436a:	2a0a      	cmp	r2, #10
1000436c:	f101 0401 	add.w	r4, r1, #1
10004370:	d1f0      	bne.n	10004354 <stdio_out_chars_crlf+0x2c>
10004372:	2b00      	cmp	r3, #0
10004374:	d1ee      	bne.n	10004354 <stdio_out_chars_crlf+0x2c>
10004376:	4281      	cmp	r1, r0
10004378:	eba1 0100 	sub.w	r1, r1, r0
1000437c:	4438      	add	r0, r7
1000437e:	dc1b      	bgt.n	100043b8 <stdio_out_chars_crlf+0x90>
10004380:	2102      	movs	r1, #2
10004382:	4640      	mov	r0, r8
10004384:	f8d9 3000 	ldr.w	r3, [r9]
10004388:	4798      	blx	r3
1000438a:	42a6      	cmp	r6, r4
1000438c:	d008      	beq.n	100043a0 <stdio_out_chars_crlf+0x78>
1000438e:	4620      	mov	r0, r4
10004390:	e7e2      	b.n	10004358 <stdio_out_chars_crlf+0x30>
10004392:	4286      	cmp	r6, r0
10004394:	dd04      	ble.n	100043a0 <stdio_out_chars_crlf+0x78>
10004396:	1a31      	subs	r1, r6, r0
10004398:	f8d9 3000 	ldr.w	r3, [r9]
1000439c:	4438      	add	r0, r7
1000439e:	4798      	blx	r3
100043a0:	4437      	add	r7, r6
100043a2:	f817 3c01 	ldrb.w	r3, [r7, #-1]
100043a6:	f1a3 030d 	sub.w	r3, r3, #13
100043aa:	fab3 f383 	clz	r3, r3
100043ae:	095b      	lsrs	r3, r3, #5
100043b0:	f889 3014 	strb.w	r3, [r9, #20]
100043b4:	e8bd 87f0 	ldmia.w	sp!, {r4, r5, r6, r7, r8, r9, sl, pc}
100043b8:	f8d9 3000 	ldr.w	r3, [r9]
100043bc:	4798      	blx	r3
100043be:	e7df      	b.n	10004380 <stdio_out_chars_crlf+0x58>
100043c0:	4638      	mov	r0, r7
100043c2:	f8d9 3000 	ldr.w	r3, [r9]
100043c6:	4611      	mov	r1, r2
100043c8:	e8bd 47f0 	ldmia.w	sp!, {r4, r5, r6, r7, r8, r9, sl, lr}
100043cc:	4718      	bx	r3
100043ce:	bf00      	nop
100043d0:	100077a0 	.word	0x100077a0

100043d4 <stdio_put_string>:
100043d4:	e92d 47f0 	stmdb	sp!, {r4, r5, r6, r7, r8, r9, sl, lr}
100043d8:	b082      	sub	sp, #8
100043da:	460d      	mov	r5, r1
100043dc:	4692      	mov	sl, r2
100043de:	4699      	mov	r9, r3
100043e0:	4607      	mov	r7, r0
100043e2:	f7fd fbff 	bl	10001be4 <time_us_64>
100043e6:	f04f 36ff 	mov.w	r6, #4294967295	@ 0xffffffff
100043ea:	f06f 4400 	mvn.w	r4, #2147483648	@ 0x80000000
100043ee:	4a2f      	ldr	r2, [pc, #188]	@ (100044ac <stdio_put_string+0xd8>)
100043f0:	1882      	adds	r2, r0, r2
100043f2:	f141 0300 	adc.w	r3, r1, #0
100043f6:	4296      	cmp	r6, r2
100043f8:	eb74 0103 	sbcs.w	r1, r4, r3
100043fc:	bf3c      	itt	cc
100043fe:	4632      	movcc	r2, r6
10004400:	4623      	movcc	r3, r4
10004402:	482b      	ldr	r0, [pc, #172]	@ (100044b0 <stdio_put_string+0xdc>)
10004404:	f002 ff7c 	bl	10007300 <__mutex_try_enter_block_until_veneer>
10004408:	1c6b      	adds	r3, r5, #1
1000440a:	4680      	mov	r8, r0
1000440c:	d103      	bne.n	10004416 <stdio_put_string+0x42>
1000440e:	4638      	mov	r0, r7
10004410:	f002 fed0 	bl	100071b4 <strlen>
10004414:	4605      	mov	r5, r0
10004416:	4b27      	ldr	r3, [pc, #156]	@ (100044b4 <stdio_put_string+0xe0>)
10004418:	4e27      	ldr	r6, [pc, #156]	@ (100044b8 <stdio_put_string+0xe4>)
1000441a:	681c      	ldr	r4, [r3, #0]
1000441c:	4b27      	ldr	r3, [pc, #156]	@ (100044bc <stdio_put_string+0xe8>)
1000441e:	f1b9 0f00 	cmp.w	r9, #0
10004422:	bf18      	it	ne
10004424:	461e      	movne	r6, r3
10004426:	b1b4      	cbz	r4, 10004456 <stdio_put_string+0x82>
10004428:	f1ba 0f00 	cmp.w	sl, #0
1000442c:	d11a      	bne.n	10004464 <stdio_put_string+0x90>
1000442e:	f8df 9090 	ldr.w	r9, [pc, #144]	@ 100044c0 <stdio_put_string+0xec>
10004432:	e001      	b.n	10004438 <stdio_put_string+0x64>
10004434:	6924      	ldr	r4, [r4, #16]
10004436:	b174      	cbz	r4, 10004456 <stdio_put_string+0x82>
10004438:	6823      	ldr	r3, [r4, #0]
1000443a:	2b00      	cmp	r3, #0
1000443c:	d0fa      	beq.n	10004434 <stdio_put_string+0x60>
1000443e:	f8d9 3000 	ldr.w	r3, [r9]
10004442:	b10b      	cbz	r3, 10004448 <stdio_put_string+0x74>
10004444:	429c      	cmp	r4, r3
10004446:	d1f5      	bne.n	10004434 <stdio_put_string+0x60>
10004448:	4620      	mov	r0, r4
1000444a:	462a      	mov	r2, r5
1000444c:	4639      	mov	r1, r7
1000444e:	47b0      	blx	r6
10004450:	6924      	ldr	r4, [r4, #16]
10004452:	2c00      	cmp	r4, #0
10004454:	d1f0      	bne.n	10004438 <stdio_put_string+0x64>
10004456:	f1b8 0f00 	cmp.w	r8, #0
1000445a:	d11f      	bne.n	1000449c <stdio_put_string+0xc8>
1000445c:	4628      	mov	r0, r5
1000445e:	b002      	add	sp, #8
10004460:	e8bd 87f0 	ldmia.w	sp!, {r4, r5, r6, r7, r8, r9, sl, pc}
10004464:	f04f 0a0a 	mov.w	sl, #10
10004468:	f8df 9054 	ldr.w	r9, [pc, #84]	@ 100044c0 <stdio_put_string+0xec>
1000446c:	e002      	b.n	10004474 <stdio_put_string+0xa0>
1000446e:	6924      	ldr	r4, [r4, #16]
10004470:	2c00      	cmp	r4, #0
10004472:	d0f0      	beq.n	10004456 <stdio_put_string+0x82>
10004474:	6823      	ldr	r3, [r4, #0]
10004476:	2b00      	cmp	r3, #0
10004478:	d0f9      	beq.n	1000446e <stdio_put_string+0x9a>
1000447a:	f8d9 3000 	ldr.w	r3, [r9]
1000447e:	b10b      	cbz	r3, 10004484 <stdio_put_string+0xb0>
10004480:	42a3      	cmp	r3, r4
10004482:	d1f4      	bne.n	1000446e <stdio_put_string+0x9a>
10004484:	462a      	mov	r2, r5
10004486:	4639      	mov	r1, r7
10004488:	4620      	mov	r0, r4
1000448a:	47b0      	blx	r6
1000448c:	2201      	movs	r2, #1
1000448e:	4620      	mov	r0, r4
10004490:	f10d 0107 	add.w	r1, sp, #7
10004494:	f88d a007 	strb.w	sl, [sp, #7]
10004498:	47b0      	blx	r6
1000449a:	e7e8      	b.n	1000446e <stdio_put_string+0x9a>
1000449c:	4804      	ldr	r0, [pc, #16]	@ (100044b0 <stdio_put_string+0xdc>)
1000449e:	f002 ff23 	bl	100072e8 <__mutex_exit_veneer>
100044a2:	4628      	mov	r0, r5
100044a4:	b002      	add	sp, #8
100044a6:	e8bd 87f0 	ldmia.w	sp!, {r4, r5, r6, r7, r8, r9, sl, pc}
100044aa:	bf00      	nop
100044ac:	000f4240 	.word	0x000f4240
100044b0:	200014f8 	.word	0x200014f8
100044b4:	200109e0 	.word	0x200109e0
100044b8:	10004321 	.word	0x10004321
100044bc:	10004329 	.word	0x10004329
100044c0:	200109e8 	.word	0x200109e8

100044c4 <stdio_set_driver_enabled>:
100044c4:	4a0a      	ldr	r2, [pc, #40]	@ (100044f0 <stdio_set_driver_enabled+0x2c>)
100044c6:	6813      	ldr	r3, [r2, #0]
100044c8:	b14b      	cbz	r3, 100044de <stdio_set_driver_enabled+0x1a>
100044ca:	4283      	cmp	r3, r0
100044cc:	d102      	bne.n	100044d4 <stdio_set_driver_enabled+0x10>
100044ce:	e009      	b.n	100044e4 <stdio_set_driver_enabled+0x20>
100044d0:	4298      	cmp	r0, r3
100044d2:	d007      	beq.n	100044e4 <stdio_set_driver_enabled+0x20>
100044d4:	f103 0210 	add.w	r2, r3, #16
100044d8:	691b      	ldr	r3, [r3, #16]
100044da:	2b00      	cmp	r3, #0
100044dc:	d1f8      	bne.n	100044d0 <stdio_set_driver_enabled+0xc>
100044de:	b101      	cbz	r1, 100044e2 <stdio_set_driver_enabled+0x1e>
100044e0:	6010      	str	r0, [r2, #0]
100044e2:	4770      	bx	lr
100044e4:	2900      	cmp	r1, #0
100044e6:	d1fc      	bne.n	100044e2 <stdio_set_driver_enabled+0x1e>
100044e8:	6903      	ldr	r3, [r0, #16]
100044ea:	6013      	str	r3, [r2, #0]
100044ec:	6101      	str	r1, [r0, #16]
100044ee:	4770      	bx	lr
100044f0:	200109e0 	.word	0x200109e0

100044f4 <__wrap_putchar>:
100044f4:	b5f0      	push	{r4, r5, r6, r7, lr}
100044f6:	b083      	sub	sp, #12
100044f8:	4606      	mov	r6, r0
100044fa:	f88d 0007 	strb.w	r0, [sp, #7]
100044fe:	f7fd fb71 	bl	10001be4 <time_us_64>
10004502:	f04f 35ff 	mov.w	r5, #4294967295	@ 0xffffffff
10004506:	f06f 4400 	mvn.w	r4, #2147483648	@ 0x80000000
1000450a:	4a17      	ldr	r2, [pc, #92]	@ (10004568 <__wrap_putchar+0x74>)
1000450c:	1882      	adds	r2, r0, r2
1000450e:	f141 0300 	adc.w	r3, r1, #0
10004512:	4295      	cmp	r5, r2
10004514:	eb74 0103 	sbcs.w	r1, r4, r3
10004518:	bf3c      	itt	cc
1000451a:	4623      	movcc	r3, r4
1000451c:	462a      	movcc	r2, r5
1000451e:	4813      	ldr	r0, [pc, #76]	@ (1000456c <__wrap_putchar+0x78>)
10004520:	f002 feee 	bl	10007300 <__mutex_try_enter_block_until_veneer>
10004524:	4b12      	ldr	r3, [pc, #72]	@ (10004570 <__wrap_putchar+0x7c>)
10004526:	4607      	mov	r7, r0
10004528:	681c      	ldr	r4, [r3, #0]
1000452a:	b19c      	cbz	r4, 10004554 <__wrap_putchar+0x60>
1000452c:	4d11      	ldr	r5, [pc, #68]	@ (10004574 <__wrap_putchar+0x80>)
1000452e:	e001      	b.n	10004534 <__wrap_putchar+0x40>
10004530:	6924      	ldr	r4, [r4, #16]
10004532:	b17c      	cbz	r4, 10004554 <__wrap_putchar+0x60>
10004534:	6823      	ldr	r3, [r4, #0]
10004536:	2b00      	cmp	r3, #0
10004538:	d0fa      	beq.n	10004530 <__wrap_putchar+0x3c>
1000453a:	682b      	ldr	r3, [r5, #0]
1000453c:	b10b      	cbz	r3, 10004542 <__wrap_putchar+0x4e>
1000453e:	429c      	cmp	r4, r3
10004540:	d1f6      	bne.n	10004530 <__wrap_putchar+0x3c>
10004542:	4620      	mov	r0, r4
10004544:	2201      	movs	r2, #1
10004546:	f10d 0107 	add.w	r1, sp, #7
1000454a:	f7ff feed 	bl	10004328 <stdio_out_chars_crlf>
1000454e:	6924      	ldr	r4, [r4, #16]
10004550:	2c00      	cmp	r4, #0
10004552:	d1ef      	bne.n	10004534 <__wrap_putchar+0x40>
10004554:	b917      	cbnz	r7, 1000455c <__wrap_putchar+0x68>
10004556:	4630      	mov	r0, r6
10004558:	b003      	add	sp, #12
1000455a:	bdf0      	pop	{r4, r5, r6, r7, pc}
1000455c:	4803      	ldr	r0, [pc, #12]	@ (1000456c <__wrap_putchar+0x78>)
1000455e:	f002 fec3 	bl	100072e8 <__mutex_exit_veneer>
10004562:	4630      	mov	r0, r6
10004564:	b003      	add	sp, #12
10004566:	bdf0      	pop	{r4, r5, r6, r7, pc}
10004568:	000f4240 	.word	0x000f4240
1000456c:	200014f8 	.word	0x200014f8
10004570:	200109e0 	.word	0x200109e0
10004574:	200109e8 	.word	0x200109e8

10004578 <__wrap_puts>:
10004578:	b538      	push	{r3, r4, r5, lr}
1000457a:	4604      	mov	r4, r0
1000457c:	f002 fe1a 	bl	100071b4 <strlen>
10004580:	2301      	movs	r3, #1
10004582:	4605      	mov	r5, r0
10004584:	461a      	mov	r2, r3
10004586:	4620      	mov	r0, r4
10004588:	4629      	mov	r1, r5
1000458a:	f7ff ff23 	bl	100043d4 <stdio_put_string>
1000458e:	4b08      	ldr	r3, [pc, #32]	@ (100045b0 <__wrap_puts+0x38>)
10004590:	681c      	ldr	r4, [r3, #0]
10004592:	b12c      	cbz	r4, 100045a0 <__wrap_puts+0x28>
10004594:	6863      	ldr	r3, [r4, #4]
10004596:	b12b      	cbz	r3, 100045a4 <__wrap_puts+0x2c>
10004598:	4798      	blx	r3
1000459a:	6924      	ldr	r4, [r4, #16]
1000459c:	2c00      	cmp	r4, #0
1000459e:	d1f9      	bne.n	10004594 <__wrap_puts+0x1c>
100045a0:	4628      	mov	r0, r5
100045a2:	bd38      	pop	{r3, r4, r5, pc}
100045a4:	6924      	ldr	r4, [r4, #16]
100045a6:	2c00      	cmp	r4, #0
100045a8:	d1f4      	bne.n	10004594 <__wrap_puts+0x1c>
100045aa:	4628      	mov	r0, r5
100045ac:	bd38      	pop	{r3, r4, r5, pc}
100045ae:	bf00      	nop
100045b0:	200109e0 	.word	0x200109e0

100045b4 <stdio_uart_out_chars>:
100045b4:	f1b1 0c00 	subs.w	ip, r1, #0
100045b8:	dd1d      	ble.n	100045f6 <stdio_uart_out_chars+0x42>
100045ba:	4a0f      	ldr	r2, [pc, #60]	@ (100045f8 <stdio_uart_out_chars+0x44>)
100045bc:	4b0f      	ldr	r3, [pc, #60]	@ (100045fc <stdio_uart_out_chars+0x48>)
100045be:	6812      	ldr	r2, [r2, #0]
100045c0:	b530      	push	{r4, r5, lr}
100045c2:	1ad3      	subs	r3, r2, r3
100045c4:	fab3 f383 	clz	r3, r3
100045c8:	240d      	movs	r4, #13
100045ca:	4d0d      	ldr	r5, [pc, #52]	@ (10004600 <stdio_uart_out_chars+0x4c>)
100045cc:	095b      	lsrs	r3, r3, #5
100045ce:	1e41      	subs	r1, r0, #1
100045d0:	f935 e013 	ldrsh.w	lr, [r5, r3, lsl #1]
100045d4:	448c      	add	ip, r1
100045d6:	f811 0f01 	ldrb.w	r0, [r1, #1]!
100045da:	4586      	cmp	lr, r0
100045dc:	d006      	beq.n	100045ec <stdio_uart_out_chars+0x38>
100045de:	6993      	ldr	r3, [r2, #24]
100045e0:	069b      	lsls	r3, r3, #26
100045e2:	d4fc      	bmi.n	100045de <stdio_uart_out_chars+0x2a>
100045e4:	4561      	cmp	r1, ip
100045e6:	6010      	str	r0, [r2, #0]
100045e8:	d1f5      	bne.n	100045d6 <stdio_uart_out_chars+0x22>
100045ea:	bd30      	pop	{r4, r5, pc}
100045ec:	6993      	ldr	r3, [r2, #24]
100045ee:	069d      	lsls	r5, r3, #26
100045f0:	d4fc      	bmi.n	100045ec <stdio_uart_out_chars+0x38>
100045f2:	6014      	str	r4, [r2, #0]
100045f4:	e7f3      	b.n	100045de <stdio_uart_out_chars+0x2a>
100045f6:	4770      	bx	lr
100045f8:	20011250 	.word	0x20011250
100045fc:	40078000 	.word	0x40078000
10004600:	20011248 	.word	0x20011248

10004604 <stdio_uart_in_chars>:
10004604:	4b22      	ldr	r3, [pc, #136]	@ (10004690 <stdio_uart_in_chars+0x8c>)
10004606:	f1b1 0c00 	subs.w	ip, r1, #0
1000460a:	b410      	push	{r4}
1000460c:	681c      	ldr	r4, [r3, #0]
1000460e:	dd2e      	ble.n	1000466e <stdio_uart_in_chars+0x6a>
10004610:	4603      	mov	r3, r0
10004612:	2000      	movs	r0, #0
10004614:	4a1f      	ldr	r2, [pc, #124]	@ (10004694 <stdio_uart_in_chars+0x90>)
10004616:	1e59      	subs	r1, r3, #1
10004618:	6812      	ldr	r2, [r2, #0]
1000461a:	6993      	ldr	r3, [r2, #24]
1000461c:	06db      	lsls	r3, r3, #27
1000461e:	d417      	bmi.n	10004650 <stdio_uart_in_chars+0x4c>
10004620:	3001      	adds	r0, #1
10004622:	6993      	ldr	r3, [r2, #24]
10004624:	06db      	lsls	r3, r3, #27
10004626:	d4fc      	bmi.n	10004622 <stdio_uart_in_chars+0x1e>
10004628:	6813      	ldr	r3, [r2, #0]
1000462a:	4584      	cmp	ip, r0
1000462c:	f801 3f01 	strb.w	r3, [r1, #1]!
10004630:	d1f3      	bne.n	1000461a <stdio_uart_in_chars+0x16>
10004632:	b14c      	cbz	r4, 10004648 <stdio_uart_in_chars+0x44>
10004634:	2150      	movs	r1, #80	@ 0x50
10004636:	4613      	mov	r3, r2
10004638:	6391      	str	r1, [r2, #56]	@ 0x38
1000463a:	f853 2f34 	ldr.w	r2, [r3, #52]!
1000463e:	f002 0238 	and.w	r2, r2, #56	@ 0x38
10004642:	f503 5380 	add.w	r3, r3, #4096	@ 0x1000
10004646:	601a      	str	r2, [r3, #0]
10004648:	4660      	mov	r0, ip
1000464a:	f85d 4b04 	ldr.w	r4, [sp], #4
1000464e:	4770      	bx	lr
10004650:	b14c      	cbz	r4, 10004666 <stdio_uart_in_chars+0x62>
10004652:	2150      	movs	r1, #80	@ 0x50
10004654:	4613      	mov	r3, r2
10004656:	6391      	str	r1, [r2, #56]	@ 0x38
10004658:	f853 2f34 	ldr.w	r2, [r3, #52]!
1000465c:	f002 0238 	and.w	r2, r2, #56	@ 0x38
10004660:	f503 5380 	add.w	r3, r3, #4096	@ 0x1000
10004664:	601a      	str	r2, [r3, #0]
10004666:	b178      	cbz	r0, 10004688 <stdio_uart_in_chars+0x84>
10004668:	f85d 4b04 	ldr.w	r4, [sp], #4
1000466c:	4770      	bx	lr
1000466e:	b15c      	cbz	r4, 10004688 <stdio_uart_in_chars+0x84>
10004670:	4b08      	ldr	r3, [pc, #32]	@ (10004694 <stdio_uart_in_chars+0x90>)
10004672:	2150      	movs	r1, #80	@ 0x50
10004674:	681a      	ldr	r2, [r3, #0]
10004676:	4613      	mov	r3, r2
10004678:	6391      	str	r1, [r2, #56]	@ 0x38
1000467a:	f853 2f34 	ldr.w	r2, [r3, #52]!
1000467e:	f002 0238 	and.w	r2, r2, #56	@ 0x38
10004682:	f503 5380 	add.w	r3, r3, #4096	@ 0x1000
10004686:	601a      	str	r2, [r3, #0]
10004688:	f06f 0002 	mvn.w	r0, #2
1000468c:	e7ec      	b.n	10004668 <stdio_uart_in_chars+0x64>
1000468e:	bf00      	nop
10004690:	20010980 	.word	0x20010980
10004694:	20011250 	.word	0x20011250

10004698 <on_uart_rx>:
10004698:	4b05      	ldr	r3, [pc, #20]	@ (100046b0 <on_uart_rx+0x18>)
1000469a:	681b      	ldr	r3, [r3, #0]
1000469c:	b133      	cbz	r3, 100046ac <on_uart_rx+0x14>
1000469e:	2100      	movs	r1, #0
100046a0:	4a04      	ldr	r2, [pc, #16]	@ (100046b4 <on_uart_rx+0x1c>)
100046a2:	4805      	ldr	r0, [pc, #20]	@ (100046b8 <on_uart_rx+0x20>)
100046a4:	6812      	ldr	r2, [r2, #0]
100046a6:	6800      	ldr	r0, [r0, #0]
100046a8:	6391      	str	r1, [r2, #56]	@ 0x38
100046aa:	4718      	bx	r3
100046ac:	4770      	bx	lr
100046ae:	bf00      	nop
100046b0:	20010980 	.word	0x20010980
100046b4:	20011250 	.word	0x20011250
100046b8:	20010984 	.word	0x20010984

100046bc <stdio_uart_out_flush>:
100046bc:	4b02      	ldr	r3, [pc, #8]	@ (100046c8 <stdio_uart_out_flush+0xc>)
100046be:	681a      	ldr	r2, [r3, #0]
100046c0:	6993      	ldr	r3, [r2, #24]
100046c2:	071b      	lsls	r3, r3, #28
100046c4:	d4fc      	bmi.n	100046c0 <stdio_uart_out_flush+0x4>
100046c6:	4770      	bx	lr
100046c8:	20011250 	.word	0x20011250

100046cc <stdio_uart_set_chars_available_callback>:
100046cc:	b5f8      	push	{r3, r4, r5, r6, r7, lr}
100046ce:	4f1c      	ldr	r7, [pc, #112]	@ (10004740 <stdio_uart_set_chars_available_callback+0x74>)
100046d0:	4d1c      	ldr	r5, [pc, #112]	@ (10004744 <stdio_uart_set_chars_available_callback+0x78>)
100046d2:	683a      	ldr	r2, [r7, #0]
100046d4:	4e1c      	ldr	r6, [pc, #112]	@ (10004748 <stdio_uart_set_chars_available_callback+0x7c>)
100046d6:	42aa      	cmp	r2, r5
100046d8:	bf14      	ite	ne
100046da:	2521      	movne	r5, #33	@ 0x21
100046dc:	2522      	moveq	r5, #34	@ 0x22
100046de:	4604      	mov	r4, r0
100046e0:	f8d6 c000 	ldr.w	ip, [r6]
100046e4:	b118      	cbz	r0, 100046ee <stdio_uart_set_chars_available_callback+0x22>
100046e6:	f1bc 0f00 	cmp.w	ip, #0
100046ea:	d010      	beq.n	1000470e <stdio_uart_set_chars_available_callback+0x42>
100046ec:	bdf8      	pop	{r3, r4, r5, r6, r7, pc}
100046ee:	f1bc 0f00 	cmp.w	ip, #0
100046f2:	d0fb      	beq.n	100046ec <stdio_uart_set_chars_available_callback+0x20>
100046f4:	4601      	mov	r1, r0
100046f6:	6390      	str	r0, [r2, #56]	@ 0x38
100046f8:	4628      	mov	r0, r5
100046fa:	f7fd fbad 	bl	10001e58 <irq_set_enabled>
100046fe:	4628      	mov	r0, r5
10004700:	4912      	ldr	r1, [pc, #72]	@ (1000474c <stdio_uart_set_chars_available_callback+0x80>)
10004702:	f7fd fcf3 	bl	100020ec <irq_remove_handler>
10004706:	4b12      	ldr	r3, [pc, #72]	@ (10004750 <stdio_uart_set_chars_available_callback+0x84>)
10004708:	6034      	str	r4, [r6, #0]
1000470a:	601c      	str	r4, [r3, #0]
1000470c:	bdf8      	pop	{r3, r4, r5, r6, r7, pc}
1000470e:	460b      	mov	r3, r1
10004710:	4a0f      	ldr	r2, [pc, #60]	@ (10004750 <stdio_uart_set_chars_available_callback+0x84>)
10004712:	490e      	ldr	r1, [pc, #56]	@ (1000474c <stdio_uart_set_chars_available_callback+0x80>)
10004714:	6030      	str	r0, [r6, #0]
10004716:	4628      	mov	r0, r5
10004718:	6013      	str	r3, [r2, #0]
1000471a:	f7fd fbc3 	bl	10001ea4 <irq_set_exclusive_handler>
1000471e:	2101      	movs	r1, #1
10004720:	4628      	mov	r0, r5
10004722:	f7fd fb99 	bl	10001e58 <irq_set_enabled>
10004726:	683a      	ldr	r2, [r7, #0]
10004728:	2150      	movs	r1, #80	@ 0x50
1000472a:	4613      	mov	r3, r2
1000472c:	6391      	str	r1, [r2, #56]	@ 0x38
1000472e:	f853 2f34 	ldr.w	r2, [r3, #52]!
10004732:	f002 0238 	and.w	r2, r2, #56	@ 0x38
10004736:	f503 5380 	add.w	r3, r3, #4096	@ 0x1000
1000473a:	601a      	str	r2, [r3, #0]
1000473c:	bdf8      	pop	{r3, r4, r5, r6, r7, pc}
1000473e:	bf00      	nop
10004740:	20011250 	.word	0x20011250
10004744:	40078000 	.word	0x40078000
10004748:	20010980 	.word	0x20010980
1000474c:	10004699 	.word	0x10004699
10004750:	20010984 	.word	0x20010984

10004754 <stdio_uart_init_full>:
10004754:	b570      	push	{r4, r5, r6, lr}
10004756:	4e10      	ldr	r6, [pc, #64]	@ (10004798 <stdio_uart_init_full+0x44>)
10004758:	460d      	mov	r5, r1
1000475a:	6030      	str	r0, [r6, #0]
1000475c:	1e10      	subs	r0, r2, #0
1000475e:	461c      	mov	r4, r3
10004760:	db06      	blt.n	10004770 <stdio_uart_init_full+0x1c>
10004762:	f010 0f02 	tst.w	r0, #2
10004766:	bf0c      	ite	eq
10004768:	2102      	moveq	r1, #2
1000476a:	210b      	movne	r1, #11
1000476c:	f7fd fe1a 	bl	100023a4 <gpio_set_function>
10004770:	2c00      	cmp	r4, #0
10004772:	db07      	blt.n	10004784 <stdio_uart_init_full+0x30>
10004774:	f014 0f02 	tst.w	r4, #2
10004778:	bf0c      	ite	eq
1000477a:	2102      	moveq	r1, #2
1000477c:	210b      	movne	r1, #11
1000477e:	4620      	mov	r0, r4
10004780:	f7fd fe10 	bl	100023a4 <gpio_set_function>
10004784:	4629      	mov	r1, r5
10004786:	6830      	ldr	r0, [r6, #0]
10004788:	f7fd fe62 	bl	10002450 <uart_init>
1000478c:	e8bd 4070 	ldmia.w	sp!, {r4, r5, r6, lr}
10004790:	2101      	movs	r1, #1
10004792:	4802      	ldr	r0, [pc, #8]	@ (1000479c <stdio_uart_init_full+0x48>)
10004794:	f7ff be96 	b.w	100044c4 <stdio_set_driver_enabled>
10004798:	20011250 	.word	0x20011250
1000479c:	200014a8 	.word	0x200014a8

100047a0 <flash_get_unique_id>:
100047a0:	2300      	movs	r3, #0
100047a2:	f04f 0c4b 	mov.w	ip, #75	@ 0x4b
100047a6:	b510      	push	{r4, lr}
100047a8:	b088      	sub	sp, #32
100047aa:	4604      	mov	r4, r0
100047ac:	220d      	movs	r2, #13
100047ae:	4668      	mov	r0, sp
100047b0:	a904      	add	r1, sp, #16
100047b2:	9300      	str	r3, [sp, #0]
100047b4:	e9cd 3301 	strd	r3, r3, [sp, #4]
100047b8:	e9cd 3305 	strd	r3, r3, [sp, #20]
100047bc:	9304      	str	r3, [sp, #16]
100047be:	f88d 300c 	strb.w	r3, [sp, #12]
100047c2:	f88d 301c 	strb.w	r3, [sp, #28]
100047c6:	f88d c000 	strb.w	ip, [sp]
100047ca:	f002 fd79 	bl	100072c0 <__flash_do_cmd_veneer>
100047ce:	f8dd 2015 	ldr.w	r2, [sp, #21]
100047d2:	f8dd 3019 	ldr.w	r3, [sp, #25]
100047d6:	6022      	str	r2, [r4, #0]
100047d8:	6063      	str	r3, [r4, #4]
100047da:	b008      	add	sp, #32
100047dc:	bd10      	pop	{r4, pc}
100047de:	bf00      	nop

100047e0 <i2c_read_blocking_internal.constprop.0>:
100047e0:	b570      	push	{r4, r5, r6, lr}
100047e2:	2500      	movs	r5, #0
100047e4:	2601      	movs	r6, #1
100047e6:	6804      	ldr	r4, [r0, #0]
100047e8:	2b00      	cmp	r3, #0
100047ea:	66e5      	str	r5, [r4, #108]	@ 0x6c
100047ec:	4684      	mov	ip, r0
100047ee:	6061      	str	r1, [r4, #4]
100047f0:	4628      	mov	r0, r5
100047f2:	f89d e010 	ldrb.w	lr, [sp, #16]
100047f6:	66e6      	str	r6, [r4, #108]	@ 0x6c
100047f8:	dd16      	ble.n	10004828 <i2c_read_blocking_internal.constprop.0+0x48>
100047fa:	1e5d      	subs	r5, r3, #1
100047fc:	6f61      	ldr	r1, [r4, #116]	@ 0x74
100047fe:	2910      	cmp	r1, #16
10004800:	d0fc      	beq.n	100047fc <i2c_read_blocking_internal.constprop.0+0x1c>
10004802:	b300      	cbz	r0, 10004846 <i2c_read_blocking_internal.constprop.0+0x66>
10004804:	2100      	movs	r1, #0
10004806:	42a8      	cmp	r0, r5
10004808:	bf04      	itt	eq
1000480a:	f08e 0601 	eoreq.w	r6, lr, #1
1000480e:	ea41 2146 	orreq.w	r1, r1, r6, lsl #9
10004812:	f441 7180 	orr.w	r1, r1, #256	@ 0x100
10004816:	6121      	str	r1, [r4, #16]
10004818:	f8d4 1080 	ldr.w	r1, [r4, #128]	@ 0x80
1000481c:	6b61      	ldr	r1, [r4, #52]	@ 0x34
1000481e:	0649      	lsls	r1, r1, #25
10004820:	d505      	bpl.n	1000482e <i2c_read_blocking_internal.constprop.0+0x4e>
10004822:	f04f 30ff 	mov.w	r0, #4294967295	@ 0xffffffff
10004826:	6d63      	ldr	r3, [r4, #84]	@ 0x54
10004828:	f88c e004 	strb.w	lr, [ip, #4]
1000482c:	bd70      	pop	{r4, r5, r6, pc}
1000482e:	6fa1      	ldr	r1, [r4, #120]	@ 0x78
10004830:	2900      	cmp	r1, #0
10004832:	d0f1      	beq.n	10004818 <i2c_read_blocking_internal.constprop.0+0x38>
10004834:	6921      	ldr	r1, [r4, #16]
10004836:	3001      	adds	r0, #1
10004838:	4283      	cmp	r3, r0
1000483a:	f802 1b01 	strb.w	r1, [r2], #1
1000483e:	d0f3      	beq.n	10004828 <i2c_read_blocking_internal.constprop.0+0x48>
10004840:	f8dc 4000 	ldr.w	r4, [ip]
10004844:	e7da      	b.n	100047fc <i2c_read_blocking_internal.constprop.0+0x1c>
10004846:	f89c 1004 	ldrb.w	r1, [ip, #4]
1000484a:	0289      	lsls	r1, r1, #10
1000484c:	e7db      	b.n	10004806 <i2c_read_blocking_internal.constprop.0+0x26>
1000484e:	bf00      	nop

10004850 <i2c_write_blocking_internal.constprop.0>:
10004850:	e92d 41f0 	stmdb	sp!, {r4, r5, r6, r7, r8, lr}
10004854:	2400      	movs	r4, #0
10004856:	2701      	movs	r7, #1
10004858:	4694      	mov	ip, r2
1000485a:	6802      	ldr	r2, [r0, #0]
1000485c:	f1b3 0e00 	subs.w	lr, r3, #0
10004860:	66d4      	str	r4, [r2, #108]	@ 0x6c
10004862:	4605      	mov	r5, r0
10004864:	6051      	str	r1, [r2, #4]
10004866:	4620      	mov	r0, r4
10004868:	f89d 6018 	ldrb.w	r6, [sp, #24]
1000486c:	66d7      	str	r7, [r2, #108]	@ 0x6c
1000486e:	dd1d      	ble.n	100048ac <i2c_write_blocking_internal.constprop.0+0x5c>
10004870:	7929      	ldrb	r1, [r5, #4]
10004872:	4077      	eors	r7, r6
10004874:	0289      	lsls	r1, r1, #10
10004876:	027f      	lsls	r7, r7, #9
10004878:	f10e 34ff 	add.w	r4, lr, #4294967295	@ 0xffffffff
1000487c:	42a0      	cmp	r0, r4
1000487e:	bf0c      	ite	eq
10004880:	46b8      	moveq	r8, r7
10004882:	f04f 0800 	movne.w	r8, #0
10004886:	f81c 3b01 	ldrb.w	r3, [ip], #1
1000488a:	430b      	orrs	r3, r1
1000488c:	ea43 0308 	orr.w	r3, r3, r8
10004890:	6113      	str	r3, [r2, #16]
10004892:	6b53      	ldr	r3, [r2, #52]	@ 0x34
10004894:	06d9      	lsls	r1, r3, #27
10004896:	d5fc      	bpl.n	10004892 <i2c_write_blocking_internal.constprop.0+0x42>
10004898:	f8d2 1080 	ldr.w	r1, [r2, #128]	@ 0x80
1000489c:	b949      	cbnz	r1, 100048b2 <i2c_write_blocking_internal.constprop.0+0x62>
1000489e:	42a0      	cmp	r0, r4
100048a0:	d01c      	beq.n	100048dc <i2c_write_blocking_internal.constprop.0+0x8c>
100048a2:	3001      	adds	r0, #1
100048a4:	4586      	cmp	lr, r0
100048a6:	f04f 0100 	mov.w	r1, #0
100048aa:	d1e7      	bne.n	1000487c <i2c_write_blocking_internal.constprop.0+0x2c>
100048ac:	712e      	strb	r6, [r5, #4]
100048ae:	e8bd 81f0 	ldmia.w	sp!, {r4, r5, r6, r7, r8, pc}
100048b2:	f04f 0801 	mov.w	r8, #1
100048b6:	6d53      	ldr	r3, [r2, #84]	@ 0x54
100048b8:	6b53      	ldr	r3, [r2, #52]	@ 0x34
100048ba:	059b      	lsls	r3, r3, #22
100048bc:	d5fc      	bpl.n	100048b8 <i2c_write_blocking_internal.constprop.0+0x68>
100048be:	6e13      	ldr	r3, [r2, #96]	@ 0x60
100048c0:	f1b8 0f00 	cmp.w	r8, #0
100048c4:	d0ed      	beq.n	100048a2 <i2c_write_blocking_internal.constprop.0+0x52>
100048c6:	b169      	cbz	r1, 100048e4 <i2c_write_blocking_internal.constprop.0+0x94>
100048c8:	07cb      	lsls	r3, r1, #31
100048ca:	d40b      	bmi.n	100048e4 <i2c_write_blocking_internal.constprop.0+0x94>
100048cc:	f011 0f08 	tst.w	r1, #8
100048d0:	bf08      	it	eq
100048d2:	f04f 30ff 	moveq.w	r0, #4294967295	@ 0xffffffff
100048d6:	712e      	strb	r6, [r5, #4]
100048d8:	e8bd 81f0 	ldmia.w	sp!, {r4, r5, r6, r7, r8, pc}
100048dc:	2e00      	cmp	r6, #0
100048de:	d1e0      	bne.n	100048a2 <i2c_write_blocking_internal.constprop.0+0x52>
100048e0:	46b0      	mov	r8, r6
100048e2:	e7e9      	b.n	100048b8 <i2c_write_blocking_internal.constprop.0+0x68>
100048e4:	f04f 30ff 	mov.w	r0, #4294967295	@ 0xffffffff
100048e8:	e7e0      	b.n	100048ac <i2c_write_blocking_internal.constprop.0+0x5c>
100048ea:	bf00      	nop

100048ec <i2c_set_baudrate>:
100048ec:	b5f8      	push	{r3, r4, r5, r6, r7, lr}
100048ee:	4606      	mov	r6, r0
100048f0:	2005      	movs	r0, #5
100048f2:	460c      	mov	r4, r1
100048f4:	f7fd ff1c 	bl	10002730 <clock_get_hz>
100048f8:	eb00 0c54 	add.w	ip, r0, r4, lsr #1
100048fc:	fbbc fcf4 	udiv	ip, ip, r4
10004900:	4b21      	ldr	r3, [pc, #132]	@ (10004988 <i2c_set_baudrate+0x9c>)
10004902:	eb0c 024c 	add.w	r2, ip, ip, lsl #1
10004906:	fba3 5302 	umull	r5, r3, r3, r2
1000490a:	4920      	ldr	r1, [pc, #128]	@ (1000498c <i2c_set_baudrate+0xa0>)
1000490c:	089f      	lsrs	r7, r3, #2
1000490e:	428c      	cmp	r4, r1
10004910:	ebac 0593 	sub.w	r5, ip, r3, lsr #2
10004914:	d830      	bhi.n	10004978 <i2c_set_baudrate+0x8c>
10004916:	f101 41d6 	add.w	r1, r1, #1795162112	@ 0x6b000000
1000491a:	f501 01a1 	add.w	r1, r1, #5275648	@ 0x508000
1000491e:	f601 012c 	addw	r1, r1, #2092	@ 0x82c
10004922:	eb00 0340 	add.w	r3, r0, r0, lsl #1
10004926:	fba1 1303 	umull	r1, r3, r1, r3
1000492a:	0d9b      	lsrs	r3, r3, #22
1000492c:	3301      	adds	r3, #1
1000492e:	2400      	movs	r4, #0
10004930:	2a4f      	cmp	r2, #79	@ 0x4f
10004932:	bf98      	it	ls
10004934:	2201      	movls	r2, #1
10004936:	6831      	ldr	r1, [r6, #0]
10004938:	fbb0 f0fc 	udiv	r0, r0, ip
1000493c:	66cc      	str	r4, [r1, #108]	@ 0x6c
1000493e:	680c      	ldr	r4, [r1, #0]
10004940:	f501 5680 	add.w	r6, r1, #4096	@ 0x1000
10004944:	f084 0404 	eor.w	r4, r4, #4
10004948:	f004 0406 	and.w	r4, r4, #6
1000494c:	6034      	str	r4, [r6, #0]
1000494e:	bf88      	it	hi
10004950:	4c0d      	ldrhi	r4, [pc, #52]	@ (10004988 <i2c_set_baudrate+0x9c>)
10004952:	61cd      	str	r5, [r1, #28]
10004954:	bf84      	itt	hi
10004956:	fba4 4202 	umullhi	r4, r2, r4, r2
1000495a:	0992      	lsrhi	r2, r2, #6
1000495c:	620f      	str	r7, [r1, #32]
1000495e:	f8c1 20a0 	str.w	r2, [r1, #160]	@ 0xa0
10004962:	460a      	mov	r2, r1
10004964:	2401      	movs	r4, #1
10004966:	f852 5f7c 	ldr.w	r5, [r2, #124]!
1000496a:	406b      	eors	r3, r5
1000496c:	b29b      	uxth	r3, r3
1000496e:	f502 5280 	add.w	r2, r2, #4096	@ 0x1000
10004972:	6013      	str	r3, [r2, #0]
10004974:	66cc      	str	r4, [r1, #108]	@ 0x6c
10004976:	bdf8      	pop	{r3, r4, r5, r6, r7, pc}
10004978:	4905      	ldr	r1, [pc, #20]	@ (10004990 <i2c_set_baudrate+0xa4>)
1000497a:	eb00 0340 	add.w	r3, r0, r0, lsl #1
1000497e:	fba1 1303 	umull	r1, r3, r1, r3
10004982:	0ddb      	lsrs	r3, r3, #23
10004984:	3301      	adds	r3, #1
10004986:	e7d2      	b.n	1000492e <i2c_set_baudrate+0x42>
10004988:	cccccccd 	.word	0xcccccccd
1000498c:	000f423f 	.word	0x000f423f
10004990:	55e63b89 	.word	0x55e63b89

10004994 <i2c_init>:
10004994:	4a0e      	ldr	r2, [pc, #56]	@ (100049d0 <i2c_init+0x3c>)
10004996:	b430      	push	{r4, r5}
10004998:	4290      	cmp	r0, r2
1000499a:	bf14      	ite	ne
1000499c:	2220      	movne	r2, #32
1000499e:	2210      	moveq	r2, #16
100049a0:	4d0c      	ldr	r5, [pc, #48]	@ (100049d4 <i2c_init+0x40>)
100049a2:	4b0d      	ldr	r3, [pc, #52]	@ (100049d8 <i2c_init+0x44>)
100049a4:	4c0d      	ldr	r4, [pc, #52]	@ (100049dc <i2c_init+0x48>)
100049a6:	602a      	str	r2, [r5, #0]
100049a8:	601a      	str	r2, [r3, #0]
100049aa:	68a3      	ldr	r3, [r4, #8]
100049ac:	ea32 0303 	bics.w	r3, r2, r3
100049b0:	d1fb      	bne.n	100049aa <i2c_init+0x16>
100049b2:	f240 1565 	movw	r5, #357	@ 0x165
100049b6:	2403      	movs	r4, #3
100049b8:	6802      	ldr	r2, [r0, #0]
100049ba:	7103      	strb	r3, [r0, #4]
100049bc:	66d3      	str	r3, [r2, #108]	@ 0x6c
100049be:	6015      	str	r5, [r2, #0]
100049c0:	63d3      	str	r3, [r2, #60]	@ 0x3c
100049c2:	6393      	str	r3, [r2, #56]	@ 0x38
100049c4:	f8c2 4088 	str.w	r4, [r2, #136]	@ 0x88
100049c8:	bc30      	pop	{r4, r5}
100049ca:	f7ff bf8f 	b.w	100048ec <i2c_set_baudrate>
100049ce:	bf00      	nop
100049d0:	200014c8 	.word	0x200014c8
100049d4:	40022000 	.word	0x40022000
100049d8:	40023000 	.word	0x40023000
100049dc:	40020000 	.word	0x40020000

100049e0 <i2c_write_blocking>:
100049e0:	b410      	push	{r4}
100049e2:	f89d 4004 	ldrb.w	r4, [sp, #4]
100049e6:	9401      	str	r4, [sp, #4]
100049e8:	f85d 4b04 	ldr.w	r4, [sp], #4
100049ec:	f7ff bf30 	b.w	10004850 <i2c_write_blocking_internal.constprop.0>

100049f0 <i2c_read_blocking>:
100049f0:	b410      	push	{r4}
100049f2:	f89d 4004 	ldrb.w	r4, [sp, #4]
100049f6:	9401      	str	r4, [sp, #4]
100049f8:	f85d 4b04 	ldr.w	r4, [sp], #4
100049fc:	f7ff bef0 	b.w	100047e0 <i2c_read_blocking_internal.constprop.0>

10004a00 <dcd_init>:
10004a00:	b570      	push	{r4, r5, r6, lr}
10004a02:	f000 f92b 	bl	10004c5c <rp2040_usb_init>
10004a06:	230c      	movs	r3, #12
10004a08:	2540      	movs	r5, #64	@ 0x40
10004a0a:	4c1b      	ldr	r4, [pc, #108]	@ (10004a78 <dcd_init+0x78>)
10004a0c:	22ff      	movs	r2, #255	@ 0xff
10004a0e:	200e      	movs	r0, #14
10004a10:	491a      	ldr	r1, [pc, #104]	@ (10004a7c <dcd_init+0x7c>)
10004a12:	67a3      	str	r3, [r4, #120]	@ 0x78
10004a14:	f7fd fa76 	bl	10001f04 <irq_add_shared_handler>
10004a18:	4b19      	ldr	r3, [pc, #100]	@ (10004a80 <dcd_init+0x80>)
10004a1a:	2100      	movs	r1, #0
10004a1c:	4618      	mov	r0, r3
10004a1e:	462a      	mov	r2, r5
10004a20:	f002 fafa 	bl	10007018 <memset>
10004a24:	4603      	mov	r3, r0
10004a26:	2100      	movs	r1, #0
10004a28:	2080      	movs	r0, #128	@ 0x80
10004a2a:	2601      	movs	r6, #1
10004a2c:	4a15      	ldr	r2, [pc, #84]	@ (10004a84 <dcd_init+0x84>)
10004a2e:	8458      	strh	r0, [r3, #34]	@ 0x22
10004a30:	609a      	str	r2, [r3, #8]
10004a32:	3a84      	subs	r2, #132	@ 0x84
10004a34:	6059      	str	r1, [r3, #4]
10004a36:	705e      	strb	r6, [r3, #1]
10004a38:	831d      	strh	r5, [r3, #24]
10004a3a:	871d      	strh	r5, [r3, #56]	@ 0x38
10004a3c:	f8c2 1084 	str.w	r1, [r2, #132]	@ 0x84
10004a40:	f8c2 1080 	str.w	r1, [r2, #128]	@ 0x80
10004a44:	f502 7280 	add.w	r2, r2, #256	@ 0x100
10004a48:	60da      	str	r2, [r3, #12]
10004a4a:	62da      	str	r2, [r3, #44]	@ 0x2c
10004a4c:	3a80      	subs	r2, #128	@ 0x80
10004a4e:	f883 1021 	strb.w	r1, [r3, #33]	@ 0x21
10004a52:	f883 103b 	strb.w	r1, [r3, #59]	@ 0x3b
10004a56:	6259      	str	r1, [r3, #36]	@ 0x24
10004a58:	629a      	str	r2, [r3, #40]	@ 0x28
10004a5a:	f002 fc2d 	bl	100072b8 <__reset_non_control_endpoints_veneer>
10004a5e:	f04f 5000 	mov.w	r0, #536870912	@ 0x20000000
10004a62:	f44f 3280 	mov.w	r2, #65536	@ 0x10000
10004a66:	4908      	ldr	r1, [pc, #32]	@ (10004a88 <dcd_init+0x88>)
10004a68:	4b08      	ldr	r3, [pc, #32]	@ (10004a8c <dcd_init+0x8c>)
10004a6a:	6426      	str	r6, [r4, #64]	@ 0x40
10004a6c:	64e0      	str	r0, [r4, #76]	@ 0x4c
10004a6e:	f8c4 1090 	str.w	r1, [r4, #144]	@ 0x90
10004a72:	64da      	str	r2, [r3, #76]	@ 0x4c
10004a74:	bd70      	pop	{r4, r5, r6, pc}
10004a76:	bf00      	nop
10004a78:	50110000 	.word	0x50110000
10004a7c:	20000619 	.word	0x20000619
10004a80:	200109ec 	.word	0x200109ec
10004a84:	50100084 	.word	0x50100084
10004a88:	0001d010 	.word	0x0001d010
10004a8c:	50112000 	.word	0x50112000

10004a90 <dcd_int_enable>:
10004a90:	2101      	movs	r1, #1
10004a92:	200e      	movs	r0, #14
10004a94:	f7fd b9e0 	b.w	10001e58 <irq_set_enabled>

10004a98 <dcd_set_address>:
10004a98:	2200      	movs	r2, #0
10004a9a:	4802      	ldr	r0, [pc, #8]	@ (10004aa4 <dcd_set_address+0xc>)
10004a9c:	4611      	mov	r1, r2
10004a9e:	f000 b8fd 	b.w	10004c9c <hw_endpoint_xfer_start>
10004aa2:	bf00      	nop
10004aa4:	20010a0c 	.word	0x20010a0c

10004aa8 <dcd_sof_enable>:
10004aa8:	4b04      	ldr	r3, [pc, #16]	@ (10004abc <dcd_sof_enable+0x14>)
10004aaa:	7019      	strb	r1, [r3, #0]
10004aac:	b121      	cbz	r1, 10004ab8 <dcd_sof_enable+0x10>
10004aae:	f44f 3200 	mov.w	r2, #131072	@ 0x20000
10004ab2:	4b03      	ldr	r3, [pc, #12]	@ (10004ac0 <dcd_sof_enable+0x18>)
10004ab4:	f8c3 2090 	str.w	r2, [r3, #144]	@ 0x90
10004ab8:	4770      	bx	lr
10004aba:	bf00      	nop
10004abc:	20011255 	.word	0x20011255
10004ac0:	50112000 	.word	0x50112000

10004ac4 <dcd_edpt0_status_complete>:
10004ac4:	780b      	ldrb	r3, [r1, #0]
10004ac6:	065b      	lsls	r3, r3, #25
10004ac8:	d102      	bne.n	10004ad0 <dcd_edpt0_status_complete+0xc>
10004aca:	784b      	ldrb	r3, [r1, #1]
10004acc:	2b05      	cmp	r3, #5
10004ace:	d000      	beq.n	10004ad2 <dcd_edpt0_status_complete+0xe>
10004ad0:	4770      	bx	lr
10004ad2:	884b      	ldrh	r3, [r1, #2]
10004ad4:	4a01      	ldr	r2, [pc, #4]	@ (10004adc <dcd_edpt0_status_complete+0x18>)
10004ad6:	b2db      	uxtb	r3, r3
10004ad8:	6013      	str	r3, [r2, #0]
10004ada:	4770      	bx	lr
10004adc:	50110000 	.word	0x50110000

10004ae0 <dcd_edpt_open>:
10004ae0:	f04f 0c00 	mov.w	ip, #0
10004ae4:	e92d 41f0 	stmdb	sp!, {r4, r5, r6, r7, r8, lr}
10004ae8:	7888      	ldrb	r0, [r1, #2]
10004aea:	4d35      	ldr	r5, [pc, #212]	@ (10004bc0 <dcd_edpt_open+0xe0>)
10004aec:	f000 027f 	and.w	r2, r0, #127	@ 0x7f
10004af0:	0056      	lsls	r6, r2, #1
10004af2:	78cf      	ldrb	r7, [r1, #3]
10004af4:	888b      	ldrh	r3, [r1, #4]
10004af6:	eb06 11d0 	add.w	r1, r6, r0, lsr #7
10004afa:	eb05 1141 	add.w	r1, r5, r1, lsl #5
10004afe:	09c4      	lsrs	r4, r0, #7
10004b00:	7088      	strb	r0, [r1, #2]
10004b02:	f3c7 0001 	ubfx	r0, r7, #0, #2
10004b06:	76c8      	strb	r0, [r1, #27]
10004b08:	f3c3 030a 	ubfx	r3, r3, #0, #11
10004b0c:	f084 0001 	eor.w	r0, r4, #1
10004b10:	f881 c003 	strb.w	ip, [r1, #3]
10004b14:	830b      	strh	r3, [r1, #24]
10004b16:	7048      	strb	r0, [r1, #1]
10004b18:	f007 0703 	and.w	r7, r7, #3
10004b1c:	00d1      	lsls	r1, r2, #3
10004b1e:	bb84      	cbnz	r4, 10004b82 <dcd_edpt_open+0xa2>
10004b20:	4828      	ldr	r0, [pc, #160]	@ (10004bc4 <dcd_edpt_open+0xe4>)
10004b22:	3104      	adds	r1, #4
10004b24:	eb05 1e82 	add.w	lr, r5, r2, lsl #6
10004b28:	eb01 0800 	add.w	r8, r1, r0
10004b2c:	f8ce 8008 	str.w	r8, [lr, #8]
10004b30:	f841 c000 	str.w	ip, [r1, r0]
10004b34:	b382      	cbz	r2, 10004b98 <dcd_edpt_open+0xb8>
10004b36:	4924      	ldr	r1, [pc, #144]	@ (10004bc8 <dcd_edpt_open+0xe8>)
10004b38:	00d2      	lsls	r2, r2, #3
10004b3a:	4411      	add	r1, r2
10004b3c:	f8ce 1004 	str.w	r1, [lr, #4]
10004b40:	4822      	ldr	r0, [pc, #136]	@ (10004bcc <dcd_edpt_open+0xec>)
10004b42:	333f      	adds	r3, #63	@ 0x3f
10004b44:	6801      	ldr	r1, [r0, #0]
10004b46:	f023 033f 	bic.w	r3, r3, #63	@ 0x3f
10004b4a:	2f02      	cmp	r7, #2
10004b4c:	4a20      	ldr	r2, [pc, #128]	@ (10004bd0 <dcd_edpt_open+0xf0>)
10004b4e:	bf08      	it	eq
10004b50:	005b      	lsleq	r3, r3, #1
10004b52:	440b      	add	r3, r1
10004b54:	6003      	str	r3, [r0, #0]
10004b56:	ea81 0802 	eor.w	r8, r1, r2
10004b5a:	4053      	eors	r3, r2
10004b5c:	1932      	adds	r2, r6, r4
10004b5e:	eb05 1242 	add.w	r2, r5, r2, lsl #5
10004b62:	f5b3 5f80 	cmp.w	r3, #4096	@ 0x1000
10004b66:	60d1      	str	r1, [r2, #12]
10004b68:	d827      	bhi.n	10004bba <dcd_edpt_open+0xda>
10004b6a:	4426      	add	r6, r4
10004b6c:	eb05 1546 	add.w	r5, r5, r6, lsl #5
10004b70:	686b      	ldr	r3, [r5, #4]
10004b72:	ea48 6287 	orr.w	r2, r8, r7, lsl #26
10004b76:	f042 4200 	orr.w	r2, r2, #2147483648	@ 0x80000000
10004b7a:	2001      	movs	r0, #1
10004b7c:	601a      	str	r2, [r3, #0]
10004b7e:	e8bd 81f0 	ldmia.w	sp!, {r4, r5, r6, r7, r8, pc}
10004b82:	f8df e040 	ldr.w	lr, [pc, #64]	@ 10004bc4 <dcd_edpt_open+0xe4>
10004b86:	b210      	sxth	r0, r2
10004b88:	4471      	add	r1, lr
10004b8a:	eb05 1882 	add.w	r8, r5, r2, lsl #6
10004b8e:	f8c8 1028 	str.w	r1, [r8, #40]	@ 0x28
10004b92:	f84e c030 	str.w	ip, [lr, r0, lsl #3]
10004b96:	b942      	cbnz	r2, 10004baa <dcd_edpt_open+0xca>
10004b98:	2300      	movs	r3, #0
10004b9a:	4a0e      	ldr	r2, [pc, #56]	@ (10004bd4 <dcd_edpt_open+0xf4>)
10004b9c:	eb05 1444 	add.w	r4, r5, r4, lsl #5
10004ba0:	2001      	movs	r0, #1
10004ba2:	60e2      	str	r2, [r4, #12]
10004ba4:	6063      	str	r3, [r4, #4]
10004ba6:	e8bd 81f0 	ldmia.w	sp!, {r4, r5, r6, r7, r8, pc}
10004baa:	00d2      	lsls	r2, r2, #3
10004bac:	f102 42a0 	add.w	r2, r2, #1342177280	@ 0x50000000
10004bb0:	f502 1280 	add.w	r2, r2, #1048576	@ 0x100000
10004bb4:	f8c8 2024 	str.w	r2, [r8, #36]	@ 0x24
10004bb8:	e7c2      	b.n	10004b40 <dcd_edpt_open+0x60>
10004bba:	f7fd fe51 	bl	10002860 <hard_assertion_failure>
10004bbe:	e7d4      	b.n	10004b6a <dcd_edpt_open+0x8a>
10004bc0:	200109ec 	.word	0x200109ec
10004bc4:	50100080 	.word	0x50100080
10004bc8:	50100004 	.word	0x50100004
10004bcc:	200111f4 	.word	0x200111f4
10004bd0:	50100000 	.word	0x50100000
10004bd4:	50100100 	.word	0x50100100

10004bd8 <dcd_edpt_close_all>:
10004bd8:	f002 bb6e 	b.w	100072b8 <__reset_non_control_endpoints_veneer>

10004bdc <dcd_edpt_xfer>:
10004bdc:	468c      	mov	ip, r1
10004bde:	b508      	push	{r3, lr}
10004be0:	4611      	mov	r1, r2
10004be2:	4807      	ldr	r0, [pc, #28]	@ (10004c00 <dcd_edpt_xfer+0x24>)
10004be4:	461a      	mov	r2, r3
10004be6:	f00c 037f 	and.w	r3, ip, #127	@ 0x7f
10004bea:	ea4f 1cdc 	mov.w	ip, ip, lsr #7
10004bee:	eb0c 0c43 	add.w	ip, ip, r3, lsl #1
10004bf2:	eb00 104c 	add.w	r0, r0, ip, lsl #5
10004bf6:	f000 f851 	bl	10004c9c <hw_endpoint_xfer_start>
10004bfa:	2001      	movs	r0, #1
10004bfc:	bd08      	pop	{r3, pc}
10004bfe:	bf00      	nop
10004c00:	200109ec 	.word	0x200109ec

10004c04 <dcd_edpt_stall>:
10004c04:	09cb      	lsrs	r3, r1, #7
10004c06:	f011 017f 	ands.w	r1, r1, #127	@ 0x7f
10004c0a:	d103      	bne.n	10004c14 <dcd_edpt_stall+0x10>
10004c0c:	4a06      	ldr	r2, [pc, #24]	@ (10004c28 <dcd_edpt_stall+0x24>)
10004c0e:	f1c3 0002 	rsb	r0, r3, #2
10004c12:	6690      	str	r0, [r2, #104]	@ 0x68
10004c14:	4805      	ldr	r0, [pc, #20]	@ (10004c2c <dcd_edpt_stall+0x28>)
10004c16:	eb03 0341 	add.w	r3, r3, r1, lsl #1
10004c1a:	f44f 6200 	mov.w	r2, #2048	@ 0x800
10004c1e:	2100      	movs	r1, #0
10004c20:	eb00 1043 	add.w	r0, r0, r3, lsl #5
10004c24:	f002 bb68 	b.w	100072f8 <___hw_endpoint_buffer_control_update32_veneer>
10004c28:	50112000 	.word	0x50112000
10004c2c:	200109ec 	.word	0x200109ec

10004c30 <dcd_edpt_clear_stall>:
10004c30:	f011 037f 	ands.w	r3, r1, #127	@ 0x7f
10004c34:	d100      	bne.n	10004c38 <dcd_edpt_clear_stall+0x8>
10004c36:	4770      	bx	lr
10004c38:	2200      	movs	r2, #0
10004c3a:	b410      	push	{r4}
10004c3c:	09c8      	lsrs	r0, r1, #7
10004c3e:	4c06      	ldr	r4, [pc, #24]	@ (10004c58 <dcd_edpt_clear_stall+0x28>)
10004c40:	eb00 0043 	add.w	r0, r0, r3, lsl #1
10004c44:	eb04 1340 	add.w	r3, r4, r0, lsl #5
10004c48:	f46f 6100 	mvn.w	r1, #2048	@ 0x800
10004c4c:	4618      	mov	r0, r3
10004c4e:	f85d 4b04 	ldr.w	r4, [sp], #4
10004c52:	70da      	strb	r2, [r3, #3]
10004c54:	f002 bb50 	b.w	100072f8 <___hw_endpoint_buffer_control_update32_veneer>
10004c58:	200109ec 	.word	0x200109ec

10004c5c <rp2040_usb_init>:
10004c5c:	f04f 5280 	mov.w	r2, #268435456	@ 0x10000000
10004c60:	4809      	ldr	r0, [pc, #36]	@ (10004c88 <rp2040_usb_init+0x2c>)
10004c62:	490a      	ldr	r1, [pc, #40]	@ (10004c8c <rp2040_usb_init+0x30>)
10004c64:	b508      	push	{r3, lr}
10004c66:	4b0a      	ldr	r3, [pc, #40]	@ (10004c90 <rp2040_usb_init+0x34>)
10004c68:	6002      	str	r2, [r0, #0]
10004c6a:	600a      	str	r2, [r1, #0]
10004c6c:	6899      	ldr	r1, [r3, #8]
10004c6e:	43c9      	mvns	r1, r1
10004c70:	f011 5180 	ands.w	r1, r1, #268435456	@ 0x10000000
10004c74:	d1fa      	bne.n	10004c6c <rp2040_usb_init+0x10>
10004c76:	f44f 5280 	mov.w	r2, #4096	@ 0x1000
10004c7a:	4806      	ldr	r0, [pc, #24]	@ (10004c94 <rp2040_usb_init+0x38>)
10004c7c:	f002 f9cc 	bl	10007018 <memset>
10004c80:	2209      	movs	r2, #9
10004c82:	4b05      	ldr	r3, [pc, #20]	@ (10004c98 <rp2040_usb_init+0x3c>)
10004c84:	675a      	str	r2, [r3, #116]	@ 0x74
10004c86:	bd08      	pop	{r3, pc}
10004c88:	40022000 	.word	0x40022000
10004c8c:	40023000 	.word	0x40023000
10004c90:	40020000 	.word	0x40020000
10004c94:	50100000 	.word	0x50100000
10004c98:	50110000 	.word	0x50110000

10004c9c <hw_endpoint_xfer_start>:
10004c9c:	2300      	movs	r3, #0
10004c9e:	f04f 0c01 	mov.w	ip, #1
10004ca2:	b510      	push	{r4, lr}
10004ca4:	f880 c01a 	strb.w	ip, [r0, #26]
10004ca8:	8282      	strh	r2, [r0, #20]
10004caa:	82c3      	strh	r3, [r0, #22]
10004cac:	6101      	str	r1, [r0, #16]
10004cae:	4604      	mov	r4, r0
10004cb0:	f002 fb0a 	bl	100072c8 <__e15_is_bulkin_ep_veneer>
10004cb4:	b120      	cbz	r0, 10004cc0 <hw_endpoint_xfer_start+0x24>
10004cb6:	f44f 3200 	mov.w	r2, #131072	@ 0x20000
10004cba:	4b07      	ldr	r3, [pc, #28]	@ (10004cd8 <hw_endpoint_xfer_start+0x3c>)
10004cbc:	f8c3 2090 	str.w	r2, [r3, #144]	@ 0x90
10004cc0:	4620      	mov	r0, r4
10004cc2:	f002 fb25 	bl	10007310 <__e15_is_critical_frame_period_veneer>
10004cc6:	b110      	cbz	r0, 10004cce <hw_endpoint_xfer_start+0x32>
10004cc8:	2301      	movs	r3, #1
10004cca:	7723      	strb	r3, [r4, #28]
10004ccc:	bd10      	pop	{r4, pc}
10004cce:	4620      	mov	r0, r4
10004cd0:	e8bd 4010 	ldmia.w	sp!, {r4, lr}
10004cd4:	f002 bb00 	b.w	100072d8 <__hw_endpoint_start_next_buffer_veneer>
10004cd8:	50112000 	.word	0x50112000

10004cdc <configuration_reset>:
10004cdc:	e92d 41f0 	stmdb	sp!, {r4, r5, r6, r7, r8, lr}
10004ce0:	2400      	movs	r4, #0
10004ce2:	4e1d      	ldr	r6, [pc, #116]	@ (10004d58 <configuration_reset+0x7c>)
10004ce4:	4605      	mov	r5, r0
10004ce6:	4623      	mov	r3, r4
10004ce8:	7832      	ldrb	r2, [r6, #0]
10004cea:	f8df 8078 	ldr.w	r8, [pc, #120]	@ 10004d64 <configuration_reset+0x88>
10004cee:	4f1b      	ldr	r7, [pc, #108]	@ (10004d5c <configuration_reset+0x80>)
10004cf0:	e00d      	b.n	10004d0e <configuration_reset+0x32>
10004cf2:	683b      	ldr	r3, [r7, #0]
10004cf4:	eb13 1344 	adds.w	r3, r3, r4, lsl #5
10004cf8:	d025      	beq.n	10004d46 <configuration_reset+0x6a>
10004cfa:	68db      	ldr	r3, [r3, #12]
10004cfc:	4628      	mov	r0, r5
10004cfe:	4798      	blx	r3
10004d00:	7832      	ldrb	r2, [r6, #0]
10004d02:	3401      	adds	r4, #1
10004d04:	b2e4      	uxtb	r4, r4
10004d06:	1c51      	adds	r1, r2, #1
10004d08:	42a1      	cmp	r1, r4
10004d0a:	4623      	mov	r3, r4
10004d0c:	db06      	blt.n	10004d1c <configuration_reset+0x40>
10004d0e:	42a2      	cmp	r2, r4
10004d10:	eba3 0302 	sub.w	r3, r3, r2
10004d14:	d8ed      	bhi.n	10004cf2 <configuration_reset+0x16>
10004d16:	eb08 1343 	add.w	r3, r8, r3, lsl #5
10004d1a:	e7ee      	b.n	10004cfa <configuration_reset+0x1e>
10004d1c:	4c10      	ldr	r4, [pc, #64]	@ (10004d60 <configuration_reset+0x84>)
10004d1e:	2254      	movs	r2, #84	@ 0x54
10004d20:	2100      	movs	r1, #0
10004d22:	4620      	mov	r0, r4
10004d24:	f002 f978 	bl	10007018 <memset>
10004d28:	f04f 33ff 	mov.w	r3, #4294967295	@ 0xffffffff
10004d2c:	1d25      	adds	r5, r4, #4
10004d2e:	6063      	str	r3, [r4, #4]
10004d30:	e9c5 3301 	strd	r3, r3, [r5, #4]
10004d34:	60eb      	str	r3, [r5, #12]
10004d36:	f104 0014 	add.w	r0, r4, #20
10004d3a:	2220      	movs	r2, #32
10004d3c:	e8bd 41f0 	ldmia.w	sp!, {r4, r5, r6, r7, r8, lr}
10004d40:	21ff      	movs	r1, #255	@ 0xff
10004d42:	f002 b969 	b.w	10007018 <memset>
10004d46:	f04f 23e0 	mov.w	r3, #3758153728	@ 0xe000e000
10004d4a:	f8d3 3df0 	ldr.w	r3, [r3, #3568]	@ 0xdf0
10004d4e:	07db      	lsls	r3, r3, #31
10004d50:	d500      	bpl.n	10004d54 <configuration_reset+0x78>
10004d52:	be00      	bkpt	0x0000
10004d54:	e8bd 81f0 	ldmia.w	sp!, {r4, r5, r6, r7, r8, pc}
10004d58:	20011254 	.word	0x20011254
10004d5c:	20010248 	.word	0x20010248
10004d60:	200102cc 	.word	0x200102cc
10004d64:	100077a4 	.word	0x100077a4

10004d68 <tud_event_hook_cb>:
10004d68:	4770      	bx	lr
10004d6a:	bf00      	nop

10004d6c <tud_sof_cb>:
10004d6c:	4770      	bx	lr
10004d6e:	bf00      	nop

10004d70 <tud_descriptor_bos_cb>:
10004d70:	2000      	movs	r0, #0
10004d72:	4770      	bx	lr

10004d74 <tud_descriptor_device_qualifier_cb>:
10004d74:	2000      	movs	r0, #0
10004d76:	4770      	bx	lr

10004d78 <tud_descriptor_other_speed_configuration_cb>:
10004d78:	2000      	movs	r0, #0
10004d7a:	4770      	bx	lr

10004d7c <tud_mount_cb>:
10004d7c:	4770      	bx	lr
10004d7e:	bf00      	nop

10004d80 <tud_umount_cb>:
10004d80:	4770      	bx	lr
10004d82:	bf00      	nop

10004d84 <tud_suspend_cb>:
10004d84:	4770      	bx	lr
10004d86:	bf00      	nop

10004d88 <tud_resume_cb>:
10004d88:	4770      	bx	lr
10004d8a:	bf00      	nop

10004d8c <tud_mounted>:
10004d8c:	4b02      	ldr	r3, [pc, #8]	@ (10004d98 <tud_mounted+0xc>)
10004d8e:	7858      	ldrb	r0, [r3, #1]
10004d90:	3800      	subs	r0, #0
10004d92:	bf18      	it	ne
10004d94:	2001      	movne	r0, #1
10004d96:	4770      	bx	lr
10004d98:	200102cc 	.word	0x200102cc

10004d9c <tud_suspended>:
10004d9c:	4b02      	ldr	r3, [pc, #8]	@ (10004da8 <tud_suspended+0xc>)
10004d9e:	7818      	ldrb	r0, [r3, #0]
10004da0:	f3c0 0080 	ubfx	r0, r0, #2, #1
10004da4:	4770      	bx	lr
10004da6:	bf00      	nop
10004da8:	200102cc 	.word	0x200102cc

10004dac <tud_init>:
10004dac:	e92d 43f8 	stmdb	sp!, {r3, r4, r5, r6, r7, r8, r9, lr}
10004db0:	4f2c      	ldr	r7, [pc, #176]	@ (10004e64 <tud_init+0xb8>)
10004db2:	783b      	ldrb	r3, [r7, #0]
10004db4:	2bff      	cmp	r3, #255	@ 0xff
10004db6:	d002      	beq.n	10004dbe <tud_init+0x12>
10004db8:	2001      	movs	r0, #1
10004dba:	e8bd 83f8 	ldmia.w	sp!, {r3, r4, r5, r6, r7, r8, r9, pc}
10004dbe:	2100      	movs	r1, #0
10004dc0:	2254      	movs	r2, #84	@ 0x54
10004dc2:	4606      	mov	r6, r0
10004dc4:	4828      	ldr	r0, [pc, #160]	@ (10004e68 <tud_init+0xbc>)
10004dc6:	f002 f927 	bl	10007018 <memset>
10004dca:	2200      	movs	r2, #0
10004dcc:	4c27      	ldr	r4, [pc, #156]	@ (10004e6c <tud_init+0xc0>)
10004dce:	4b28      	ldr	r3, [pc, #160]	@ (10004e70 <tud_init+0xc4>)
10004dd0:	4620      	mov	r0, r4
10004dd2:	701a      	strb	r2, [r3, #0]
10004dd4:	f7fc fbc4 	bl	10001560 <mutex_init>
10004dd8:	4b26      	ldr	r3, [pc, #152]	@ (10004e74 <tud_init+0xc8>)
10004dda:	4827      	ldr	r0, [pc, #156]	@ (10004e78 <tud_init+0xcc>)
10004ddc:	601c      	str	r4, [r3, #0]
10004dde:	4c27      	ldr	r4, [pc, #156]	@ (10004e7c <tud_init+0xd0>)
10004de0:	f7fc fbcc 	bl	1000157c <critical_section_init>
10004de4:	4620      	mov	r0, r4
10004de6:	f001 ff2f 	bl	10006c48 <tu_fifo_clear>
10004dea:	4a25      	ldr	r2, [pc, #148]	@ (10004e80 <tud_init+0xd4>)
10004dec:	4b25      	ldr	r3, [pc, #148]	@ (10004e84 <tud_init+0xd8>)
10004dee:	4d26      	ldr	r5, [pc, #152]	@ (10004e88 <tud_init+0xdc>)
10004df0:	6014      	str	r4, [r2, #0]
10004df2:	b363      	cbz	r3, 10004e4e <tud_init+0xa2>
10004df4:	4628      	mov	r0, r5
10004df6:	f3af 8000 	nop.w
10004dfa:	4b24      	ldr	r3, [pc, #144]	@ (10004e8c <tud_init+0xe0>)
10004dfc:	782a      	ldrb	r2, [r5, #0]
10004dfe:	6018      	str	r0, [r3, #0]
10004e00:	2400      	movs	r4, #0
10004e02:	f8df 908c 	ldr.w	r9, [pc, #140]	@ 10004e90 <tud_init+0xe4>
10004e06:	4623      	mov	r3, r4
10004e08:	f8df 8080 	ldr.w	r8, [pc, #128]	@ 10004e8c <tud_init+0xe0>
10004e0c:	e00e      	b.n	10004e2c <tud_init+0x80>
10004e0e:	f8d8 3000 	ldr.w	r3, [r8]
10004e12:	eb13 1344 	adds.w	r3, r3, r4, lsl #5
10004e16:	d011      	beq.n	10004e3c <tud_init+0x90>
10004e18:	685b      	ldr	r3, [r3, #4]
10004e1a:	b17b      	cbz	r3, 10004e3c <tud_init+0x90>
10004e1c:	4798      	blx	r3
10004e1e:	782a      	ldrb	r2, [r5, #0]
10004e20:	3401      	adds	r4, #1
10004e22:	b2e4      	uxtb	r4, r4
10004e24:	1c51      	adds	r1, r2, #1
10004e26:	42a1      	cmp	r1, r4
10004e28:	4623      	mov	r3, r4
10004e2a:	db12      	blt.n	10004e52 <tud_init+0xa6>
10004e2c:	42a2      	cmp	r2, r4
10004e2e:	d8ee      	bhi.n	10004e0e <tud_init+0x62>
10004e30:	1a9b      	subs	r3, r3, r2
10004e32:	eb09 1343 	add.w	r3, r9, r3, lsl #5
10004e36:	685b      	ldr	r3, [r3, #4]
10004e38:	2b00      	cmp	r3, #0
10004e3a:	d1ef      	bne.n	10004e1c <tud_init+0x70>
10004e3c:	f04f 23e0 	mov.w	r3, #3758153728	@ 0xe000e000
10004e40:	f8d3 3df0 	ldr.w	r3, [r3, #3568]	@ 0xdf0
10004e44:	07db      	lsls	r3, r3, #31
10004e46:	d500      	bpl.n	10004e4a <tud_init+0x9e>
10004e48:	be00      	bkpt	0x0000
10004e4a:	2000      	movs	r0, #0
10004e4c:	e7b5      	b.n	10004dba <tud_init+0xe>
10004e4e:	782a      	ldrb	r2, [r5, #0]
10004e50:	e7d6      	b.n	10004e00 <tud_init+0x54>
10004e52:	4630      	mov	r0, r6
10004e54:	703e      	strb	r6, [r7, #0]
10004e56:	f7ff fdd3 	bl	10004a00 <dcd_init>
10004e5a:	4630      	mov	r0, r6
10004e5c:	f7ff fe18 	bl	10004a90 <dcd_int_enable>
10004e60:	e7aa      	b.n	10004db8 <tud_init+0xc>
10004e62:	bf00      	nop
10004e64:	200014ec 	.word	0x200014ec
10004e68:	200102cc 	.word	0x200102cc
10004e6c:	20010284 	.word	0x20010284
10004e70:	20011256 	.word	0x20011256
10004e74:	20010320 	.word	0x20010320
10004e78:	200014e4 	.word	0x200014e4
10004e7c:	200014d0 	.word	0x200014d0
10004e80:	20010324 	.word	0x20010324
10004e84:	00000000 	.word	0x00000000
10004e88:	20011254 	.word	0x20011254
10004e8c:	20010248 	.word	0x20010248
10004e90:	100077a4 	.word	0x100077a4

10004e94 <tud_task_ext>:
10004e94:	e92d 4ff0 	stmdb	sp!, {r4, r5, r6, r7, r8, r9, sl, fp, lr}
10004e98:	f8df 92c8 	ldr.w	r9, [pc, #712]	@ 10005164 <tud_task_ext+0x2d0>
10004e9c:	b08b      	sub	sp, #44	@ 0x2c
10004e9e:	f899 3000 	ldrb.w	r3, [r9]
10004ea2:	2bff      	cmp	r3, #255	@ 0xff
10004ea4:	f000 80f1 	beq.w	1000508a <tud_task_ext+0x1f6>
10004ea8:	4ca8      	ldr	r4, [pc, #672]	@ (1000514c <tud_task_ext+0x2b8>)
10004eaa:	4da9      	ldr	r5, [pc, #676]	@ (10005150 <tud_task_ext+0x2bc>)
10004eac:	f8df a2b0 	ldr.w	sl, [pc, #688]	@ 10005160 <tud_task_ext+0x2cc>
10004eb0:	f8df b2b4 	ldr.w	fp, [pc, #692]	@ 10005168 <tud_task_ext+0x2d4>
10004eb4:	6826      	ldr	r6, [r4, #0]
10004eb6:	6973      	ldr	r3, [r6, #20]
10004eb8:	f3ef 8210 	mrs	r2, PRIMASK
10004ebc:	b672      	cpsid	i
10004ebe:	e8d3 0fcf 	ldaexb	r0, [r3]
10004ec2:	2101      	movs	r1, #1
10004ec4:	2800      	cmp	r0, #0
10004ec6:	d1fa      	bne.n	10004ebe <tud_task_ext+0x2a>
10004ec8:	e8c3 1f40 	strexb	r0, r1, [r3]
10004ecc:	2800      	cmp	r0, #0
10004ece:	d1f6      	bne.n	10004ebe <tud_task_ext+0x2a>
10004ed0:	f3bf 8f5f 	dmb	sy
10004ed4:	61b2      	str	r2, [r6, #24]
10004ed6:	4630      	mov	r0, r6
10004ed8:	a907      	add	r1, sp, #28
10004eda:	f001 fd03 	bl	100068e4 <tu_fifo_read>
10004ede:	2300      	movs	r3, #0
10004ee0:	6972      	ldr	r2, [r6, #20]
10004ee2:	e8c2 3f8f 	stlb	r3, [r2]
10004ee6:	69b3      	ldr	r3, [r6, #24]
10004ee8:	f383 8810 	msr	PRIMASK, r3
10004eec:	2800      	cmp	r0, #0
10004eee:	f000 80cc 	beq.w	1000508a <tud_task_ext+0x1f6>
10004ef2:	f89d 301d 	ldrb.w	r3, [sp, #29]
10004ef6:	3b01      	subs	r3, #1
10004ef8:	2b07      	cmp	r3, #7
10004efa:	f200 837d 	bhi.w	100055f8 <tud_task_ext+0x764>
10004efe:	e8df f003 	tbb	[pc, r3]
10004f02:	b1a7      	.short	0xb1a7
10004f04:	358e9d95 	.word	0x358e9d95
10004f08:	040a      	.short	0x040a
10004f0a:	9b08      	ldr	r3, [sp, #32]
10004f0c:	2b00      	cmp	r3, #0
10004f0e:	d0d1      	beq.n	10004eb4 <tud_task_ext+0x20>
10004f10:	9809      	ldr	r0, [sp, #36]	@ 0x24
10004f12:	4798      	blx	r3
10004f14:	e7ce      	b.n	10004eb4 <tud_task_ext+0x20>
10004f16:	f89d 1020 	ldrb.w	r1, [sp, #32]
10004f1a:	f001 067f 	and.w	r6, r1, #127	@ 0x7f
10004f1e:	eb05 0046 	add.w	r0, r5, r6, lsl #1
10004f22:	eb00 10d1 	add.w	r0, r0, r1, lsr #7
10004f26:	f890 3034 	ldrb.w	r3, [r0, #52]	@ 0x34
10004f2a:	f023 0301 	bic.w	r3, r3, #1
10004f2e:	f880 3034 	strb.w	r3, [r0, #52]	@ 0x34
10004f32:	f890 3034 	ldrb.w	r3, [r0, #52]	@ 0x34
10004f36:	f023 0304 	bic.w	r3, r3, #4
10004f3a:	f880 3034 	strb.w	r3, [r0, #52]	@ 0x34
10004f3e:	2e00      	cmp	r6, #0
10004f40:	f000 80a6 	beq.w	10005090 <tud_task_ext+0x1fc>
10004f44:	7d03      	ldrb	r3, [r0, #20]
10004f46:	f89a 2000 	ldrb.w	r2, [sl]
10004f4a:	4293      	cmp	r3, r2
10004f4c:	f080 8093 	bcs.w	10005076 <tud_task_ext+0x1e2>
10004f50:	4a80      	ldr	r2, [pc, #512]	@ (10005154 <tud_task_ext+0x2c0>)
10004f52:	6812      	ldr	r2, [r2, #0]
10004f54:	eb12 1343 	adds.w	r3, r2, r3, lsl #5
10004f58:	f000 8090 	beq.w	1000507c <tud_task_ext+0x1e8>
10004f5c:	699e      	ldr	r6, [r3, #24]
10004f5e:	f89d 2021 	ldrb.w	r2, [sp, #33]	@ 0x21
10004f62:	9b09      	ldr	r3, [sp, #36]	@ 0x24
10004f64:	f89d 001c 	ldrb.w	r0, [sp, #28]
10004f68:	47b0      	blx	r6
10004f6a:	e7a3      	b.n	10004eb4 <tud_task_ext+0x20>
10004f6c:	f89b 3000 	ldrb.w	r3, [fp]
10004f70:	2b00      	cmp	r3, #0
10004f72:	f000 8083 	beq.w	1000507c <tud_task_ext+0x1e8>
10004f76:	f89b 3000 	ldrb.w	r3, [fp]
10004f7a:	3b01      	subs	r3, #1
10004f7c:	b2db      	uxtb	r3, r3
10004f7e:	f88b 3000 	strb.w	r3, [fp]
10004f82:	f89b 3000 	ldrb.w	r3, [fp]
10004f86:	f003 00ff 	and.w	r0, r3, #255	@ 0xff
10004f8a:	2b00      	cmp	r3, #0
10004f8c:	d192      	bne.n	10004eb4 <tud_task_ext+0x20>
10004f8e:	4f70      	ldr	r7, [pc, #448]	@ (10005150 <tud_task_ext+0x2bc>)
10004f90:	f89d 801c 	ldrb.w	r8, [sp, #28]
10004f94:	783b      	ldrb	r3, [r7, #0]
10004f96:	f043 0301 	orr.w	r3, r3, #1
10004f9a:	703b      	strb	r3, [r7, #0]
10004f9c:	f897 3034 	ldrb.w	r3, [r7, #52]	@ 0x34
10004fa0:	f360 0300 	bfi	r3, r0, #0, #1
10004fa4:	f887 3034 	strb.w	r3, [r7, #52]	@ 0x34
10004fa8:	f897 3034 	ldrb.w	r3, [r7, #52]	@ 0x34
10004fac:	f360 0382 	bfi	r3, r0, #2, #1
10004fb0:	f887 3034 	strb.w	r3, [r7, #52]	@ 0x34
10004fb4:	f897 3035 	ldrb.w	r3, [r7, #53]	@ 0x35
10004fb8:	f360 0300 	bfi	r3, r0, #0, #1
10004fbc:	f887 3035 	strb.w	r3, [r7, #53]	@ 0x35
10004fc0:	f897 3035 	ldrb.w	r3, [r7, #53]	@ 0x35
10004fc4:	f360 0382 	bfi	r3, r0, #2, #1
10004fc8:	f887 3035 	strb.w	r3, [r7, #53]	@ 0x35
10004fcc:	f000 fc6a 	bl	100058a4 <usbd_control_set_complete_callback>
10004fd0:	f89d 3020 	ldrb.w	r3, [sp, #32]
10004fd4:	f003 0260 	and.w	r2, r3, #96	@ 0x60
10004fd8:	2a60      	cmp	r2, #96	@ 0x60
10004fda:	d06c      	beq.n	100050b6 <tud_task_ext+0x222>
10004fdc:	2a40      	cmp	r2, #64	@ 0x40
10004fde:	d07c      	beq.n	100050da <tud_task_ext+0x246>
10004fe0:	f003 031f 	and.w	r3, r3, #31
10004fe4:	2b01      	cmp	r3, #1
10004fe6:	f000 80c1 	beq.w	1000516c <tud_task_ext+0x2d8>
10004fea:	2b02      	cmp	r3, #2
10004fec:	f000 8081 	beq.w	100050f2 <tud_task_ext+0x25e>
10004ff0:	2b00      	cmp	r3, #0
10004ff2:	d160      	bne.n	100050b6 <tud_task_ext+0x222>
10004ff4:	2a20      	cmp	r2, #32
10004ff6:	f000 81e9 	beq.w	100053cc <tud_task_ext+0x538>
10004ffa:	2a00      	cmp	r2, #0
10004ffc:	d15b      	bne.n	100050b6 <tud_task_ext+0x222>
10004ffe:	f89d 3021 	ldrb.w	r3, [sp, #33]	@ 0x21
10005002:	2b09      	cmp	r3, #9
10005004:	d857      	bhi.n	100050b6 <tud_task_ext+0x222>
10005006:	e8df f013 	tbh	[pc, r3, lsl #1]
1000500a:	01b0      	.short	0x01b0
1000500c:	005601a2 	.word	0x005601a2
10005010:	005601c1 	.word	0x005601c1
10005014:	016b0195 	.word	0x016b0195
10005018:	01600056 	.word	0x01600056
1000501c:	00f4      	.short	0x00f4
1000501e:	782b      	ldrb	r3, [r5, #0]
10005020:	07d9      	lsls	r1, r3, #31
10005022:	f57f af47 	bpl.w	10004eb4 <tud_task_ext+0x20>
10005026:	f7ff feaf 	bl	10004d88 <tud_resume_cb>
1000502a:	e743      	b.n	10004eb4 <tud_task_ext+0x20>
1000502c:	78eb      	ldrb	r3, [r5, #3]
1000502e:	07da      	lsls	r2, r3, #31
10005030:	f57f af40 	bpl.w	10004eb4 <tud_task_ext+0x20>
10005034:	9808      	ldr	r0, [sp, #32]
10005036:	f7ff fe99 	bl	10004d6c <tud_sof_cb>
1000503a:	e73b      	b.n	10004eb4 <tud_task_ext+0x20>
1000503c:	782b      	ldrb	r3, [r5, #0]
1000503e:	07d8      	lsls	r0, r3, #31
10005040:	f57f af38 	bpl.w	10004eb4 <tud_task_ext+0x20>
10005044:	7828      	ldrb	r0, [r5, #0]
10005046:	f3c0 00c0 	ubfx	r0, r0, #3, #1
1000504a:	f7ff fe9b 	bl	10004d84 <tud_suspend_cb>
1000504e:	e731      	b.n	10004eb4 <tud_task_ext+0x20>
10005050:	f89d 001c 	ldrb.w	r0, [sp, #28]
10005054:	f7ff fe42 	bl	10004cdc <configuration_reset>
10005058:	f000 fc1a 	bl	10005890 <usbd_control_reset>
1000505c:	f89d 3020 	ldrb.w	r3, [sp, #32]
10005060:	70ab      	strb	r3, [r5, #2]
10005062:	e727      	b.n	10004eb4 <tud_task_ext+0x20>
10005064:	f89d 001c 	ldrb.w	r0, [sp, #28]
10005068:	f7ff fe38 	bl	10004cdc <configuration_reset>
1000506c:	f000 fc10 	bl	10005890 <usbd_control_reset>
10005070:	f7ff fe86 	bl	10004d80 <tud_umount_cb>
10005074:	e71e      	b.n	10004eb4 <tud_task_ext+0x20>
10005076:	1c50      	adds	r0, r2, #1
10005078:	4298      	cmp	r0, r3
1000507a:	da11      	bge.n	100050a0 <tud_task_ext+0x20c>
1000507c:	f04f 23e0 	mov.w	r3, #3758153728	@ 0xe000e000
10005080:	f8d3 3df0 	ldr.w	r3, [r3, #3568]	@ 0xdf0
10005084:	07dc      	lsls	r4, r3, #31
10005086:	d500      	bpl.n	1000508a <tud_task_ext+0x1f6>
10005088:	be00      	bkpt	0x0000
1000508a:	b00b      	add	sp, #44	@ 0x2c
1000508c:	e8bd 8ff0 	ldmia.w	sp!, {r4, r5, r6, r7, r8, r9, sl, fp, pc}
10005090:	9b09      	ldr	r3, [sp, #36]	@ 0x24
10005092:	f89d 2021 	ldrb.w	r2, [sp, #33]	@ 0x21
10005096:	f89d 001c 	ldrb.w	r0, [sp, #28]
1000509a:	f000 fc17 	bl	100058cc <usbd_control_xfer_cb>
1000509e:	e709      	b.n	10004eb4 <tud_task_ext+0x20>
100050a0:	1a9b      	subs	r3, r3, r2
100050a2:	4a2d      	ldr	r2, [pc, #180]	@ (10005158 <tud_task_ext+0x2c4>)
100050a4:	eb02 1343 	add.w	r3, r2, r3, lsl #5
100050a8:	e758      	b.n	10004f5c <tud_task_ext+0xc8>
100050aa:	f7fc f989 	bl	100013c0 <tud_descriptor_configuration_cb>
100050ae:	4602      	mov	r2, r0
100050b0:	2800      	cmp	r0, #0
100050b2:	f040 8182 	bne.w	100053ba <tud_task_ext+0x526>
100050b6:	f04f 23e0 	mov.w	r3, #3758153728	@ 0xe000e000
100050ba:	f8d3 3df0 	ldr.w	r3, [r3, #3568]	@ 0xdf0
100050be:	07de      	lsls	r6, r3, #31
100050c0:	d500      	bpl.n	100050c4 <tud_task_ext+0x230>
100050c2:	be00      	bkpt	0x0000
100050c4:	f89d 001c 	ldrb.w	r0, [sp, #28]
100050c8:	2100      	movs	r1, #0
100050ca:	f7ff fd9b 	bl	10004c04 <dcd_edpt_stall>
100050ce:	2180      	movs	r1, #128	@ 0x80
100050d0:	f89d 001c 	ldrb.w	r0, [sp, #28]
100050d4:	f7ff fd96 	bl	10004c04 <dcd_edpt_stall>
100050d8:	e6ec      	b.n	10004eb4 <tud_task_ext+0x20>
100050da:	4820      	ldr	r0, [pc, #128]	@ (1000515c <tud_task_ext+0x2c8>)
100050dc:	f000 fbe2 	bl	100058a4 <usbd_control_set_complete_callback>
100050e0:	2101      	movs	r1, #1
100050e2:	4640      	mov	r0, r8
100050e4:	aa08      	add	r2, sp, #32
100050e6:	f7fc f811 	bl	1000110c <tud_vendor_control_xfer_cb>
100050ea:	2800      	cmp	r0, #0
100050ec:	f47f aee2 	bne.w	10004eb4 <tud_task_ext+0x20>
100050f0:	e7e8      	b.n	100050c4 <tud_task_ext+0x230>
100050f2:	f89d 1024 	ldrb.w	r1, [sp, #36]	@ 0x24
100050f6:	f011 0f70 	tst.w	r1, #112	@ 0x70
100050fa:	d1dc      	bne.n	100050b6 <tud_task_ext+0x222>
100050fc:	f001 067f 	and.w	r6, r1, #127	@ 0x7f
10005100:	eb07 0046 	add.w	r0, r7, r6, lsl #1
10005104:	4b16      	ldr	r3, [pc, #88]	@ (10005160 <tud_task_ext+0x2cc>)
10005106:	eb00 10d1 	add.w	r0, r0, r1, lsr #7
1000510a:	781b      	ldrb	r3, [r3, #0]
1000510c:	7d00      	ldrb	r0, [r0, #20]
1000510e:	0076      	lsls	r6, r6, #1
10005110:	9601      	str	r6, [sp, #4]
10005112:	4298      	cmp	r0, r3
10005114:	ea4f 16d1 	mov.w	r6, r1, lsr #7
10005118:	9600      	str	r6, [sp, #0]
1000511a:	d359      	bcc.n	100051d0 <tud_task_ext+0x33c>
1000511c:	1c5e      	adds	r6, r3, #1
1000511e:	4286      	cmp	r6, r0
10005120:	f2c0 8166 	blt.w	100053f0 <tud_task_ext+0x55c>
10005124:	1ac0      	subs	r0, r0, r3
10005126:	4b0c      	ldr	r3, [pc, #48]	@ (10005158 <tud_task_ext+0x2c4>)
10005128:	eb03 1640 	add.w	r6, r3, r0, lsl #5
1000512c:	2a00      	cmp	r2, #0
1000512e:	f000 8163 	beq.w	100053f8 <tud_task_ext+0x564>
10005132:	6970      	ldr	r0, [r6, #20]
10005134:	f000 fbb6 	bl	100058a4 <usbd_control_set_complete_callback>
10005138:	2101      	movs	r1, #1
1000513a:	4640      	mov	r0, r8
1000513c:	6973      	ldr	r3, [r6, #20]
1000513e:	aa08      	add	r2, sp, #32
10005140:	4798      	blx	r3
10005142:	2800      	cmp	r0, #0
10005144:	f47f aeb6 	bne.w	10004eb4 <tud_task_ext+0x20>
10005148:	e7bc      	b.n	100050c4 <tud_task_ext+0x230>
1000514a:	bf00      	nop
1000514c:	20010324 	.word	0x20010324
10005150:	200102cc 	.word	0x200102cc
10005154:	20010248 	.word	0x20010248
10005158:	100077a4 	.word	0x100077a4
1000515c:	1000110d 	.word	0x1000110d
10005160:	20011254 	.word	0x20011254
10005164:	200014ec 	.word	0x200014ec
10005168:	20011256 	.word	0x20011256
1000516c:	f89d 3024 	ldrb.w	r3, [sp, #36]	@ 0x24
10005170:	2b0f      	cmp	r3, #15
10005172:	d8a7      	bhi.n	100050c4 <tud_task_ext+0x230>
10005174:	4aae      	ldr	r2, [pc, #696]	@ (10005430 <tud_task_ext+0x59c>)
10005176:	443b      	add	r3, r7
10005178:	791b      	ldrb	r3, [r3, #4]
1000517a:	7812      	ldrb	r2, [r2, #0]
1000517c:	4293      	cmp	r3, r2
1000517e:	d332      	bcc.n	100051e6 <tud_task_ext+0x352>
10005180:	1c51      	adds	r1, r2, #1
10005182:	4299      	cmp	r1, r3
10005184:	db9e      	blt.n	100050c4 <tud_task_ext+0x230>
10005186:	4eab      	ldr	r6, [pc, #684]	@ (10005434 <tud_task_ext+0x5a0>)
10005188:	1a9b      	subs	r3, r3, r2
1000518a:	eb06 1643 	add.w	r6, r6, r3, lsl #5
1000518e:	6970      	ldr	r0, [r6, #20]
10005190:	f000 fb88 	bl	100058a4 <usbd_control_set_complete_callback>
10005194:	2101      	movs	r1, #1
10005196:	4640      	mov	r0, r8
10005198:	6973      	ldr	r3, [r6, #20]
1000519a:	aa08      	add	r2, sp, #32
1000519c:	4798      	blx	r3
1000519e:	2800      	cmp	r0, #0
100051a0:	f47f ae88 	bne.w	10004eb4 <tud_task_ext+0x20>
100051a4:	f89d 3020 	ldrb.w	r3, [sp, #32]
100051a8:	f013 0660 	ands.w	r6, r3, #96	@ 0x60
100051ac:	d18a      	bne.n	100050c4 <tud_task_ext+0x230>
100051ae:	f89d 3021 	ldrb.w	r3, [sp, #33]	@ 0x21
100051b2:	3b0a      	subs	r3, #10
100051b4:	2b01      	cmp	r3, #1
100051b6:	d885      	bhi.n	100050c4 <tud_task_ext+0x230>
100051b8:	f000 fb74 	bl	100058a4 <usbd_control_set_complete_callback>
100051bc:	f89d 3021 	ldrb.w	r3, [sp, #33]	@ 0x21
100051c0:	2b0a      	cmp	r3, #10
100051c2:	f000 81f2 	beq.w	100055aa <tud_task_ext+0x716>
100051c6:	4640      	mov	r0, r8
100051c8:	a908      	add	r1, sp, #32
100051ca:	f000 faf1 	bl	100057b0 <tud_control_status>
100051ce:	e671      	b.n	10004eb4 <tud_task_ext+0x20>
100051d0:	4b99      	ldr	r3, [pc, #612]	@ (10005438 <tud_task_ext+0x5a4>)
100051d2:	681b      	ldr	r3, [r3, #0]
100051d4:	eb03 1640 	add.w	r6, r3, r0, lsl #5
100051d8:	2a00      	cmp	r2, #0
100051da:	f000 810d 	beq.w	100053f8 <tud_task_ext+0x564>
100051de:	2e00      	cmp	r6, #0
100051e0:	f43f af70 	beq.w	100050c4 <tud_task_ext+0x230>
100051e4:	e7a5      	b.n	10005132 <tud_task_ext+0x29e>
100051e6:	4a94      	ldr	r2, [pc, #592]	@ (10005438 <tud_task_ext+0x5a4>)
100051e8:	6816      	ldr	r6, [r2, #0]
100051ea:	eb16 1643 	adds.w	r6, r6, r3, lsl #5
100051ee:	d1ce      	bne.n	1000518e <tud_task_ext+0x2fa>
100051f0:	e768      	b.n	100050c4 <tud_task_ext+0x230>
100051f2:	787b      	ldrb	r3, [r7, #1]
100051f4:	f89d 6022 	ldrb.w	r6, [sp, #34]	@ 0x22
100051f8:	429e      	cmp	r6, r3
100051fa:	f000 814f 	beq.w	1000549c <tud_task_ext+0x608>
100051fe:	787b      	ldrb	r3, [r7, #1]
10005200:	2b00      	cmp	r3, #0
10005202:	f040 81be 	bne.w	10005582 <tud_task_ext+0x6ee>
10005206:	707e      	strb	r6, [r7, #1]
10005208:	2e00      	cmp	r6, #0
1000520a:	f000 8145 	beq.w	10005498 <tud_task_ext+0x604>
1000520e:	1e70      	subs	r0, r6, #1
10005210:	b2c0      	uxtb	r0, r0
10005212:	f7fc f8d5 	bl	100013c0 <tud_descriptor_configuration_cb>
10005216:	4603      	mov	r3, r0
10005218:	2800      	cmp	r0, #0
1000521a:	f000 815f 	beq.w	100054dc <tud_task_ext+0x648>
1000521e:	7842      	ldrb	r2, [r0, #1]
10005220:	2a02      	cmp	r2, #2
10005222:	f040 815b 	bne.w	100054dc <tud_task_ext+0x648>
10005226:	79c1      	ldrb	r1, [r0, #7]
10005228:	f103 0609 	add.w	r6, r3, #9
1000522c:	f3c1 1240 	ubfx	r2, r1, #5, #1
10005230:	0112      	lsls	r2, r2, #4
10005232:	f3c1 1180 	ubfx	r1, r1, #6, #1
10005236:	ea42 1241 	orr.w	r2, r2, r1, lsl #5
1000523a:	4631      	mov	r1, r6
1000523c:	7838      	ldrb	r0, [r7, #0]
1000523e:	f020 0030 	bic.w	r0, r0, #48	@ 0x30
10005242:	4302      	orrs	r2, r0
10005244:	703a      	strb	r2, [r7, #0]
10005246:	885a      	ldrh	r2, [r3, #2]
10005248:	f8cd 800c 	str.w	r8, [sp, #12]
1000524c:	189a      	adds	r2, r3, r2
1000524e:	9201      	str	r2, [sp, #4]
10005250:	9b01      	ldr	r3, [sp, #4]
10005252:	428b      	cmp	r3, r1
10005254:	f240 81a4 	bls.w	100055a0 <tud_task_ext+0x70c>
10005258:	784a      	ldrb	r2, [r1, #1]
1000525a:	2a0b      	cmp	r2, #11
1000525c:	f000 81af 	beq.w	100055be <tud_task_ext+0x72a>
10005260:	2301      	movs	r3, #1
10005262:	2a04      	cmp	r2, #4
10005264:	f040 813a 	bne.w	100054dc <tud_task_ext+0x648>
10005268:	2600      	movs	r6, #0
1000526a:	9a01      	ldr	r2, [sp, #4]
1000526c:	9600      	str	r6, [sp, #0]
1000526e:	1a52      	subs	r2, r2, r1
10005270:	b292      	uxth	r2, r2
10005272:	9202      	str	r2, [sp, #8]
10005274:	4a6e      	ldr	r2, [pc, #440]	@ (10005430 <tud_task_ext+0x59c>)
10005276:	9304      	str	r3, [sp, #16]
10005278:	7812      	ldrb	r2, [r2, #0]
1000527a:	e01d      	b.n	100052b8 <tud_task_ext+0x424>
1000527c:	4b6e      	ldr	r3, [pc, #440]	@ (10005438 <tud_task_ext+0x5a4>)
1000527e:	681b      	ldr	r3, [r3, #0]
10005280:	eb13 1846 	adds.w	r8, r3, r6, lsl #5
10005284:	f000 812a 	beq.w	100054dc <tud_task_ext+0x648>
10005288:	9a02      	ldr	r2, [sp, #8]
1000528a:	f8d8 3010 	ldr.w	r3, [r8, #16]
1000528e:	9803      	ldr	r0, [sp, #12]
10005290:	9105      	str	r1, [sp, #20]
10005292:	4798      	blx	r3
10005294:	2808      	cmp	r0, #8
10005296:	4602      	mov	r2, r0
10005298:	9905      	ldr	r1, [sp, #20]
1000529a:	f106 0301 	add.w	r3, r6, #1
1000529e:	d903      	bls.n	100052a8 <tud_task_ext+0x414>
100052a0:	9802      	ldr	r0, [sp, #8]
100052a2:	4290      	cmp	r0, r2
100052a4:	f080 80ff 	bcs.w	100054a6 <tud_task_ext+0x612>
100052a8:	b2de      	uxtb	r6, r3
100052aa:	4b61      	ldr	r3, [pc, #388]	@ (10005430 <tud_task_ext+0x59c>)
100052ac:	9600      	str	r6, [sp, #0]
100052ae:	781a      	ldrb	r2, [r3, #0]
100052b0:	1c53      	adds	r3, r2, #1
100052b2:	429e      	cmp	r6, r3
100052b4:	f300 8112 	bgt.w	100054dc <tud_task_ext+0x648>
100052b8:	9b00      	ldr	r3, [sp, #0]
100052ba:	42b2      	cmp	r2, r6
100052bc:	eba3 0202 	sub.w	r2, r3, r2
100052c0:	d8dc      	bhi.n	1000527c <tud_task_ext+0x3e8>
100052c2:	4b5c      	ldr	r3, [pc, #368]	@ (10005434 <tud_task_ext+0x5a0>)
100052c4:	eb03 1842 	add.w	r8, r3, r2, lsl #5
100052c8:	e7de      	b.n	10005288 <tud_task_ext+0x3f4>
100052ca:	787b      	ldrb	r3, [r7, #1]
100052cc:	4640      	mov	r0, r8
100052ce:	f88d 301a 	strb.w	r3, [sp, #26]
100052d2:	f10d 021a 	add.w	r2, sp, #26
100052d6:	2301      	movs	r3, #1
100052d8:	a908      	add	r1, sp, #32
100052da:	f000 fa83 	bl	100057e4 <tud_control_xfer>
100052de:	e5e9      	b.n	10004eb4 <tud_task_ext+0x20>
100052e0:	f8bd 0022 	ldrh.w	r0, [sp, #34]	@ 0x22
100052e4:	0a03      	lsrs	r3, r0, #8
100052e6:	3b01      	subs	r3, #1
100052e8:	0a02      	lsrs	r2, r0, #8
100052ea:	b2c0      	uxtb	r0, r0
100052ec:	2b0e      	cmp	r3, #14
100052ee:	f63f aee9 	bhi.w	100050c4 <tud_task_ext+0x230>
100052f2:	a101      	add	r1, pc, #4	@ (adr r1, 100052f8 <tud_task_ext+0x464>)
100052f4:	f851 f023 	ldr.w	pc, [r1, r3, lsl #2]
100052f8:	1000550d 	.word	0x1000550d
100052fc:	100053a9 	.word	0x100053a9
10005300:	10005549 	.word	0x10005549
10005304:	100050c5 	.word	0x100050c5
10005308:	100050c5 	.word	0x100050c5
1000530c:	1000552b 	.word	0x1000552b
10005310:	100053a9 	.word	0x100053a9
10005314:	100050c5 	.word	0x100050c5
10005318:	100050c5 	.word	0x100050c5
1000531c:	100050c5 	.word	0x100050c5
10005320:	100050c5 	.word	0x100050c5
10005324:	100050c5 	.word	0x100050c5
10005328:	100050c5 	.word	0x100050c5
1000532c:	100050c5 	.word	0x100050c5
10005330:	100054ff 	.word	0x100054ff
10005334:	a808      	add	r0, sp, #32
10005336:	f000 fabb 	bl	100058b0 <usbd_control_set_request>
1000533a:	4640      	mov	r0, r8
1000533c:	f89d 1022 	ldrb.w	r1, [sp, #34]	@ 0x22
10005340:	f7ff fbaa 	bl	10004a98 <dcd_set_address>
10005344:	783b      	ldrb	r3, [r7, #0]
10005346:	f043 0302 	orr.w	r3, r3, #2
1000534a:	703b      	strb	r3, [r7, #0]
1000534c:	e5b2      	b.n	10004eb4 <tud_task_ext+0x20>
1000534e:	f8bd 3022 	ldrh.w	r3, [sp, #34]	@ 0x22
10005352:	2b01      	cmp	r3, #1
10005354:	f47f aeb6 	bne.w	100050c4 <tud_task_ext+0x230>
10005358:	783b      	ldrb	r3, [r7, #0]
1000535a:	4640      	mov	r0, r8
1000535c:	f023 0308 	bic.w	r3, r3, #8
10005360:	a908      	add	r1, sp, #32
10005362:	703b      	strb	r3, [r7, #0]
10005364:	f000 fa24 	bl	100057b0 <tud_control_status>
10005368:	e5a4      	b.n	10004eb4 <tud_task_ext+0x20>
1000536a:	4640      	mov	r0, r8
1000536c:	783b      	ldrb	r3, [r7, #0]
1000536e:	089a      	lsrs	r2, r3, #2
10005370:	f002 0202 	and.w	r2, r2, #2
10005374:	f3c3 1340 	ubfx	r3, r3, #5, #1
10005378:	4313      	orrs	r3, r2
1000537a:	f8ad 301a 	strh.w	r3, [sp, #26]
1000537e:	f10d 021a 	add.w	r2, sp, #26
10005382:	2302      	movs	r3, #2
10005384:	a908      	add	r1, sp, #32
10005386:	f000 fa2d 	bl	100057e4 <tud_control_xfer>
1000538a:	e593      	b.n	10004eb4 <tud_task_ext+0x20>
1000538c:	f8bd 3022 	ldrh.w	r3, [sp, #34]	@ 0x22
10005390:	2b01      	cmp	r3, #1
10005392:	f47f ae97 	bne.w	100050c4 <tud_task_ext+0x230>
10005396:	783b      	ldrb	r3, [r7, #0]
10005398:	4640      	mov	r0, r8
1000539a:	f043 0308 	orr.w	r3, r3, #8
1000539e:	a908      	add	r1, sp, #32
100053a0:	703b      	strb	r3, [r7, #0]
100053a2:	f000 fa05 	bl	100057b0 <tud_control_status>
100053a6:	e585      	b.n	10004eb4 <tud_task_ext+0x20>
100053a8:	2a02      	cmp	r2, #2
100053aa:	f43f ae7e 	beq.w	100050aa <tud_task_ext+0x216>
100053ae:	f7ff fce3 	bl	10004d78 <tud_descriptor_other_speed_configuration_cb>
100053b2:	4602      	mov	r2, r0
100053b4:	2800      	cmp	r0, #0
100053b6:	f43f ae85 	beq.w	100050c4 <tud_task_ext+0x230>
100053ba:	4640      	mov	r0, r8
100053bc:	8853      	ldrh	r3, [r2, #2]
100053be:	a908      	add	r1, sp, #32
100053c0:	f000 fa10 	bl	100057e4 <tud_control_xfer>
100053c4:	2800      	cmp	r0, #0
100053c6:	f47f ad75 	bne.w	10004eb4 <tud_task_ext+0x20>
100053ca:	e67b      	b.n	100050c4 <tud_task_ext+0x230>
100053cc:	f89d 3024 	ldrb.w	r3, [sp, #36]	@ 0x24
100053d0:	2b0f      	cmp	r3, #15
100053d2:	f63f ae77 	bhi.w	100050c4 <tud_task_ext+0x230>
100053d6:	4a16      	ldr	r2, [pc, #88]	@ (10005430 <tud_task_ext+0x59c>)
100053d8:	443b      	add	r3, r7
100053da:	791b      	ldrb	r3, [r3, #4]
100053dc:	7812      	ldrb	r2, [r2, #0]
100053de:	4293      	cmp	r3, r2
100053e0:	d21d      	bcs.n	1000541e <tud_task_ext+0x58a>
100053e2:	4a15      	ldr	r2, [pc, #84]	@ (10005438 <tud_task_ext+0x5a4>)
100053e4:	6816      	ldr	r6, [r2, #0]
100053e6:	eb16 1643 	adds.w	r6, r6, r3, lsl #5
100053ea:	f47f aea2 	bne.w	10005132 <tud_task_ext+0x29e>
100053ee:	e669      	b.n	100050c4 <tud_task_ext+0x230>
100053f0:	2a00      	cmp	r2, #0
100053f2:	f47f ae67 	bne.w	100050c4 <tud_task_ext+0x230>
100053f6:	2600      	movs	r6, #0
100053f8:	f89d 2021 	ldrb.w	r2, [sp, #33]	@ 0x21
100053fc:	f002 03fd 	and.w	r3, r2, #253	@ 0xfd
10005400:	2b01      	cmp	r3, #1
10005402:	d01b      	beq.n	1000543c <tud_task_ext+0x5a8>
10005404:	2a00      	cmp	r2, #0
10005406:	f47f ae56 	bne.w	100050b6 <tud_task_ext+0x222>
1000540a:	9b01      	ldr	r3, [sp, #4]
1000540c:	9a00      	ldr	r2, [sp, #0]
1000540e:	443b      	add	r3, r7
10005410:	4413      	add	r3, r2
10005412:	f893 3034 	ldrb.w	r3, [r3, #52]	@ 0x34
10005416:	4640      	mov	r0, r8
10005418:	f3c3 0340 	ubfx	r3, r3, #1, #1
1000541c:	e7ad      	b.n	1000537a <tud_task_ext+0x4e6>
1000541e:	1c51      	adds	r1, r2, #1
10005420:	4299      	cmp	r1, r3
10005422:	f6ff ae4f 	blt.w	100050c4 <tud_task_ext+0x230>
10005426:	4e03      	ldr	r6, [pc, #12]	@ (10005434 <tud_task_ext+0x5a0>)
10005428:	1a9b      	subs	r3, r3, r2
1000542a:	eb06 1643 	add.w	r6, r6, r3, lsl #5
1000542e:	e680      	b.n	10005132 <tud_task_ext+0x29e>
10005430:	20011254 	.word	0x20011254
10005434:	100077a4 	.word	0x100077a4
10005438:	20010248 	.word	0x20010248
1000543c:	f8bd 3022 	ldrh.w	r3, [sp, #34]	@ 0x22
10005440:	b9b3      	cbnz	r3, 10005470 <tud_task_ext+0x5dc>
10005442:	2a01      	cmp	r2, #1
10005444:	f899 0000 	ldrb.w	r0, [r9]
10005448:	f000 8086 	beq.w	10005558 <tud_task_ext+0x6c4>
1000544c:	f7ff fbda 	bl	10004c04 <dcd_edpt_stall>
10005450:	9b01      	ldr	r3, [sp, #4]
10005452:	9a00      	ldr	r2, [sp, #0]
10005454:	443b      	add	r3, r7
10005456:	4413      	add	r3, r2
10005458:	f893 2034 	ldrb.w	r2, [r3, #52]	@ 0x34
1000545c:	f042 0202 	orr.w	r2, r2, #2
10005460:	f883 2034 	strb.w	r2, [r3, #52]	@ 0x34
10005464:	f893 2034 	ldrb.w	r2, [r3, #52]	@ 0x34
10005468:	f042 0201 	orr.w	r2, r2, #1
1000546c:	f883 2034 	strb.w	r2, [r3, #52]	@ 0x34
10005470:	2e00      	cmp	r6, #0
10005472:	f43f ad1f 	beq.w	10004eb4 <tud_task_ext+0x20>
10005476:	6970      	ldr	r0, [r6, #20]
10005478:	f000 fa14 	bl	100058a4 <usbd_control_set_complete_callback>
1000547c:	6973      	ldr	r3, [r6, #20]
1000547e:	2101      	movs	r1, #1
10005480:	aa08      	add	r2, sp, #32
10005482:	4640      	mov	r0, r8
10005484:	4798      	blx	r3
10005486:	2000      	movs	r0, #0
10005488:	f000 fa0c 	bl	100058a4 <usbd_control_set_complete_callback>
1000548c:	f897 3035 	ldrb.w	r3, [r7, #53]	@ 0x35
10005490:	07df      	lsls	r7, r3, #31
10005492:	f53f ad0f 	bmi.w	10004eb4 <tud_task_ext+0x20>
10005496:	e696      	b.n	100051c6 <tud_task_ext+0x332>
10005498:	f7ff fc72 	bl	10004d80 <tud_umount_cb>
1000549c:	4640      	mov	r0, r8
1000549e:	a908      	add	r1, sp, #32
100054a0:	f000 f986 	bl	100057b0 <tud_control_status>
100054a4:	e506      	b.n	10004eb4 <tud_task_ext+0x20>
100054a6:	9b04      	ldr	r3, [sp, #16]
100054a8:	2b01      	cmp	r3, #1
100054aa:	f000 809e 	beq.w	100055ea <tud_task_ext+0x756>
100054ae:	2b00      	cmp	r3, #0
100054b0:	f000 808a 	beq.w	100055c8 <tud_task_ext+0x734>
100054b4:	2000      	movs	r0, #0
100054b6:	f891 8002 	ldrb.w	r8, [r1, #2]
100054ba:	e005      	b.n	100054c8 <tud_task_ext+0x634>
100054bc:	f88c 6004 	strb.w	r6, [ip, #4]
100054c0:	fa5f fc80 	uxtb.w	ip, r0
100054c4:	4563      	cmp	r3, ip
100054c6:	d97f      	bls.n	100055c8 <tud_task_ext+0x734>
100054c8:	eb08 0c00 	add.w	ip, r8, r0
100054cc:	fa57 fc8c 	uxtab	ip, r7, ip
100054d0:	f89c e004 	ldrb.w	lr, [ip, #4]
100054d4:	3001      	adds	r0, #1
100054d6:	f1be 0fff 	cmp.w	lr, #255	@ 0xff
100054da:	d0ef      	beq.n	100054bc <tud_task_ext+0x628>
100054dc:	f04f 23e0 	mov.w	r3, #3758153728	@ 0xe000e000
100054e0:	f8d3 3df0 	ldr.w	r3, [r3, #3568]	@ 0xdf0
100054e4:	07da      	lsls	r2, r3, #31
100054e6:	d500      	bpl.n	100054ea <tud_task_ext+0x656>
100054e8:	be00      	bkpt	0x0000
100054ea:	f04f 23e0 	mov.w	r3, #3758153728	@ 0xe000e000
100054ee:	f8d3 3df0 	ldr.w	r3, [r3, #3568]	@ 0xdf0
100054f2:	07db      	lsls	r3, r3, #31
100054f4:	d500      	bpl.n	100054f8 <tud_task_ext+0x664>
100054f6:	be00      	bkpt	0x0000
100054f8:	2300      	movs	r3, #0
100054fa:	707b      	strb	r3, [r7, #1]
100054fc:	e5e2      	b.n	100050c4 <tud_task_ext+0x230>
100054fe:	f7ff fc37 	bl	10004d70 <tud_descriptor_bos_cb>
10005502:	4602      	mov	r2, r0
10005504:	2800      	cmp	r0, #0
10005506:	f47f af58 	bne.w	100053ba <tud_task_ext+0x526>
1000550a:	e5db      	b.n	100050c4 <tud_task_ext+0x230>
1000550c:	f7fb ff54 	bl	100013b8 <tud_descriptor_device_cb>
10005510:	4602      	mov	r2, r0
10005512:	2800      	cmp	r0, #0
10005514:	f43f adcf 	beq.w	100050b6 <tud_task_ext+0x222>
10005518:	4640      	mov	r0, r8
1000551a:	2312      	movs	r3, #18
1000551c:	a908      	add	r1, sp, #32
1000551e:	f000 f961 	bl	100057e4 <tud_control_xfer>
10005522:	2800      	cmp	r0, #0
10005524:	f47f acc6 	bne.w	10004eb4 <tud_task_ext+0x20>
10005528:	e5cc      	b.n	100050c4 <tud_task_ext+0x230>
1000552a:	f7ff fc23 	bl	10004d74 <tud_descriptor_device_qualifier_cb>
1000552e:	4602      	mov	r2, r0
10005530:	2800      	cmp	r0, #0
10005532:	f43f adc7 	beq.w	100050c4 <tud_task_ext+0x230>
10005536:	4640      	mov	r0, r8
10005538:	7813      	ldrb	r3, [r2, #0]
1000553a:	a908      	add	r1, sp, #32
1000553c:	f000 f952 	bl	100057e4 <tud_control_xfer>
10005540:	2800      	cmp	r0, #0
10005542:	f47f acb7 	bne.w	10004eb4 <tud_task_ext+0x20>
10005546:	e5bd      	b.n	100050c4 <tud_task_ext+0x230>
10005548:	f8bd 1024 	ldrh.w	r1, [sp, #36]	@ 0x24
1000554c:	f7fb ff3c 	bl	100013c8 <tud_descriptor_string_cb>
10005550:	4602      	mov	r2, r0
10005552:	2800      	cmp	r0, #0
10005554:	d1ef      	bne.n	10005536 <tud_task_ext+0x6a2>
10005556:	e5b5      	b.n	100050c4 <tud_task_ext+0x230>
10005558:	9302      	str	r3, [sp, #8]
1000555a:	f7ff fb69 	bl	10004c30 <dcd_edpt_clear_stall>
1000555e:	9a01      	ldr	r2, [sp, #4]
10005560:	9b00      	ldr	r3, [sp, #0]
10005562:	443a      	add	r2, r7
10005564:	441a      	add	r2, r3
10005566:	f892 1034 	ldrb.w	r1, [r2, #52]	@ 0x34
1000556a:	9b02      	ldr	r3, [sp, #8]
1000556c:	f363 0141 	bfi	r1, r3, #1, #1
10005570:	f882 1034 	strb.w	r1, [r2, #52]	@ 0x34
10005574:	f892 1034 	ldrb.w	r1, [r2, #52]	@ 0x34
10005578:	f363 0100 	bfi	r1, r3, #0, #1
1000557c:	f882 1034 	strb.w	r1, [r2, #52]	@ 0x34
10005580:	e776      	b.n	10005470 <tud_task_ext+0x5dc>
10005582:	2100      	movs	r1, #0
10005584:	4640      	mov	r0, r8
10005586:	f7ff fa8f 	bl	10004aa8 <dcd_sof_enable>
1000558a:	4640      	mov	r0, r8
1000558c:	f7ff fb24 	bl	10004bd8 <dcd_edpt_close_all>
10005590:	78bb      	ldrb	r3, [r7, #2]
10005592:	4640      	mov	r0, r8
10005594:	9300      	str	r3, [sp, #0]
10005596:	f7ff fba1 	bl	10004cdc <configuration_reset>
1000559a:	9b00      	ldr	r3, [sp, #0]
1000559c:	70bb      	strb	r3, [r7, #2]
1000559e:	e632      	b.n	10005206 <tud_task_ext+0x372>
100055a0:	f8dd 800c 	ldr.w	r8, [sp, #12]
100055a4:	f7ff fbea 	bl	10004d7c <tud_mount_cb>
100055a8:	e778      	b.n	1000549c <tud_task_ext+0x608>
100055aa:	4640      	mov	r0, r8
100055ac:	2301      	movs	r3, #1
100055ae:	a908      	add	r1, sp, #32
100055b0:	f10d 021a 	add.w	r2, sp, #26
100055b4:	f88d 601a 	strb.w	r6, [sp, #26]
100055b8:	f000 f914 	bl	100057e4 <tud_control_xfer>
100055bc:	e47a      	b.n	10004eb4 <tud_task_ext+0x20>
100055be:	780a      	ldrb	r2, [r1, #0]
100055c0:	78cb      	ldrb	r3, [r1, #3]
100055c2:	4411      	add	r1, r2
100055c4:	784a      	ldrb	r2, [r1, #1]
100055c6:	e64c      	b.n	10005262 <tud_task_ext+0x3ce>
100055c8:	4633      	mov	r3, r6
100055ca:	4810      	ldr	r0, [pc, #64]	@ (1000560c <tud_task_ext+0x778>)
100055cc:	9204      	str	r2, [sp, #16]
100055ce:	9102      	str	r1, [sp, #8]
100055d0:	f000 fffe 	bl	100065d0 <tu_edpt_bind_driver>
100055d4:	4b0e      	ldr	r3, [pc, #56]	@ (10005610 <tud_task_ext+0x77c>)
100055d6:	9a04      	ldr	r2, [sp, #16]
100055d8:	9902      	ldr	r1, [sp, #8]
100055da:	781b      	ldrb	r3, [r3, #0]
100055dc:	4411      	add	r1, r2
100055de:	9a00      	ldr	r2, [sp, #0]
100055e0:	3301      	adds	r3, #1
100055e2:	4293      	cmp	r3, r2
100055e4:	f6bf ae34 	bge.w	10005250 <tud_task_ext+0x3bc>
100055e8:	e778      	b.n	100054dc <tud_task_ext+0x648>
100055ea:	f8d8 c010 	ldr.w	ip, [r8, #16]
100055ee:	4809      	ldr	r0, [pc, #36]	@ (10005614 <tud_task_ext+0x780>)
100055f0:	4584      	cmp	ip, r0
100055f2:	bf08      	it	eq
100055f4:	2302      	moveq	r3, #2
100055f6:	e75d      	b.n	100054b4 <tud_task_ext+0x620>
100055f8:	f04f 23e0 	mov.w	r3, #3758153728	@ 0xe000e000
100055fc:	f8d3 3df0 	ldr.w	r3, [r3, #3568]	@ 0xdf0
10005600:	07db      	lsls	r3, r3, #31
10005602:	f57f ac57 	bpl.w	10004eb4 <tud_task_ext+0x20>
10005606:	be00      	bkpt	0x0000
10005608:	e454      	b.n	10004eb4 <tud_task_ext+0x20>
1000560a:	bf00      	nop
1000560c:	200102e0 	.word	0x200102e0
10005610:	20011254 	.word	0x20011254
10005614:	10005e4d 	.word	0x10005e4d

10005618 <usbd_open_edpt_pair>:
10005618:	e92d 4ff8 	stmdb	sp!, {r3, r4, r5, r6, r7, r8, r9, sl, fp, lr}
1000561c:	f8dd 8028 	ldr.w	r8, [sp, #40]	@ 0x28
10005620:	2a00      	cmp	r2, #0
10005622:	d03f      	beq.n	100056a4 <usbd_open_edpt_pair+0x8c>
10005624:	460c      	mov	r4, r1
10005626:	461e      	mov	r6, r3
10005628:	4615      	mov	r5, r2
1000562a:	f04f 0b00 	mov.w	fp, #0
1000562e:	4f1f      	ldr	r7, [pc, #124]	@ (100056ac <usbd_open_edpt_pair+0x94>)
10005630:	f8df 907c 	ldr.w	r9, [pc, #124]	@ 100056b0 <usbd_open_edpt_pair+0x98>
10005634:	e017      	b.n	10005666 <usbd_open_edpt_pair+0x4e>
10005636:	4620      	mov	r0, r4
10005638:	f899 1002 	ldrb.w	r1, [r9, #2]
1000563c:	f000 ff96 	bl	1000656c <tu_edpt_validate>
10005640:	b1f8      	cbz	r0, 10005682 <usbd_open_edpt_pair+0x6a>
10005642:	4621      	mov	r1, r4
10005644:	4650      	mov	r0, sl
10005646:	f7ff fa4b 	bl	10004ae0 <dcd_edpt_open>
1000564a:	b308      	cbz	r0, 10005690 <usbd_open_edpt_pair+0x78>
1000564c:	78a3      	ldrb	r3, [r4, #2]
1000564e:	f10b 0b01 	add.w	fp, fp, #1
10005652:	09da      	lsrs	r2, r3, #7
10005654:	bf16      	itet	ne
10005656:	9a0b      	ldrne	r2, [sp, #44]	@ 0x2c
10005658:	f888 3000 	strbeq.w	r3, [r8]
1000565c:	7013      	strbne	r3, [r2, #0]
1000565e:	7823      	ldrb	r3, [r4, #0]
10005660:	45ab      	cmp	fp, r5
10005662:	441c      	add	r4, r3
10005664:	d01e      	beq.n	100056a4 <usbd_open_edpt_pair+0x8c>
10005666:	7863      	ldrb	r3, [r4, #1]
10005668:	2b05      	cmp	r3, #5
1000566a:	d111      	bne.n	10005690 <usbd_open_edpt_pair+0x78>
1000566c:	78e1      	ldrb	r1, [r4, #3]
1000566e:	f001 0103 	and.w	r1, r1, #3
10005672:	42b1      	cmp	r1, r6
10005674:	d10c      	bne.n	10005690 <usbd_open_edpt_pair+0x78>
10005676:	78a3      	ldrb	r3, [r4, #2]
10005678:	f897 a000 	ldrb.w	sl, [r7]
1000567c:	f013 0f70 	tst.w	r3, #112	@ 0x70
10005680:	d0d9      	beq.n	10005636 <usbd_open_edpt_pair+0x1e>
10005682:	f04f 23e0 	mov.w	r3, #3758153728	@ 0xe000e000
10005686:	f8d3 3df0 	ldr.w	r3, [r3, #3568]	@ 0xdf0
1000568a:	07da      	lsls	r2, r3, #31
1000568c:	d500      	bpl.n	10005690 <usbd_open_edpt_pair+0x78>
1000568e:	be00      	bkpt	0x0000
10005690:	f04f 23e0 	mov.w	r3, #3758153728	@ 0xe000e000
10005694:	f8d3 3df0 	ldr.w	r3, [r3, #3568]	@ 0xdf0
10005698:	07db      	lsls	r3, r3, #31
1000569a:	d500      	bpl.n	1000569e <usbd_open_edpt_pair+0x86>
1000569c:	be00      	bkpt	0x0000
1000569e:	2000      	movs	r0, #0
100056a0:	e8bd 8ff8 	ldmia.w	sp!, {r3, r4, r5, r6, r7, r8, r9, sl, fp, pc}
100056a4:	2001      	movs	r0, #1
100056a6:	e8bd 8ff8 	ldmia.w	sp!, {r3, r4, r5, r6, r7, r8, r9, sl, fp, pc}
100056aa:	bf00      	nop
100056ac:	200014ec 	.word	0x200014ec
100056b0:	200102cc 	.word	0x200102cc

100056b4 <usbd_edpt_open>:
100056b4:	b538      	push	{r3, r4, r5, lr}
100056b6:	4b0e      	ldr	r3, [pc, #56]	@ (100056f0 <usbd_edpt_open+0x3c>)
100056b8:	781d      	ldrb	r5, [r3, #0]
100056ba:	788b      	ldrb	r3, [r1, #2]
100056bc:	f013 0f70 	tst.w	r3, #112	@ 0x70
100056c0:	d008      	beq.n	100056d4 <usbd_edpt_open+0x20>
100056c2:	f04f 23e0 	mov.w	r3, #3758153728	@ 0xe000e000
100056c6:	f8d3 3df0 	ldr.w	r3, [r3, #3568]	@ 0xdf0
100056ca:	07db      	lsls	r3, r3, #31
100056cc:	d500      	bpl.n	100056d0 <usbd_edpt_open+0x1c>
100056ce:	be00      	bkpt	0x0000
100056d0:	2000      	movs	r0, #0
100056d2:	bd38      	pop	{r3, r4, r5, pc}
100056d4:	4b07      	ldr	r3, [pc, #28]	@ (100056f4 <usbd_edpt_open+0x40>)
100056d6:	460c      	mov	r4, r1
100056d8:	4608      	mov	r0, r1
100056da:	7899      	ldrb	r1, [r3, #2]
100056dc:	f000 ff46 	bl	1000656c <tu_edpt_validate>
100056e0:	2800      	cmp	r0, #0
100056e2:	d0ee      	beq.n	100056c2 <usbd_edpt_open+0xe>
100056e4:	4621      	mov	r1, r4
100056e6:	4628      	mov	r0, r5
100056e8:	e8bd 4038 	ldmia.w	sp!, {r3, r4, r5, lr}
100056ec:	f7ff b9f8 	b.w	10004ae0 <dcd_edpt_open>
100056f0:	200014ec 	.word	0x200014ec
100056f4:	200102cc 	.word	0x200102cc

100056f8 <usbd_edpt_claim>:
100056f8:	460b      	mov	r3, r1
100056fa:	4a06      	ldr	r2, [pc, #24]	@ (10005714 <usbd_edpt_claim+0x1c>)
100056fc:	4806      	ldr	r0, [pc, #24]	@ (10005718 <usbd_edpt_claim+0x20>)
100056fe:	6811      	ldr	r1, [r2, #0]
10005700:	09da      	lsrs	r2, r3, #7
10005702:	3234      	adds	r2, #52	@ 0x34
10005704:	f003 037f 	and.w	r3, r3, #127	@ 0x7f
10005708:	eb02 0343 	add.w	r3, r2, r3, lsl #1
1000570c:	4418      	add	r0, r3
1000570e:	f000 bee7 	b.w	100064e0 <tu_edpt_claim>
10005712:	bf00      	nop
10005714:	20010320 	.word	0x20010320
10005718:	200102cc 	.word	0x200102cc

1000571c <usbd_edpt_release>:
1000571c:	460b      	mov	r3, r1
1000571e:	4a06      	ldr	r2, [pc, #24]	@ (10005738 <usbd_edpt_release+0x1c>)
10005720:	4806      	ldr	r0, [pc, #24]	@ (1000573c <usbd_edpt_release+0x20>)
10005722:	6811      	ldr	r1, [r2, #0]
10005724:	09da      	lsrs	r2, r3, #7
10005726:	3234      	adds	r2, #52	@ 0x34
10005728:	f003 037f 	and.w	r3, r3, #127	@ 0x7f
1000572c:	eb02 0343 	add.w	r3, r2, r3, lsl #1
10005730:	4418      	add	r0, r3
10005732:	f000 beff 	b.w	10006534 <tu_edpt_release>
10005736:	bf00      	nop
10005738:	20010320 	.word	0x20010320
1000573c:	200102cc 	.word	0x200102cc

10005740 <usbd_edpt_xfer>:
10005740:	b510      	push	{r4, lr}
10005742:	4c19      	ldr	r4, [pc, #100]	@ (100057a8 <usbd_edpt_xfer+0x68>)
10005744:	f001 0e7f 	and.w	lr, r1, #127	@ 0x7f
10005748:	eb04 044e 	add.w	r4, r4, lr, lsl #1
1000574c:	eb04 14d1 	add.w	r4, r4, r1, lsr #7
10005750:	f894 c034 	ldrb.w	ip, [r4, #52]	@ 0x34
10005754:	4815      	ldr	r0, [pc, #84]	@ (100057ac <usbd_edpt_xfer+0x6c>)
10005756:	f01c 0f01 	tst.w	ip, #1
1000575a:	f104 0430 	add.w	r4, r4, #48	@ 0x30
1000575e:	7800      	ldrb	r0, [r0, #0]
10005760:	d008      	beq.n	10005774 <usbd_edpt_xfer+0x34>
10005762:	f04f 23e0 	mov.w	r3, #3758153728	@ 0xe000e000
10005766:	f8d3 3df0 	ldr.w	r3, [r3, #3568]	@ 0xdf0
1000576a:	07da      	lsls	r2, r3, #31
1000576c:	d500      	bpl.n	10005770 <usbd_edpt_xfer+0x30>
1000576e:	be00      	bkpt	0x0000
10005770:	2000      	movs	r0, #0
10005772:	bd10      	pop	{r4, pc}
10005774:	f894 c004 	ldrb.w	ip, [r4, #4]
10005778:	f04c 0c01 	orr.w	ip, ip, #1
1000577c:	f884 c004 	strb.w	ip, [r4, #4]
10005780:	f7ff fa2c 	bl	10004bdc <dcd_edpt_xfer>
10005784:	2800      	cmp	r0, #0
10005786:	d1f4      	bne.n	10005772 <usbd_edpt_xfer+0x32>
10005788:	f04f 21e0 	mov.w	r1, #3758153728	@ 0xe000e000
1000578c:	7922      	ldrb	r2, [r4, #4]
1000578e:	f360 0200 	bfi	r2, r0, #0, #1
10005792:	7122      	strb	r2, [r4, #4]
10005794:	7922      	ldrb	r2, [r4, #4]
10005796:	f360 0282 	bfi	r2, r0, #2, #1
1000579a:	7122      	strb	r2, [r4, #4]
1000579c:	f8d1 3df0 	ldr.w	r3, [r1, #3568]	@ 0xdf0
100057a0:	07db      	lsls	r3, r3, #31
100057a2:	d5e5      	bpl.n	10005770 <usbd_edpt_xfer+0x30>
100057a4:	e7e3      	b.n	1000576e <usbd_edpt_xfer+0x2e>
100057a6:	bf00      	nop
100057a8:	200102cc 	.word	0x200102cc
100057ac:	200014ec 	.word	0x200014ec

100057b0 <tud_control_status>:
100057b0:	b530      	push	{r4, r5, lr}
100057b2:	4c0b      	ldr	r4, [pc, #44]	@ (100057e0 <tud_control_status+0x30>)
100057b4:	468c      	mov	ip, r1
100057b6:	46a6      	mov	lr, r4
100057b8:	4605      	mov	r5, r0
100057ba:	6808      	ldr	r0, [r1, #0]
100057bc:	6849      	ldr	r1, [r1, #4]
100057be:	2300      	movs	r3, #0
100057c0:	e8ae 0003 	stmia.w	lr!, {r0, r1}
100057c4:	f89c 1000 	ldrb.w	r1, [ip]
100057c8:	4628      	mov	r0, r5
100057ca:	43c9      	mvns	r1, r1
100057cc:	e9c4 3302 	strd	r3, r3, [r4, #8]
100057d0:	e8bd 4030 	ldmia.w	sp!, {r4, r5, lr}
100057d4:	461a      	mov	r2, r3
100057d6:	f001 0180 	and.w	r1, r1, #128	@ 0x80
100057da:	f7ff bfb1 	b.w	10005740 <usbd_edpt_xfer>
100057de:	bf00      	nop
100057e0:	20010250 	.word	0x20010250

100057e4 <tud_control_xfer>:
100057e4:	e92d 41f0 	stmdb	sp!, {r4, r5, r6, r7, r8, lr}
100057e8:	4f27      	ldr	r7, [pc, #156]	@ (10005888 <tud_control_xfer+0xa4>)
100057ea:	f04f 0800 	mov.w	r8, #0
100057ee:	46be      	mov	lr, r7
100057f0:	468c      	mov	ip, r1
100057f2:	4606      	mov	r6, r0
100057f4:	6808      	ldr	r0, [r1, #0]
100057f6:	6849      	ldr	r1, [r1, #4]
100057f8:	60ba      	str	r2, [r7, #8]
100057fa:	e8ae 0003 	stmia.w	lr!, {r0, r1}
100057fe:	f8a7 800e 	strh.w	r8, [r7, #14]
10005802:	4615      	mov	r5, r2
10005804:	f8bc 2006 	ldrh.w	r2, [ip, #6]
10005808:	4293      	cmp	r3, r2
1000580a:	bf28      	it	cs
1000580c:	4613      	movcs	r3, r2
1000580e:	81bb      	strh	r3, [r7, #12]
10005810:	b19a      	cbz	r2, 1000583a <tud_control_xfer+0x56>
10005812:	461c      	mov	r4, r3
10005814:	b32b      	cbz	r3, 10005862 <tud_control_xfer+0x7e>
10005816:	b1dd      	cbz	r5, 10005850 <tud_control_xfer+0x6c>
10005818:	f997 3000 	ldrsb.w	r3, [r7]
1000581c:	2c40      	cmp	r4, #64	@ 0x40
1000581e:	bf28      	it	cs
10005820:	2440      	movcs	r4, #64	@ 0x40
10005822:	2b00      	cmp	r3, #0
10005824:	db28      	blt.n	10005878 <tud_control_xfer+0x94>
10005826:	4641      	mov	r1, r8
10005828:	4623      	mov	r3, r4
1000582a:	4630      	mov	r0, r6
1000582c:	4a17      	ldr	r2, [pc, #92]	@ (1000588c <tud_control_xfer+0xa8>)
1000582e:	f7ff ff87 	bl	10005740 <usbd_edpt_xfer>
10005832:	b168      	cbz	r0, 10005850 <tud_control_xfer+0x6c>
10005834:	2001      	movs	r0, #1
10005836:	e8bd 81f0 	ldmia.w	sp!, {r4, r5, r6, r7, r8, pc}
1000583a:	f89c 1000 	ldrb.w	r1, [ip]
1000583e:	4613      	mov	r3, r2
10005840:	43c9      	mvns	r1, r1
10005842:	4630      	mov	r0, r6
10005844:	f001 0180 	and.w	r1, r1, #128	@ 0x80
10005848:	f7ff ff7a 	bl	10005740 <usbd_edpt_xfer>
1000584c:	2800      	cmp	r0, #0
1000584e:	d1f1      	bne.n	10005834 <tud_control_xfer+0x50>
10005850:	f04f 23e0 	mov.w	r3, #3758153728	@ 0xe000e000
10005854:	f8d3 3df0 	ldr.w	r3, [r3, #3568]	@ 0xdf0
10005858:	07db      	lsls	r3, r3, #31
1000585a:	d500      	bpl.n	1000585e <tud_control_xfer+0x7a>
1000585c:	be00      	bkpt	0x0000
1000585e:	2000      	movs	r0, #0
10005860:	e7e9      	b.n	10005836 <tud_control_xfer+0x52>
10005862:	461a      	mov	r2, r3
10005864:	7839      	ldrb	r1, [r7, #0]
10005866:	f001 0180 	and.w	r1, r1, #128	@ 0x80
1000586a:	4623      	mov	r3, r4
1000586c:	4630      	mov	r0, r6
1000586e:	f7ff ff67 	bl	10005740 <usbd_edpt_xfer>
10005872:	2800      	cmp	r0, #0
10005874:	d1de      	bne.n	10005834 <tud_control_xfer+0x50>
10005876:	e7eb      	b.n	10005850 <tud_control_xfer+0x6c>
10005878:	4622      	mov	r2, r4
1000587a:	4629      	mov	r1, r5
1000587c:	4803      	ldr	r0, [pc, #12]	@ (1000588c <tud_control_xfer+0xa8>)
1000587e:	f001 fc1d 	bl	100070bc <memcpy>
10005882:	2180      	movs	r1, #128	@ 0x80
10005884:	4a01      	ldr	r2, [pc, #4]	@ (1000588c <tud_control_xfer+0xa8>)
10005886:	e7f0      	b.n	1000586a <tud_control_xfer+0x86>
10005888:	20010250 	.word	0x20010250
1000588c:	2001028c 	.word	0x2001028c

10005890 <usbd_control_reset>:
10005890:	2200      	movs	r2, #0
10005892:	4b03      	ldr	r3, [pc, #12]	@ (100058a0 <usbd_control_reset+0x10>)
10005894:	e9c3 2200 	strd	r2, r2, [r3]
10005898:	e9c3 2202 	strd	r2, r2, [r3, #8]
1000589c:	611a      	str	r2, [r3, #16]
1000589e:	4770      	bx	lr
100058a0:	20010250 	.word	0x20010250

100058a4 <usbd_control_set_complete_callback>:
100058a4:	4b01      	ldr	r3, [pc, #4]	@ (100058ac <usbd_control_set_complete_callback+0x8>)
100058a6:	6118      	str	r0, [r3, #16]
100058a8:	4770      	bx	lr
100058aa:	bf00      	nop
100058ac:	20010250 	.word	0x20010250

100058b0 <usbd_control_set_request>:
100058b0:	b430      	push	{r4, r5}
100058b2:	4602      	mov	r2, r0
100058b4:	4c04      	ldr	r4, [pc, #16]	@ (100058c8 <usbd_control_set_request+0x18>)
100058b6:	2500      	movs	r5, #0
100058b8:	4623      	mov	r3, r4
100058ba:	6800      	ldr	r0, [r0, #0]
100058bc:	6851      	ldr	r1, [r2, #4]
100058be:	e9c4 5502 	strd	r5, r5, [r4, #8]
100058c2:	bc30      	pop	{r4, r5}
100058c4:	c303      	stmia	r3!, {r0, r1}
100058c6:	4770      	bx	lr
100058c8:	20010250 	.word	0x20010250

100058cc <usbd_control_xfer_cb>:
100058cc:	b570      	push	{r4, r5, r6, lr}
100058ce:	4c3c      	ldr	r4, [pc, #240]	@ (100059c0 <usbd_control_xfer_cb+0xf4>)
100058d0:	09c9      	lsrs	r1, r1, #7
100058d2:	7822      	ldrb	r2, [r4, #0]
100058d4:	4606      	mov	r6, r0
100058d6:	ebb1 1fd2 	cmp.w	r1, r2, lsr #7
100058da:	461d      	mov	r5, r3
100058dc:	b082      	sub	sp, #8
100058de:	d017      	beq.n	10005910 <usbd_control_xfer_cb+0x44>
100058e0:	b153      	cbz	r3, 100058f8 <usbd_control_xfer_cb+0x2c>
100058e2:	f04f 23e0 	mov.w	r3, #3758153728	@ 0xe000e000
100058e6:	f8d3 3df0 	ldr.w	r3, [r3, #3568]	@ 0xdf0
100058ea:	07db      	lsls	r3, r3, #31
100058ec:	d402      	bmi.n	100058f4 <usbd_control_xfer_cb+0x28>
100058ee:	2000      	movs	r0, #0
100058f0:	b002      	add	sp, #8
100058f2:	bd70      	pop	{r4, r5, r6, pc}
100058f4:	be00      	bkpt	0x0000
100058f6:	e7fa      	b.n	100058ee <usbd_control_xfer_cb+0x22>
100058f8:	4621      	mov	r1, r4
100058fa:	f7ff f8e3 	bl	10004ac4 <dcd_edpt0_status_complete>
100058fe:	6923      	ldr	r3, [r4, #16]
10005900:	b11b      	cbz	r3, 1000590a <usbd_control_xfer_cb+0x3e>
10005902:	4622      	mov	r2, r4
10005904:	2103      	movs	r1, #3
10005906:	4630      	mov	r0, r6
10005908:	4798      	blx	r3
1000590a:	2001      	movs	r0, #1
1000590c:	b002      	add	sp, #8
1000590e:	bd70      	pop	{r4, r5, r6, pc}
10005910:	f994 3000 	ldrsb.w	r3, [r4]
10005914:	68a0      	ldr	r0, [r4, #8]
10005916:	2b00      	cmp	r3, #0
10005918:	db05      	blt.n	10005926 <usbd_control_xfer_cb+0x5a>
1000591a:	2800      	cmp	r0, #0
1000591c:	d0e7      	beq.n	100058ee <usbd_control_xfer_cb+0x22>
1000591e:	462a      	mov	r2, r5
10005920:	4928      	ldr	r1, [pc, #160]	@ (100059c4 <usbd_control_xfer_cb+0xf8>)
10005922:	f001 fbcb 	bl	100070bc <memcpy>
10005926:	89e0      	ldrh	r0, [r4, #14]
10005928:	68a1      	ldr	r1, [r4, #8]
1000592a:	88e3      	ldrh	r3, [r4, #6]
1000592c:	4428      	add	r0, r5
1000592e:	b280      	uxth	r0, r0
10005930:	4429      	add	r1, r5
10005932:	4283      	cmp	r3, r0
10005934:	81e0      	strh	r0, [r4, #14]
10005936:	60a1      	str	r1, [r4, #8]
10005938:	d016      	beq.n	10005968 <usbd_control_xfer_cb+0x9c>
1000593a:	2d3f      	cmp	r5, #63	@ 0x3f
1000593c:	d914      	bls.n	10005968 <usbd_control_xfer_cb+0x9c>
1000593e:	89a2      	ldrh	r2, [r4, #12]
10005940:	f994 4000 	ldrsb.w	r4, [r4]
10005944:	1a13      	subs	r3, r2, r0
10005946:	b29b      	uxth	r3, r3
10005948:	2b40      	cmp	r3, #64	@ 0x40
1000594a:	bf28      	it	cs
1000594c:	2340      	movcs	r3, #64	@ 0x40
1000594e:	2c00      	cmp	r4, #0
10005950:	db26      	blt.n	100059a0 <usbd_control_xfer_cb+0xd4>
10005952:	4290      	cmp	r0, r2
10005954:	f04f 0100 	mov.w	r1, #0
10005958:	d030      	beq.n	100059bc <usbd_control_xfer_cb+0xf0>
1000595a:	4a1a      	ldr	r2, [pc, #104]	@ (100059c4 <usbd_control_xfer_cb+0xf8>)
1000595c:	4630      	mov	r0, r6
1000595e:	f7ff feef 	bl	10005740 <usbd_edpt_xfer>
10005962:	2800      	cmp	r0, #0
10005964:	d1d1      	bne.n	1000590a <usbd_control_xfer_cb+0x3e>
10005966:	e7bc      	b.n	100058e2 <usbd_control_xfer_cb+0x16>
10005968:	6923      	ldr	r3, [r4, #16]
1000596a:	b123      	cbz	r3, 10005976 <usbd_control_xfer_cb+0xaa>
1000596c:	2102      	movs	r1, #2
1000596e:	4630      	mov	r0, r6
10005970:	4a13      	ldr	r2, [pc, #76]	@ (100059c0 <usbd_control_xfer_cb+0xf4>)
10005972:	4798      	blx	r3
10005974:	b158      	cbz	r0, 1000598e <usbd_control_xfer_cb+0xc2>
10005976:	7821      	ldrb	r1, [r4, #0]
10005978:	2300      	movs	r3, #0
1000597a:	43c9      	mvns	r1, r1
1000597c:	4630      	mov	r0, r6
1000597e:	461a      	mov	r2, r3
10005980:	f001 0180 	and.w	r1, r1, #128	@ 0x80
10005984:	f7ff fedc 	bl	10005740 <usbd_edpt_xfer>
10005988:	2800      	cmp	r0, #0
1000598a:	d1be      	bne.n	1000590a <usbd_control_xfer_cb+0x3e>
1000598c:	e7a9      	b.n	100058e2 <usbd_control_xfer_cb+0x16>
1000598e:	4601      	mov	r1, r0
10005990:	4630      	mov	r0, r6
10005992:	f7ff f937 	bl	10004c04 <dcd_edpt_stall>
10005996:	2180      	movs	r1, #128	@ 0x80
10005998:	4630      	mov	r0, r6
1000599a:	f7ff f933 	bl	10004c04 <dcd_edpt_stall>
1000599e:	e7b4      	b.n	1000590a <usbd_control_xfer_cb+0x3e>
100059a0:	4290      	cmp	r0, r2
100059a2:	d008      	beq.n	100059b6 <usbd_control_xfer_cb+0xea>
100059a4:	461a      	mov	r2, r3
100059a6:	4807      	ldr	r0, [pc, #28]	@ (100059c4 <usbd_control_xfer_cb+0xf8>)
100059a8:	9301      	str	r3, [sp, #4]
100059aa:	f001 fb87 	bl	100070bc <memcpy>
100059ae:	2180      	movs	r1, #128	@ 0x80
100059b0:	4a04      	ldr	r2, [pc, #16]	@ (100059c4 <usbd_control_xfer_cb+0xf8>)
100059b2:	9b01      	ldr	r3, [sp, #4]
100059b4:	e7d2      	b.n	1000595c <usbd_control_xfer_cb+0x90>
100059b6:	2180      	movs	r1, #128	@ 0x80
100059b8:	2200      	movs	r2, #0
100059ba:	e7cf      	b.n	1000595c <usbd_control_xfer_cb+0x90>
100059bc:	460a      	mov	r2, r1
100059be:	e7cd      	b.n	1000595c <usbd_control_xfer_cb+0x90>
100059c0:	20010250 	.word	0x20010250
100059c4:	2001028c 	.word	0x2001028c

100059c8 <_prep_out_transaction.isra.0>:
100059c8:	b570      	push	{r4, r5, r6, lr}
100059ca:	4604      	mov	r4, r0
100059cc:	f7ff f9de 	bl	10004d8c <tud_mounted>
100059d0:	b900      	cbnz	r0, 100059d4 <_prep_out_transaction.isra.0+0xc>
100059d2:	bd70      	pop	{r4, r5, r6, pc}
100059d4:	f7ff f9e2 	bl	10004d9c <tud_suspended>
100059d8:	4605      	mov	r5, r0
100059da:	2800      	cmp	r0, #0
100059dc:	d1f9      	bne.n	100059d2 <_prep_out_transaction.isra.0+0xa>
100059de:	78e3      	ldrb	r3, [r4, #3]
100059e0:	2b00      	cmp	r3, #0
100059e2:	d0f6      	beq.n	100059d2 <_prep_out_transaction.isra.0+0xa>
100059e4:	f104 0610 	add.w	r6, r4, #16
100059e8:	4630      	mov	r0, r6
100059ea:	f000 ff69 	bl	100068c0 <tu_fifo_remaining>
100059ee:	283f      	cmp	r0, #63	@ 0x3f
100059f0:	d9ef      	bls.n	100059d2 <_prep_out_transaction.isra.0+0xa>
100059f2:	4628      	mov	r0, r5
100059f4:	78e1      	ldrb	r1, [r4, #3]
100059f6:	f7ff fe7f 	bl	100056f8 <usbd_edpt_claim>
100059fa:	2800      	cmp	r0, #0
100059fc:	d0e9      	beq.n	100059d2 <_prep_out_transaction.isra.0+0xa>
100059fe:	4630      	mov	r0, r6
10005a00:	f000 ff5e 	bl	100068c0 <tu_fifo_remaining>
10005a04:	283f      	cmp	r0, #63	@ 0x3f
10005a06:	d908      	bls.n	10005a1a <_prep_out_transaction.isra.0+0x52>
10005a08:	4628      	mov	r0, r5
10005a0a:	78e1      	ldrb	r1, [r4, #3]
10005a0c:	f604 0248 	addw	r2, r4, #2120	@ 0x848
10005a10:	2340      	movs	r3, #64	@ 0x40
10005a12:	e8bd 4070 	ldmia.w	sp!, {r4, r5, r6, lr}
10005a16:	f7ff be93 	b.w	10005740 <usbd_edpt_xfer>
10005a1a:	4628      	mov	r0, r5
10005a1c:	78e1      	ldrb	r1, [r4, #3]
10005a1e:	e8bd 4070 	ldmia.w	sp!, {r4, r5, r6, lr}
10005a22:	f7ff be7b 	b.w	1000571c <usbd_edpt_release>
10005a26:	bf00      	nop

10005a28 <tud_cdc_n_connected>:
10005a28:	b510      	push	{r4, lr}
10005a2a:	4604      	mov	r4, r0
10005a2c:	f7ff f9ae 	bl	10004d8c <tud_mounted>
10005a30:	b908      	cbnz	r0, 10005a36 <tud_cdc_n_connected+0xe>
10005a32:	2000      	movs	r0, #0
10005a34:	bd10      	pop	{r4, pc}
10005a36:	f7ff f9b1 	bl	10004d9c <tud_suspended>
10005a3a:	2800      	cmp	r0, #0
10005a3c:	d1f9      	bne.n	10005a32 <tud_cdc_n_connected+0xa>
10005a3e:	f640 02c8 	movw	r2, #2248	@ 0x8c8
10005a42:	4b03      	ldr	r3, [pc, #12]	@ (10005a50 <tud_cdc_n_connected+0x28>)
10005a44:	fb02 3304 	mla	r3, r2, r4, r3
10005a48:	7918      	ldrb	r0, [r3, #4]
10005a4a:	f000 0001 	and.w	r0, r0, #1
10005a4e:	bd10      	pop	{r4, pc}
10005a50:	20001500 	.word	0x20001500

10005a54 <tud_cdc_n_get_line_coding>:
10005a54:	f640 02c8 	movw	r2, #2248	@ 0x8c8
10005a58:	4b04      	ldr	r3, [pc, #16]	@ (10005a6c <tud_cdc_n_get_line_coding+0x18>)
10005a5a:	fb02 3300 	mla	r3, r2, r0, r3
10005a5e:	6898      	ldr	r0, [r3, #8]
10005a60:	6008      	str	r0, [r1, #0]
10005a62:	899a      	ldrh	r2, [r3, #12]
10005a64:	7b9b      	ldrb	r3, [r3, #14]
10005a66:	808a      	strh	r2, [r1, #4]
10005a68:	718b      	strb	r3, [r1, #6]
10005a6a:	4770      	bx	lr
10005a6c:	20001500 	.word	0x20001500

10005a70 <tud_cdc_n_available>:
10005a70:	f640 02c8 	movw	r2, #2248	@ 0x8c8
10005a74:	b508      	push	{r3, lr}
10005a76:	4b03      	ldr	r3, [pc, #12]	@ (10005a84 <tud_cdc_n_available+0x14>)
10005a78:	fb02 3000 	mla	r0, r2, r0, r3
10005a7c:	f000 ff06 	bl	1000688c <tu_fifo_count>
10005a80:	bd08      	pop	{r3, pc}
10005a82:	bf00      	nop
10005a84:	20001510 	.word	0x20001510

10005a88 <tud_cdc_n_read>:
10005a88:	e92d 43f8 	stmdb	sp!, {r3, r4, r5, r6, r7, r8, r9, lr}
10005a8c:	f64f 74ff 	movw	r4, #65535	@ 0xffff
10005a90:	f640 03c8 	movw	r3, #2248	@ 0x8c8
10005a94:	42a2      	cmp	r2, r4
10005a96:	bf28      	it	cs
10005a98:	4622      	movcs	r2, r4
10005a9a:	fb03 f400 	mul.w	r4, r3, r0
10005a9e:	4f1d      	ldr	r7, [pc, #116]	@ (10005b14 <tud_cdc_n_read+0x8c>)
10005aa0:	f104 0510 	add.w	r5, r4, #16
10005aa4:	443d      	add	r5, r7
10005aa6:	4628      	mov	r0, r5
10005aa8:	b292      	uxth	r2, r2
10005aaa:	f000 ff65 	bl	10006978 <tu_fifo_read_n>
10005aae:	4606      	mov	r6, r0
10005ab0:	f7ff f96c 	bl	10004d8c <tud_mounted>
10005ab4:	b910      	cbnz	r0, 10005abc <tud_cdc_n_read+0x34>
10005ab6:	4630      	mov	r0, r6
10005ab8:	e8bd 83f8 	ldmia.w	sp!, {r3, r4, r5, r6, r7, r8, r9, pc}
10005abc:	f7ff f96e 	bl	10004d9c <tud_suspended>
10005ac0:	4681      	mov	r9, r0
10005ac2:	2800      	cmp	r0, #0
10005ac4:	d1f7      	bne.n	10005ab6 <tud_cdc_n_read+0x2e>
10005ac6:	eb07 0804 	add.w	r8, r7, r4
10005aca:	f898 3003 	ldrb.w	r3, [r8, #3]
10005ace:	2b00      	cmp	r3, #0
10005ad0:	d0f1      	beq.n	10005ab6 <tud_cdc_n_read+0x2e>
10005ad2:	4628      	mov	r0, r5
10005ad4:	f000 fef4 	bl	100068c0 <tu_fifo_remaining>
10005ad8:	283f      	cmp	r0, #63	@ 0x3f
10005ada:	d9ec      	bls.n	10005ab6 <tud_cdc_n_read+0x2e>
10005adc:	4648      	mov	r0, r9
10005ade:	f898 1003 	ldrb.w	r1, [r8, #3]
10005ae2:	f7ff fe09 	bl	100056f8 <usbd_edpt_claim>
10005ae6:	2800      	cmp	r0, #0
10005ae8:	d0e5      	beq.n	10005ab6 <tud_cdc_n_read+0x2e>
10005aea:	4628      	mov	r0, r5
10005aec:	f000 fee8 	bl	100068c0 <tu_fifo_remaining>
10005af0:	283f      	cmp	r0, #63	@ 0x3f
10005af2:	d909      	bls.n	10005b08 <tud_cdc_n_read+0x80>
10005af4:	f604 0248 	addw	r2, r4, #2120	@ 0x848
10005af8:	4648      	mov	r0, r9
10005afa:	2340      	movs	r3, #64	@ 0x40
10005afc:	f898 1003 	ldrb.w	r1, [r8, #3]
10005b00:	443a      	add	r2, r7
10005b02:	f7ff fe1d 	bl	10005740 <usbd_edpt_xfer>
10005b06:	e7d6      	b.n	10005ab6 <tud_cdc_n_read+0x2e>
10005b08:	4648      	mov	r0, r9
10005b0a:	f898 1003 	ldrb.w	r1, [r8, #3]
10005b0e:	f7ff fe05 	bl	1000571c <usbd_edpt_release>
10005b12:	e7d0      	b.n	10005ab6 <tud_cdc_n_read+0x2e>
10005b14:	20001500 	.word	0x20001500

10005b18 <tud_cdc_n_write_flush>:
10005b18:	e92d 41f0 	stmdb	sp!, {r4, r5, r6, r7, r8, lr}
10005b1c:	4604      	mov	r4, r0
10005b1e:	f7ff f935 	bl	10004d8c <tud_mounted>
10005b22:	b910      	cbnz	r0, 10005b2a <tud_cdc_n_write_flush+0x12>
10005b24:	2000      	movs	r0, #0
10005b26:	e8bd 81f0 	ldmia.w	sp!, {r4, r5, r6, r7, r8, pc}
10005b2a:	f7ff f937 	bl	10004d9c <tud_suspended>
10005b2e:	4606      	mov	r6, r0
10005b30:	2800      	cmp	r0, #0
10005b32:	d1f7      	bne.n	10005b24 <tud_cdc_n_write_flush+0xc>
10005b34:	f640 03c8 	movw	r3, #2248	@ 0x8c8
10005b38:	fb03 f404 	mul.w	r4, r3, r4
10005b3c:	f8df 8060 	ldr.w	r8, [pc, #96]	@ 10005ba0 <tud_cdc_n_write_flush+0x88>
10005b40:	f104 0524 	add.w	r5, r4, #36	@ 0x24
10005b44:	4445      	add	r5, r8
10005b46:	4628      	mov	r0, r5
10005b48:	f000 fea0 	bl	1000688c <tu_fifo_count>
10005b4c:	2800      	cmp	r0, #0
10005b4e:	d0e9      	beq.n	10005b24 <tud_cdc_n_write_flush+0xc>
10005b50:	eb08 0704 	add.w	r7, r8, r4
10005b54:	4630      	mov	r0, r6
10005b56:	78b9      	ldrb	r1, [r7, #2]
10005b58:	f7ff fdce 	bl	100056f8 <usbd_edpt_claim>
10005b5c:	2800      	cmp	r0, #0
10005b5e:	d0e1      	beq.n	10005b24 <tud_cdc_n_write_flush+0xc>
10005b60:	f604 0488 	addw	r4, r4, #2184	@ 0x888
10005b64:	4444      	add	r4, r8
10005b66:	4628      	mov	r0, r5
10005b68:	2240      	movs	r2, #64	@ 0x40
10005b6a:	4621      	mov	r1, r4
10005b6c:	f000 ff04 	bl	10006978 <tu_fifo_read_n>
10005b70:	4605      	mov	r5, r0
10005b72:	b180      	cbz	r0, 10005b96 <tud_cdc_n_write_flush+0x7e>
10005b74:	4603      	mov	r3, r0
10005b76:	4622      	mov	r2, r4
10005b78:	4630      	mov	r0, r6
10005b7a:	78b9      	ldrb	r1, [r7, #2]
10005b7c:	f7ff fde0 	bl	10005740 <usbd_edpt_xfer>
10005b80:	b938      	cbnz	r0, 10005b92 <tud_cdc_n_write_flush+0x7a>
10005b82:	f04f 23e0 	mov.w	r3, #3758153728	@ 0xe000e000
10005b86:	f8d3 3df0 	ldr.w	r3, [r3, #3568]	@ 0xdf0
10005b8a:	07db      	lsls	r3, r3, #31
10005b8c:	d5ca      	bpl.n	10005b24 <tud_cdc_n_write_flush+0xc>
10005b8e:	be00      	bkpt	0x0000
10005b90:	e7c8      	b.n	10005b24 <tud_cdc_n_write_flush+0xc>
10005b92:	4628      	mov	r0, r5
10005b94:	e7c7      	b.n	10005b26 <tud_cdc_n_write_flush+0xe>
10005b96:	78b9      	ldrb	r1, [r7, #2]
10005b98:	f7ff fdc0 	bl	1000571c <usbd_edpt_release>
10005b9c:	e7c2      	b.n	10005b24 <tud_cdc_n_write_flush+0xc>
10005b9e:	bf00      	nop
10005ba0:	20001500 	.word	0x20001500

10005ba4 <tud_cdc_n_write>:
10005ba4:	b538      	push	{r3, r4, r5, lr}
10005ba6:	f64f 75ff 	movw	r5, #65535	@ 0xffff
10005baa:	f640 03c8 	movw	r3, #2248	@ 0x8c8
10005bae:	42aa      	cmp	r2, r5
10005bb0:	bf28      	it	cs
10005bb2:	462a      	movcs	r2, r5
10005bb4:	4c0a      	ldr	r4, [pc, #40]	@ (10005be0 <tud_cdc_n_write+0x3c>)
10005bb6:	b292      	uxth	r2, r2
10005bb8:	fb03 4400 	mla	r4, r3, r0, r4
10005bbc:	4605      	mov	r5, r0
10005bbe:	4620      	mov	r0, r4
10005bc0:	f000 ff96 	bl	10006af0 <tu_fifo_write_n>
10005bc4:	4603      	mov	r3, r0
10005bc6:	4620      	mov	r0, r4
10005bc8:	461c      	mov	r4, r3
10005bca:	f000 fe5f 	bl	1000688c <tu_fifo_count>
10005bce:	283f      	cmp	r0, #63	@ 0x3f
10005bd0:	d801      	bhi.n	10005bd6 <tud_cdc_n_write+0x32>
10005bd2:	4620      	mov	r0, r4
10005bd4:	bd38      	pop	{r3, r4, r5, pc}
10005bd6:	4628      	mov	r0, r5
10005bd8:	f7ff ff9e 	bl	10005b18 <tud_cdc_n_write_flush>
10005bdc:	4620      	mov	r0, r4
10005bde:	bd38      	pop	{r3, r4, r5, pc}
10005be0:	20001524 	.word	0x20001524

10005be4 <cdcd_init>:
10005be4:	e92d 47f0 	stmdb	sp!, {r4, r5, r6, r7, r8, r9, sl, lr}
10005be8:	f243 42b0 	movw	r2, #13488	@ 0x34b0
10005bec:	2100      	movs	r1, #0
10005bee:	4821      	ldr	r0, [pc, #132]	@ (10005c74 <cdcd_init+0x90>)
10005bf0:	b082      	sub	sp, #8
10005bf2:	f001 fa11 	bl	10007018 <memset>
10005bf6:	2200      	movs	r2, #0
10005bf8:	f04f 0aff 	mov.w	sl, #255	@ 0xff
10005bfc:	f04f 0901 	mov.w	r9, #1
10005c00:	4b1d      	ldr	r3, [pc, #116]	@ (10005c78 <cdcd_init+0x94>)
10005c02:	4c1e      	ldr	r4, [pc, #120]	@ (10005c7c <cdcd_init+0x98>)
10005c04:	f8df 8078 	ldr.w	r8, [pc, #120]	@ 10005c80 <cdcd_init+0x9c>
10005c08:	701a      	strb	r2, [r3, #0]
10005c0a:	2500      	movs	r5, #0
10005c0c:	f44f 37e1 	mov.w	r7, #115200	@ 0x1c200
10005c10:	2608      	movs	r6, #8
10005c12:	f104 0128 	add.w	r1, r4, #40	@ 0x28
10005c16:	f804 ac0b 	strb.w	sl, [r4, #-11]
10005c1a:	2301      	movs	r3, #1
10005c1c:	9500      	str	r5, [sp, #0]
10005c1e:	f44f 6280 	mov.w	r2, #1024	@ 0x400
10005c22:	f844 7c08 	str.w	r7, [r4, #-8]
10005c26:	f804 6c02 	strb.w	r6, [r4, #-2]
10005c2a:	4620      	mov	r0, r4
10005c2c:	f824 5c04 	strh.w	r5, [r4, #-4]
10005c30:	f000 fdfc 	bl	1000682c <tu_fifo_config>
10005c34:	f604 0728 	addw	r7, r4, #2088	@ 0x828
10005c38:	f504 6185 	add.w	r1, r4, #1064	@ 0x428
10005c3c:	2301      	movs	r3, #1
10005c3e:	f44f 6280 	mov.w	r2, #1024	@ 0x400
10005c42:	f104 0014 	add.w	r0, r4, #20
10005c46:	f8cd 9000 	str.w	r9, [sp]
10005c4a:	f000 fdef 	bl	1000682c <tu_fifo_config>
10005c4e:	f504 6603 	add.w	r6, r4, #2096	@ 0x830
10005c52:	4638      	mov	r0, r7
10005c54:	f7fb fc84 	bl	10001560 <mutex_init>
10005c58:	4630      	mov	r0, r6
10005c5a:	f7fb fc81 	bl	10001560 <mutex_init>
10005c5e:	e9c4 5703 	strd	r5, r7, [r4, #12]
10005c62:	e9c4 6508 	strd	r6, r5, [r4, #32]
10005c66:	f604 04c8 	addw	r4, r4, #2248	@ 0x8c8
10005c6a:	4544      	cmp	r4, r8
10005c6c:	d1cd      	bne.n	10005c0a <cdcd_init+0x26>
10005c6e:	b002      	add	sp, #8
10005c70:	e8bd 87f0 	ldmia.w	sp!, {r4, r5, r6, r7, r8, r9, sl, pc}
10005c74:	20001500 	.word	0x20001500
10005c78:	2001024c 	.word	0x2001024c
10005c7c:	20001510 	.word	0x20001510
10005c80:	200049c0 	.word	0x200049c0

10005c84 <cdcd_deinit>:
10005c84:	4b4b      	ldr	r3, [pc, #300]	@ (10005db4 <cdcd_deinit+0x130>)
10005c86:	6a1a      	ldr	r2, [r3, #32]
10005c88:	6b19      	ldr	r1, [r3, #48]	@ 0x30
10005c8a:	b112      	cbz	r2, 10005c92 <cdcd_deinit+0xe>
10005c8c:	2200      	movs	r2, #0
10005c8e:	e9c3 2207 	strd	r2, r2, [r3, #28]
10005c92:	b119      	cbz	r1, 10005c9c <cdcd_deinit+0x18>
10005c94:	2000      	movs	r0, #0
10005c96:	2100      	movs	r1, #0
10005c98:	e9c3 010c 	strd	r0, r1, [r3, #48]	@ 0x30
10005c9c:	f8d3 28e8 	ldr.w	r2, [r3, #2280]	@ 0x8e8
10005ca0:	f8d3 08f8 	ldr.w	r0, [r3, #2296]	@ 0x8f8
10005ca4:	b11a      	cbz	r2, 10005cae <cdcd_deinit+0x2a>
10005ca6:	2100      	movs	r1, #0
10005ca8:	4a43      	ldr	r2, [pc, #268]	@ (10005db8 <cdcd_deinit+0x134>)
10005caa:	e9c2 1101 	strd	r1, r1, [r2, #4]
10005cae:	b120      	cbz	r0, 10005cba <cdcd_deinit+0x36>
10005cb0:	2000      	movs	r0, #0
10005cb2:	2100      	movs	r1, #0
10005cb4:	4a41      	ldr	r2, [pc, #260]	@ (10005dbc <cdcd_deinit+0x138>)
10005cb6:	e942 0102 	strd	r0, r1, [r2, #-8]
10005cba:	4a41      	ldr	r2, [pc, #260]	@ (10005dc0 <cdcd_deinit+0x13c>)
10005cbc:	f8d2 11b0 	ldr.w	r1, [r2, #432]	@ 0x1b0
10005cc0:	f8d2 01c0 	ldr.w	r0, [r2, #448]	@ 0x1c0
10005cc4:	2900      	cmp	r1, #0
10005cc6:	d03f      	beq.n	10005d48 <cdcd_deinit+0xc4>
10005cc8:	2100      	movs	r1, #0
10005cca:	f241 1cb0 	movw	ip, #4528	@ 0x11b0
10005cce:	b500      	push	{lr}
10005cd0:	f8c2 11ac 	str.w	r1, [r2, #428]	@ 0x1ac
10005cd4:	f502 7ed8 	add.w	lr, r2, #432	@ 0x1b0
10005cd8:	f843 100c 	str.w	r1, [r3, ip]
10005cdc:	b120      	cbz	r0, 10005ce8 <cdcd_deinit+0x64>
10005cde:	2000      	movs	r0, #0
10005ce0:	2100      	movs	r1, #0
10005ce2:	4b38      	ldr	r3, [pc, #224]	@ (10005dc4 <cdcd_deinit+0x140>)
10005ce4:	e9c3 0100 	strd	r0, r1, [r3]
10005ce8:	f8d2 3a78 	ldr.w	r3, [r2, #2680]	@ 0xa78
10005cec:	f8d2 1a88 	ldr.w	r1, [r2, #2696]	@ 0xa88
10005cf0:	b11b      	cbz	r3, 10005cfa <cdcd_deinit+0x76>
10005cf2:	2200      	movs	r2, #0
10005cf4:	4b34      	ldr	r3, [pc, #208]	@ (10005dc8 <cdcd_deinit+0x144>)
10005cf6:	e9c3 2201 	strd	r2, r2, [r3, #4]
10005cfa:	b121      	cbz	r1, 10005d06 <cdcd_deinit+0x82>
10005cfc:	2000      	movs	r0, #0
10005cfe:	2100      	movs	r1, #0
10005d00:	4b32      	ldr	r3, [pc, #200]	@ (10005dcc <cdcd_deinit+0x148>)
10005d02:	e943 0102 	strd	r0, r1, [r3, #-8]
10005d06:	4b32      	ldr	r3, [pc, #200]	@ (10005dd0 <cdcd_deinit+0x14c>)
10005d08:	f8d3 2340 	ldr.w	r2, [r3, #832]	@ 0x340
10005d0c:	f8d3 0350 	ldr.w	r0, [r3, #848]	@ 0x350
10005d10:	b112      	cbz	r2, 10005d18 <cdcd_deinit+0x94>
10005d12:	2100      	movs	r1, #0
10005d14:	e9c3 11cf 	strd	r1, r1, [r3, #828]	@ 0x33c
10005d18:	b120      	cbz	r0, 10005d24 <cdcd_deinit+0xa0>
10005d1a:	2000      	movs	r0, #0
10005d1c:	2100      	movs	r1, #0
10005d1e:	4a2d      	ldr	r2, [pc, #180]	@ (10005dd4 <cdcd_deinit+0x150>)
10005d20:	e9c2 0100 	strd	r0, r1, [r2]
10005d24:	f8d3 2c08 	ldr.w	r2, [r3, #3080]	@ 0xc08
10005d28:	f8d3 1c18 	ldr.w	r1, [r3, #3096]	@ 0xc18
10005d2c:	b11a      	cbz	r2, 10005d36 <cdcd_deinit+0xb2>
10005d2e:	2200      	movs	r2, #0
10005d30:	4b29      	ldr	r3, [pc, #164]	@ (10005dd8 <cdcd_deinit+0x154>)
10005d32:	e9c3 2201 	strd	r2, r2, [r3, #4]
10005d36:	b121      	cbz	r1, 10005d42 <cdcd_deinit+0xbe>
10005d38:	2000      	movs	r0, #0
10005d3a:	2100      	movs	r1, #0
10005d3c:	4b27      	ldr	r3, [pc, #156]	@ (10005ddc <cdcd_deinit+0x158>)
10005d3e:	e943 0102 	strd	r0, r1, [r3, #-8]
10005d42:	2001      	movs	r0, #1
10005d44:	f85d fb04 	ldr.w	pc, [sp], #4
10005d48:	b120      	cbz	r0, 10005d54 <cdcd_deinit+0xd0>
10005d4a:	2000      	movs	r0, #0
10005d4c:	2100      	movs	r1, #0
10005d4e:	4b1d      	ldr	r3, [pc, #116]	@ (10005dc4 <cdcd_deinit+0x140>)
10005d50:	e9c3 0100 	strd	r0, r1, [r3]
10005d54:	f8d2 3a78 	ldr.w	r3, [r2, #2680]	@ 0xa78
10005d58:	f8d2 1a88 	ldr.w	r1, [r2, #2696]	@ 0xa88
10005d5c:	b11b      	cbz	r3, 10005d66 <cdcd_deinit+0xe2>
10005d5e:	2200      	movs	r2, #0
10005d60:	4b19      	ldr	r3, [pc, #100]	@ (10005dc8 <cdcd_deinit+0x144>)
10005d62:	e9c3 2201 	strd	r2, r2, [r3, #4]
10005d66:	b121      	cbz	r1, 10005d72 <cdcd_deinit+0xee>
10005d68:	2000      	movs	r0, #0
10005d6a:	2100      	movs	r1, #0
10005d6c:	4b17      	ldr	r3, [pc, #92]	@ (10005dcc <cdcd_deinit+0x148>)
10005d6e:	e943 0102 	strd	r0, r1, [r3, #-8]
10005d72:	4b17      	ldr	r3, [pc, #92]	@ (10005dd0 <cdcd_deinit+0x14c>)
10005d74:	f8d3 2340 	ldr.w	r2, [r3, #832]	@ 0x340
10005d78:	f8d3 0350 	ldr.w	r0, [r3, #848]	@ 0x350
10005d7c:	b112      	cbz	r2, 10005d84 <cdcd_deinit+0x100>
10005d7e:	2100      	movs	r1, #0
10005d80:	e9c3 11cf 	strd	r1, r1, [r3, #828]	@ 0x33c
10005d84:	b120      	cbz	r0, 10005d90 <cdcd_deinit+0x10c>
10005d86:	2000      	movs	r0, #0
10005d88:	2100      	movs	r1, #0
10005d8a:	4a12      	ldr	r2, [pc, #72]	@ (10005dd4 <cdcd_deinit+0x150>)
10005d8c:	e9c2 0100 	strd	r0, r1, [r2]
10005d90:	f8d3 2c08 	ldr.w	r2, [r3, #3080]	@ 0xc08
10005d94:	f8d3 1c18 	ldr.w	r1, [r3, #3096]	@ 0xc18
10005d98:	b11a      	cbz	r2, 10005da2 <cdcd_deinit+0x11e>
10005d9a:	2200      	movs	r2, #0
10005d9c:	4b0e      	ldr	r3, [pc, #56]	@ (10005dd8 <cdcd_deinit+0x154>)
10005d9e:	e9c3 2201 	strd	r2, r2, [r3, #4]
10005da2:	b121      	cbz	r1, 10005dae <cdcd_deinit+0x12a>
10005da4:	2000      	movs	r0, #0
10005da6:	2100      	movs	r1, #0
10005da8:	4b0c      	ldr	r3, [pc, #48]	@ (10005ddc <cdcd_deinit+0x158>)
10005daa:	e943 0102 	strd	r0, r1, [r3, #-8]
10005dae:	2001      	movs	r0, #1
10005db0:	4770      	bx	lr
10005db2:	bf00      	nop
10005db4:	20001500 	.word	0x20001500
10005db8:	20001de0 	.word	0x20001de0
10005dbc:	20001e00 	.word	0x20001e00
10005dc0:	20002500 	.word	0x20002500
10005dc4:	200026c0 	.word	0x200026c0
10005dc8:	20002f70 	.word	0x20002f70
10005dcc:	20002f90 	.word	0x20002f90
10005dd0:	20003500 	.word	0x20003500
10005dd4:	20003850 	.word	0x20003850
10005dd8:	20004100 	.word	0x20004100
10005ddc:	20004120 	.word	0x20004120

10005de0 <cdcd_reset>:
10005de0:	e92d 41f0 	stmdb	sp!, {r4, r5, r6, r7, r8, lr}
10005de4:	2600      	movs	r6, #0
10005de6:	4c16      	ldr	r4, [pc, #88]	@ (10005e40 <cdcd_reset+0x60>)
10005de8:	f8df 805c 	ldr.w	r8, [pc, #92]	@ 10005e48 <cdcd_reset+0x68>
10005dec:	4f15      	ldr	r7, [pc, #84]	@ (10005e44 <cdcd_reset+0x64>)
10005dee:	783b      	ldrb	r3, [r7, #0]
10005df0:	6026      	str	r6, [r4, #0]
10005df2:	07da      	lsls	r2, r3, #31
10005df4:	7126      	strb	r6, [r4, #4]
10005df6:	d51d      	bpl.n	10005e34 <cdcd_reset+0x54>
10005df8:	079b      	lsls	r3, r3, #30
10005dfa:	f104 0524 	add.w	r5, r4, #36	@ 0x24
10005dfe:	d509      	bpl.n	10005e14 <cdcd_reset+0x34>
10005e00:	2101      	movs	r1, #1
10005e02:	4628      	mov	r0, r5
10005e04:	f604 04c8 	addw	r4, r4, #2248	@ 0x8c8
10005e08:	f000 ff3a 	bl	10006c80 <tu_fifo_set_overwritable>
10005e0c:	45a0      	cmp	r8, r4
10005e0e:	d1ee      	bne.n	10005dee <cdcd_reset+0xe>
10005e10:	e8bd 81f0 	ldmia.w	sp!, {r4, r5, r6, r7, r8, pc}
10005e14:	4628      	mov	r0, r5
10005e16:	f000 ff17 	bl	10006c48 <tu_fifo_clear>
10005e1a:	f604 04c8 	addw	r4, r4, #2248	@ 0x8c8
10005e1e:	2101      	movs	r1, #1
10005e20:	4628      	mov	r0, r5
10005e22:	f000 ff2d 	bl	10006c80 <tu_fifo_set_overwritable>
10005e26:	4544      	cmp	r4, r8
10005e28:	d0f2      	beq.n	10005e10 <cdcd_reset+0x30>
10005e2a:	783b      	ldrb	r3, [r7, #0]
10005e2c:	6026      	str	r6, [r4, #0]
10005e2e:	07da      	lsls	r2, r3, #31
10005e30:	7126      	strb	r6, [r4, #4]
10005e32:	d4e1      	bmi.n	10005df8 <cdcd_reset+0x18>
10005e34:	f104 0010 	add.w	r0, r4, #16
10005e38:	f000 ff06 	bl	10006c48 <tu_fifo_clear>
10005e3c:	783b      	ldrb	r3, [r7, #0]
10005e3e:	e7db      	b.n	10005df8 <cdcd_reset+0x18>
10005e40:	20001500 	.word	0x20001500
10005e44:	2001024c 	.word	0x2001024c
10005e48:	200049b0 	.word	0x200049b0

10005e4c <cdcd_open>:
10005e4c:	e92d 47f0 	stmdb	sp!, {r4, r5, r6, r7, r8, r9, sl, lr}
10005e50:	794b      	ldrb	r3, [r1, #5]
10005e52:	b082      	sub	sp, #8
10005e54:	2b02      	cmp	r3, #2
10005e56:	d004      	beq.n	10005e62 <cdcd_open+0x16>
10005e58:	2600      	movs	r6, #0
10005e5a:	4630      	mov	r0, r6
10005e5c:	b002      	add	sp, #8
10005e5e:	e8bd 87f0 	ldmia.w	sp!, {r4, r5, r6, r7, r8, r9, sl, pc}
10005e62:	798b      	ldrb	r3, [r1, #6]
10005e64:	2b02      	cmp	r3, #2
10005e66:	d1f7      	bne.n	10005e58 <cdcd_open+0xc>
10005e68:	4f3f      	ldr	r7, [pc, #252]	@ (10005f68 <cdcd_open+0x11c>)
10005e6a:	4605      	mov	r5, r0
10005e6c:	78b8      	ldrb	r0, [r7, #2]
10005e6e:	b300      	cbz	r0, 10005eb2 <cdcd_open+0x66>
10005e70:	f897 08ca 	ldrb.w	r0, [r7, #2250]	@ 0x8ca
10005e74:	2800      	cmp	r0, #0
10005e76:	d05b      	beq.n	10005f30 <cdcd_open+0xe4>
10005e78:	f507 5080 	add.w	r0, r7, #4096	@ 0x1000
10005e7c:	f890 4192 	ldrb.w	r4, [r0, #402]	@ 0x192
10005e80:	2c00      	cmp	r4, #0
10005e82:	d06b      	beq.n	10005f5c <cdcd_open+0x110>
10005e84:	f890 3a5a 	ldrb.w	r3, [r0, #2650]	@ 0xa5a
10005e88:	2b00      	cmp	r3, #0
10005e8a:	d04e      	beq.n	10005f2a <cdcd_open+0xde>
10005e8c:	f507 5300 	add.w	r3, r7, #8192	@ 0x2000
10005e90:	f893 0322 	ldrb.w	r0, [r3, #802]	@ 0x322
10005e94:	2800      	cmp	r0, #0
10005e96:	d063      	beq.n	10005f60 <cdcd_open+0x114>
10005e98:	f893 3bea 	ldrb.w	r3, [r3, #3050]	@ 0xbea
10005e9c:	f04f 0a05 	mov.w	sl, #5
10005ea0:	b143      	cbz	r3, 10005eb4 <cdcd_open+0x68>
10005ea2:	f04f 23e0 	mov.w	r3, #3758153728	@ 0xe000e000
10005ea6:	f8d3 3df0 	ldr.w	r3, [r3, #3568]	@ 0xdf0
10005eaa:	07db      	lsls	r3, r3, #31
10005eac:	d5d4      	bpl.n	10005e58 <cdcd_open+0xc>
10005eae:	be00      	bkpt	0x0000
10005eb0:	e7d2      	b.n	10005e58 <cdcd_open+0xc>
10005eb2:	4682      	mov	sl, r0
10005eb4:	f640 08c8 	movw	r8, #2248	@ 0x8c8
10005eb8:	fb08 f80a 	mul.w	r8, r8, sl
10005ebc:	788b      	ldrb	r3, [r1, #2]
10005ebe:	2609      	movs	r6, #9
10005ec0:	f807 3008 	strb.w	r3, [r7, r8]
10005ec4:	780b      	ldrb	r3, [r1, #0]
10005ec6:	eb07 0908 	add.w	r9, r7, r8
10005eca:	18cc      	adds	r4, r1, r3
10005ecc:	7861      	ldrb	r1, [r4, #1]
10005ece:	2924      	cmp	r1, #36	@ 0x24
10005ed0:	d10b      	bne.n	10005eea <cdcd_open+0x9e>
10005ed2:	2a08      	cmp	r2, #8
10005ed4:	d802      	bhi.n	10005edc <cdcd_open+0x90>
10005ed6:	e024      	b.n	10005f22 <cdcd_open+0xd6>
10005ed8:	42b2      	cmp	r2, r6
10005eda:	d322      	bcc.n	10005f22 <cdcd_open+0xd6>
10005edc:	7823      	ldrb	r3, [r4, #0]
10005ede:	441c      	add	r4, r3
10005ee0:	7861      	ldrb	r1, [r4, #1]
10005ee2:	4433      	add	r3, r6
10005ee4:	2924      	cmp	r1, #36	@ 0x24
10005ee6:	b29e      	uxth	r6, r3
10005ee8:	d0f6      	beq.n	10005ed8 <cdcd_open+0x8c>
10005eea:	2905      	cmp	r1, #5
10005eec:	d023      	beq.n	10005f36 <cdcd_open+0xea>
10005eee:	2904      	cmp	r1, #4
10005ef0:	d117      	bne.n	10005f22 <cdcd_open+0xd6>
10005ef2:	7963      	ldrb	r3, [r4, #5]
10005ef4:	2b0a      	cmp	r3, #10
10005ef6:	d114      	bne.n	10005f22 <cdcd_open+0xd6>
10005ef8:	2302      	movs	r3, #2
10005efa:	4628      	mov	r0, r5
10005efc:	eb08 0203 	add.w	r2, r8, r3
10005f00:	7825      	ldrb	r5, [r4, #0]
10005f02:	f108 0803 	add.w	r8, r8, #3
10005f06:	443a      	add	r2, r7
10005f08:	4447      	add	r7, r8
10005f0a:	e9cd 7200 	strd	r7, r2, [sp]
10005f0e:	1961      	adds	r1, r4, r5
10005f10:	461a      	mov	r2, r3
10005f12:	f7ff fb81 	bl	10005618 <usbd_open_edpt_pair>
10005f16:	2800      	cmp	r0, #0
10005f18:	d0c3      	beq.n	10005ea2 <cdcd_open+0x56>
10005f1a:	360e      	adds	r6, #14
10005f1c:	fa15 f686 	uxtah	r6, r5, r6
10005f20:	b2b6      	uxth	r6, r6
10005f22:	4648      	mov	r0, r9
10005f24:	f7ff fd50 	bl	100059c8 <_prep_out_transaction.isra.0>
10005f28:	e797      	b.n	10005e5a <cdcd_open+0xe>
10005f2a:	f04f 0a03 	mov.w	sl, #3
10005f2e:	e7c1      	b.n	10005eb4 <cdcd_open+0x68>
10005f30:	f04f 0a01 	mov.w	sl, #1
10005f34:	e7be      	b.n	10005eb4 <cdcd_open+0x68>
10005f36:	4621      	mov	r1, r4
10005f38:	4628      	mov	r0, r5
10005f3a:	f7ff fbbb 	bl	100056b4 <usbd_edpt_open>
10005f3e:	2800      	cmp	r0, #0
10005f40:	d0af      	beq.n	10005ea2 <cdcd_open+0x56>
10005f42:	f640 03c8 	movw	r3, #2248	@ 0x8c8
10005f46:	fb03 7a0a 	mla	sl, r3, sl, r7
10005f4a:	78a3      	ldrb	r3, [r4, #2]
10005f4c:	f88a 3001 	strb.w	r3, [sl, #1]
10005f50:	7823      	ldrb	r3, [r4, #0]
10005f52:	441c      	add	r4, r3
10005f54:	4433      	add	r3, r6
10005f56:	7861      	ldrb	r1, [r4, #1]
10005f58:	b29e      	uxth	r6, r3
10005f5a:	e7c8      	b.n	10005eee <cdcd_open+0xa2>
10005f5c:	469a      	mov	sl, r3
10005f5e:	e7a9      	b.n	10005eb4 <cdcd_open+0x68>
10005f60:	f04f 0a04 	mov.w	sl, #4
10005f64:	e7a6      	b.n	10005eb4 <cdcd_open+0x68>
10005f66:	bf00      	nop
10005f68:	20001500 	.word	0x20001500

10005f6c <cdcd_control_xfer_cb>:
10005f6c:	b5f8      	push	{r3, r4, r5, r6, r7, lr}
10005f6e:	7813      	ldrb	r3, [r2, #0]
10005f70:	f003 0360 	and.w	r3, r3, #96	@ 0x60
10005f74:	2b20      	cmp	r3, #32
10005f76:	d11d      	bne.n	10005fb4 <cdcd_control_xfer_cb+0x48>
10005f78:	4b3c      	ldr	r3, [pc, #240]	@ (1000606c <cdcd_control_xfer_cb+0x100>)
10005f7a:	8894      	ldrh	r4, [r2, #4]
10005f7c:	f893 c000 	ldrb.w	ip, [r3]
10005f80:	45a4      	cmp	ip, r4
10005f82:	d019      	beq.n	10005fb8 <cdcd_control_xfer_cb+0x4c>
10005f84:	f893 c8c8 	ldrb.w	ip, [r3, #2248]	@ 0x8c8
10005f88:	45a4      	cmp	ip, r4
10005f8a:	d056      	beq.n	1000603a <cdcd_control_xfer_cb+0xce>
10005f8c:	f503 5c80 	add.w	ip, r3, #4096	@ 0x1000
10005f90:	f89c e190 	ldrb.w	lr, [ip, #400]	@ 0x190
10005f94:	45a6      	cmp	lr, r4
10005f96:	d054      	beq.n	10006042 <cdcd_control_xfer_cb+0xd6>
10005f98:	f89c ca58 	ldrb.w	ip, [ip, #2648]	@ 0xa58
10005f9c:	45a4      	cmp	ip, r4
10005f9e:	d053      	beq.n	10006048 <cdcd_control_xfer_cb+0xdc>
10005fa0:	f503 5300 	add.w	r3, r3, #8192	@ 0x2000
10005fa4:	f893 c320 	ldrb.w	ip, [r3, #800]	@ 0x320
10005fa8:	45a4      	cmp	ip, r4
10005faa:	d050      	beq.n	1000604e <cdcd_control_xfer_cb+0xe2>
10005fac:	f893 3be8 	ldrb.w	r3, [r3, #3048]	@ 0xbe8
10005fb0:	42a3      	cmp	r3, r4
10005fb2:	d03f      	beq.n	10006034 <cdcd_control_xfer_cb+0xc8>
10005fb4:	2000      	movs	r0, #0
10005fb6:	bdf8      	pop	{r3, r4, r5, r6, r7, pc}
10005fb8:	461c      	mov	r4, r3
10005fba:	2500      	movs	r5, #0
10005fbc:	7853      	ldrb	r3, [r2, #1]
10005fbe:	3b20      	subs	r3, #32
10005fc0:	2b03      	cmp	r3, #3
10005fc2:	d8f7      	bhi.n	10005fb4 <cdcd_control_xfer_cb+0x48>
10005fc4:	e8df f003 	tbb	[pc, r3]
10005fc8:	02082029 	.word	0x02082029
10005fcc:	2901      	cmp	r1, #1
10005fce:	d041      	beq.n	10006054 <cdcd_control_xfer_cb+0xe8>
10005fd0:	2903      	cmp	r1, #3
10005fd2:	d043      	beq.n	1000605c <cdcd_control_xfer_cb+0xf0>
10005fd4:	2001      	movs	r0, #1
10005fd6:	bdf8      	pop	{r3, r4, r5, r6, r7, pc}
10005fd8:	2901      	cmp	r1, #1
10005fda:	d03b      	beq.n	10006054 <cdcd_control_xfer_cb+0xe8>
10005fdc:	2903      	cmp	r1, #3
10005fde:	d1f9      	bne.n	10005fd4 <cdcd_control_xfer_cb+0x68>
10005fe0:	8857      	ldrh	r7, [r2, #2]
10005fe2:	f104 0024 	add.w	r0, r4, #36	@ 0x24
10005fe6:	f007 0601 	and.w	r6, r7, #1
10005fea:	f086 0101 	eor.w	r1, r6, #1
10005fee:	7127      	strb	r7, [r4, #4]
10005ff0:	f000 fe46 	bl	10006c80 <tu_fifo_set_overwritable>
10005ff4:	4b1e      	ldr	r3, [pc, #120]	@ (10006070 <cdcd_control_xfer_cb+0x104>)
10005ff6:	2b00      	cmp	r3, #0
10005ff8:	d0ec      	beq.n	10005fd4 <cdcd_control_xfer_cb+0x68>
10005ffa:	4631      	mov	r1, r6
10005ffc:	4628      	mov	r0, r5
10005ffe:	f3c7 0240 	ubfx	r2, r7, #1, #1
10006002:	f3af 8000 	nop.w
10006006:	e7e5      	b.n	10005fd4 <cdcd_control_xfer_cb+0x68>
10006008:	2901      	cmp	r1, #1
1000600a:	d1e3      	bne.n	10005fd4 <cdcd_control_xfer_cb+0x68>
1000600c:	4611      	mov	r1, r2
1000600e:	2307      	movs	r3, #7
10006010:	f104 0208 	add.w	r2, r4, #8
10006014:	f7ff fbe6 	bl	100057e4 <tud_control_xfer>
10006018:	e7dc      	b.n	10005fd4 <cdcd_control_xfer_cb+0x68>
1000601a:	2901      	cmp	r1, #1
1000601c:	d0f6      	beq.n	1000600c <cdcd_control_xfer_cb+0xa0>
1000601e:	2903      	cmp	r1, #3
10006020:	d1d8      	bne.n	10005fd4 <cdcd_control_xfer_cb+0x68>
10006022:	4b14      	ldr	r3, [pc, #80]	@ (10006074 <cdcd_control_xfer_cb+0x108>)
10006024:	2b00      	cmp	r3, #0
10006026:	d0d5      	beq.n	10005fd4 <cdcd_control_xfer_cb+0x68>
10006028:	4628      	mov	r0, r5
1000602a:	f104 0108 	add.w	r1, r4, #8
1000602e:	f3af 8000 	nop.w
10006032:	e7cf      	b.n	10005fd4 <cdcd_control_xfer_cb+0x68>
10006034:	2505      	movs	r5, #5
10006036:	4c10      	ldr	r4, [pc, #64]	@ (10006078 <cdcd_control_xfer_cb+0x10c>)
10006038:	e7c0      	b.n	10005fbc <cdcd_control_xfer_cb+0x50>
1000603a:	2501      	movs	r5, #1
1000603c:	f603 04c8 	addw	r4, r3, #2248	@ 0x8c8
10006040:	e7bc      	b.n	10005fbc <cdcd_control_xfer_cb+0x50>
10006042:	2502      	movs	r5, #2
10006044:	4c0d      	ldr	r4, [pc, #52]	@ (1000607c <cdcd_control_xfer_cb+0x110>)
10006046:	e7b9      	b.n	10005fbc <cdcd_control_xfer_cb+0x50>
10006048:	2503      	movs	r5, #3
1000604a:	4c0d      	ldr	r4, [pc, #52]	@ (10006080 <cdcd_control_xfer_cb+0x114>)
1000604c:	e7b6      	b.n	10005fbc <cdcd_control_xfer_cb+0x50>
1000604e:	2504      	movs	r5, #4
10006050:	4c0c      	ldr	r4, [pc, #48]	@ (10006084 <cdcd_control_xfer_cb+0x118>)
10006052:	e7b3      	b.n	10005fbc <cdcd_control_xfer_cb+0x50>
10006054:	4611      	mov	r1, r2
10006056:	f7ff fbab 	bl	100057b0 <tud_control_status>
1000605a:	e7bb      	b.n	10005fd4 <cdcd_control_xfer_cb+0x68>
1000605c:	4b0a      	ldr	r3, [pc, #40]	@ (10006088 <cdcd_control_xfer_cb+0x11c>)
1000605e:	2b00      	cmp	r3, #0
10006060:	d0b8      	beq.n	10005fd4 <cdcd_control_xfer_cb+0x68>
10006062:	4628      	mov	r0, r5
10006064:	8851      	ldrh	r1, [r2, #2]
10006066:	f3af 8000 	nop.w
1000606a:	e7b3      	b.n	10005fd4 <cdcd_control_xfer_cb+0x68>
1000606c:	20001500 	.word	0x20001500
	...
10006078:	200040e8 	.word	0x200040e8
1000607c:	20002690 	.word	0x20002690
10006080:	20002f58 	.word	0x20002f58
10006084:	20003820 	.word	0x20003820
10006088:	00000000 	.word	0x00000000

1000608c <cdcd_xfer_cb>:
1000608c:	e92d 4ff0 	stmdb	sp!, {r4, r5, r6, r7, r8, r9, sl, fp, lr}
10006090:	4d7d      	ldr	r5, [pc, #500]	@ (10006288 <cdcd_xfer_cb+0x1fc>)
10006092:	460c      	mov	r4, r1
10006094:	78ea      	ldrb	r2, [r5, #3]
10006096:	4607      	mov	r7, r0
10006098:	428a      	cmp	r2, r1
1000609a:	461e      	mov	r6, r3
1000609c:	b085      	sub	sp, #20
1000609e:	d045      	beq.n	1000612c <cdcd_xfer_cb+0xa0>
100060a0:	78ab      	ldrb	r3, [r5, #2]
100060a2:	428b      	cmp	r3, r1
100060a4:	f000 80bb 	beq.w	1000621e <cdcd_xfer_cb+0x192>
100060a8:	f895 38cb 	ldrb.w	r3, [r5, #2251]	@ 0x8cb
100060ac:	428b      	cmp	r3, r1
100060ae:	f000 80be 	beq.w	1000622e <cdcd_xfer_cb+0x1a2>
100060b2:	f895 38ca 	ldrb.w	r3, [r5, #2250]	@ 0x8ca
100060b6:	428b      	cmp	r3, r1
100060b8:	f000 80bd 	beq.w	10006236 <cdcd_xfer_cb+0x1aa>
100060bc:	f505 5380 	add.w	r3, r5, #4096	@ 0x1000
100060c0:	f893 2193 	ldrb.w	r2, [r3, #403]	@ 0x193
100060c4:	428a      	cmp	r2, r1
100060c6:	f000 80ba 	beq.w	1000623e <cdcd_xfer_cb+0x1b2>
100060ca:	f893 2192 	ldrb.w	r2, [r3, #402]	@ 0x192
100060ce:	428a      	cmp	r2, r1
100060d0:	f000 80b9 	beq.w	10006246 <cdcd_xfer_cb+0x1ba>
100060d4:	f893 2a5b 	ldrb.w	r2, [r3, #2651]	@ 0xa5b
100060d8:	428a      	cmp	r2, r1
100060da:	f000 80b8 	beq.w	1000624e <cdcd_xfer_cb+0x1c2>
100060de:	f893 3a5a 	ldrb.w	r3, [r3, #2650]	@ 0xa5a
100060e2:	428b      	cmp	r3, r1
100060e4:	f000 80b7 	beq.w	10006256 <cdcd_xfer_cb+0x1ca>
100060e8:	f505 5300 	add.w	r3, r5, #8192	@ 0x2000
100060ec:	f893 2323 	ldrb.w	r2, [r3, #803]	@ 0x323
100060f0:	428a      	cmp	r2, r1
100060f2:	f000 80b8 	beq.w	10006266 <cdcd_xfer_cb+0x1da>
100060f6:	f893 2322 	ldrb.w	r2, [r3, #802]	@ 0x322
100060fa:	428a      	cmp	r2, r1
100060fc:	f000 80b7 	beq.w	1000626e <cdcd_xfer_cb+0x1e2>
10006100:	f893 2beb 	ldrb.w	r2, [r3, #3051]	@ 0xbeb
10006104:	428a      	cmp	r2, r1
10006106:	f000 80b6 	beq.w	10006276 <cdcd_xfer_cb+0x1ea>
1000610a:	f893 3bea 	ldrb.w	r3, [r3, #3050]	@ 0xbea
1000610e:	428b      	cmp	r3, r1
10006110:	f000 80b5 	beq.w	1000627e <cdcd_xfer_cb+0x1f2>
10006114:	f04f 23e0 	mov.w	r3, #3758153728	@ 0xe000e000
10006118:	f8d3 3df0 	ldr.w	r3, [r3, #3568]	@ 0xdf0
1000611c:	07db      	lsls	r3, r3, #31
1000611e:	d403      	bmi.n	10006128 <cdcd_xfer_cb+0x9c>
10006120:	2000      	movs	r0, #0
10006122:	b005      	add	sp, #20
10006124:	e8bd 8ff0 	ldmia.w	sp!, {r4, r5, r6, r7, r8, r9, sl, fp, pc}
10006128:	be00      	bkpt	0x0000
1000612a:	e7f9      	b.n	10006120 <cdcd_xfer_cb+0x94>
1000612c:	f04f 0b00 	mov.w	fp, #0
10006130:	46da      	mov	sl, fp
10006132:	f640 09c8 	movw	r9, #2248	@ 0x8c8
10006136:	fb09 f90a 	mul.w	r9, r9, sl
1000613a:	f109 0310 	add.w	r3, r9, #16
1000613e:	18eb      	adds	r3, r5, r3
10006140:	f609 0148 	addw	r1, r9, #2120	@ 0x848
10006144:	4618      	mov	r0, r3
10006146:	b2b2      	uxth	r2, r6
10006148:	4429      	add	r1, r5
1000614a:	9301      	str	r3, [sp, #4]
1000614c:	f000 fcd0 	bl	10006af0 <tu_fifo_write_n>
10006150:	4b4e      	ldr	r3, [pc, #312]	@ (1000628c <cdcd_xfer_cb+0x200>)
10006152:	b33b      	cbz	r3, 100061a4 <cdcd_xfer_cb+0x118>
10006154:	eb05 0209 	add.w	r2, r5, r9
10006158:	7951      	ldrb	r1, [r2, #5]
1000615a:	29ff      	cmp	r1, #255	@ 0xff
1000615c:	d022      	beq.n	100061a4 <cdcd_xfer_cb+0x118>
1000615e:	b30e      	cbz	r6, 100061a4 <cdcd_xfer_cb+0x118>
10006160:	4b4b      	ldr	r3, [pc, #300]	@ (10006290 <cdcd_xfer_cb+0x204>)
10006162:	f609 0847 	addw	r8, r9, #2119	@ 0x847
10006166:	4433      	add	r3, r6
10006168:	444b      	add	r3, r9
1000616a:	9402      	str	r4, [sp, #8]
1000616c:	9603      	str	r6, [sp, #12]
1000616e:	461c      	mov	r4, r3
10006170:	4616      	mov	r6, r2
10006172:	44a8      	add	r8, r5
10006174:	e002      	b.n	1000617c <cdcd_xfer_cb+0xf0>
10006176:	45a0      	cmp	r8, r4
10006178:	d012      	beq.n	100061a0 <cdcd_xfer_cb+0x114>
1000617a:	7971      	ldrb	r1, [r6, #5]
1000617c:	f818 0f01 	ldrb.w	r0, [r8, #1]!
10006180:	4288      	cmp	r0, r1
10006182:	d1f8      	bne.n	10006176 <cdcd_xfer_cb+0xea>
10006184:	9801      	ldr	r0, [sp, #4]
10006186:	f000 fb91 	bl	100068ac <tu_fifo_empty>
1000618a:	2800      	cmp	r0, #0
1000618c:	d1f3      	bne.n	10006176 <cdcd_xfer_cb+0xea>
1000618e:	f640 01c8 	movw	r1, #2248	@ 0x8c8
10006192:	fb01 510a 	mla	r1, r1, sl, r5
10006196:	4658      	mov	r0, fp
10006198:	7949      	ldrb	r1, [r1, #5]
1000619a:	f3af 8000 	nop.w
1000619e:	e7ea      	b.n	10006176 <cdcd_xfer_cb+0xea>
100061a0:	e9dd 4602 	ldrd	r4, r6, [sp, #8]
100061a4:	4b3b      	ldr	r3, [pc, #236]	@ (10006294 <cdcd_xfer_cb+0x208>)
100061a6:	b123      	cbz	r3, 100061b2 <cdcd_xfer_cb+0x126>
100061a8:	9801      	ldr	r0, [sp, #4]
100061aa:	f000 fb7f 	bl	100068ac <tu_fifo_empty>
100061ae:	2800      	cmp	r0, #0
100061b0:	d055      	beq.n	1000625e <cdcd_xfer_cb+0x1d2>
100061b2:	eb05 0009 	add.w	r0, r5, r9
100061b6:	f7ff fc07 	bl	100059c8 <_prep_out_transaction.isra.0>
100061ba:	f640 03c8 	movw	r3, #2248	@ 0x8c8
100061be:	fb03 530a 	mla	r3, r3, sl, r5
100061c2:	789b      	ldrb	r3, [r3, #2]
100061c4:	42a3      	cmp	r3, r4
100061c6:	d003      	beq.n	100061d0 <cdcd_xfer_cb+0x144>
100061c8:	2001      	movs	r0, #1
100061ca:	b005      	add	sp, #20
100061cc:	e8bd 8ff0 	ldmia.w	sp!, {r4, r5, r6, r7, r8, r9, sl, fp, pc}
100061d0:	4b31      	ldr	r3, [pc, #196]	@ (10006298 <cdcd_xfer_cb+0x20c>)
100061d2:	b113      	cbz	r3, 100061da <cdcd_xfer_cb+0x14e>
100061d4:	4658      	mov	r0, fp
100061d6:	f3af 8000 	nop.w
100061da:	4658      	mov	r0, fp
100061dc:	f7ff fc9c 	bl	10005b18 <tud_cdc_n_write_flush>
100061e0:	2800      	cmp	r0, #0
100061e2:	d1f1      	bne.n	100061c8 <cdcd_xfer_cb+0x13c>
100061e4:	f109 0024 	add.w	r0, r9, #36	@ 0x24
100061e8:	4428      	add	r0, r5
100061ea:	f000 fb4f 	bl	1000688c <tu_fifo_count>
100061ee:	2800      	cmp	r0, #0
100061f0:	d1ea      	bne.n	100061c8 <cdcd_xfer_cb+0x13c>
100061f2:	2e00      	cmp	r6, #0
100061f4:	d0e8      	beq.n	100061c8 <cdcd_xfer_cb+0x13c>
100061f6:	f016 063f 	ands.w	r6, r6, #63	@ 0x3f
100061fa:	d1e5      	bne.n	100061c8 <cdcd_xfer_cb+0x13c>
100061fc:	f640 04c8 	movw	r4, #2248	@ 0x8c8
10006200:	fb04 540a 	mla	r4, r4, sl, r5
10006204:	4638      	mov	r0, r7
10006206:	78a1      	ldrb	r1, [r4, #2]
10006208:	f7ff fa76 	bl	100056f8 <usbd_edpt_claim>
1000620c:	2800      	cmp	r0, #0
1000620e:	d0db      	beq.n	100061c8 <cdcd_xfer_cb+0x13c>
10006210:	4633      	mov	r3, r6
10006212:	4632      	mov	r2, r6
10006214:	4638      	mov	r0, r7
10006216:	78a1      	ldrb	r1, [r4, #2]
10006218:	f7ff fa92 	bl	10005740 <usbd_edpt_xfer>
1000621c:	e7d4      	b.n	100061c8 <cdcd_xfer_cb+0x13c>
1000621e:	f04f 0b00 	mov.w	fp, #0
10006222:	46da      	mov	sl, fp
10006224:	f640 09c8 	movw	r9, #2248	@ 0x8c8
10006228:	fb09 f90a 	mul.w	r9, r9, sl
1000622c:	e7c5      	b.n	100061ba <cdcd_xfer_cb+0x12e>
1000622e:	f04f 0b01 	mov.w	fp, #1
10006232:	46da      	mov	sl, fp
10006234:	e77d      	b.n	10006132 <cdcd_xfer_cb+0xa6>
10006236:	f04f 0b01 	mov.w	fp, #1
1000623a:	46da      	mov	sl, fp
1000623c:	e7f2      	b.n	10006224 <cdcd_xfer_cb+0x198>
1000623e:	f04f 0b02 	mov.w	fp, #2
10006242:	46da      	mov	sl, fp
10006244:	e775      	b.n	10006132 <cdcd_xfer_cb+0xa6>
10006246:	f04f 0b02 	mov.w	fp, #2
1000624a:	46da      	mov	sl, fp
1000624c:	e7ea      	b.n	10006224 <cdcd_xfer_cb+0x198>
1000624e:	f04f 0b03 	mov.w	fp, #3
10006252:	46da      	mov	sl, fp
10006254:	e76d      	b.n	10006132 <cdcd_xfer_cb+0xa6>
10006256:	f04f 0b03 	mov.w	fp, #3
1000625a:	46da      	mov	sl, fp
1000625c:	e7e2      	b.n	10006224 <cdcd_xfer_cb+0x198>
1000625e:	4658      	mov	r0, fp
10006260:	f3af 8000 	nop.w
10006264:	e7a5      	b.n	100061b2 <cdcd_xfer_cb+0x126>
10006266:	f04f 0b04 	mov.w	fp, #4
1000626a:	46da      	mov	sl, fp
1000626c:	e761      	b.n	10006132 <cdcd_xfer_cb+0xa6>
1000626e:	f04f 0b04 	mov.w	fp, #4
10006272:	46da      	mov	sl, fp
10006274:	e7d6      	b.n	10006224 <cdcd_xfer_cb+0x198>
10006276:	f04f 0b05 	mov.w	fp, #5
1000627a:	46da      	mov	sl, fp
1000627c:	e759      	b.n	10006132 <cdcd_xfer_cb+0xa6>
1000627e:	f04f 0b05 	mov.w	fp, #5
10006282:	46da      	mov	sl, fp
10006284:	e7ce      	b.n	10006224 <cdcd_xfer_cb+0x198>
10006286:	bf00      	nop
10006288:	20001500 	.word	0x20001500
1000628c:	00000000 	.word	0x00000000
10006290:	20001d47 	.word	0x20001d47
	...

1000629c <vendord_init>:
1000629c:	b570      	push	{r4, r5, r6, lr}
1000629e:	4c15      	ldr	r4, [pc, #84]	@ (100062f4 <vendord_init+0x58>)
100062a0:	b084      	sub	sp, #16
100062a2:	f240 428c 	movw	r2, #1164	@ 0x48c
100062a6:	2100      	movs	r1, #0
100062a8:	4620      	mov	r0, r4
100062aa:	f000 feb5 	bl	10007018 <memset>
100062ae:	2620      	movs	r6, #32
100062b0:	2300      	movs	r3, #0
100062b2:	f44f 7500 	mov.w	r5, #512	@ 0x200
100062b6:	1d22      	adds	r2, r4, #4
100062b8:	9202      	str	r2, [sp, #8]
100062ba:	f504 7223 	add.w	r2, r4, #652	@ 0x28c
100062be:	4619      	mov	r1, r3
100062c0:	e9cd 2500 	strd	r2, r5, [sp]
100062c4:	9603      	str	r6, [sp, #12]
100062c6:	461a      	mov	r2, r3
100062c8:	f504 701a 	add.w	r0, r4, #616	@ 0x268
100062cc:	f000 f9ac 	bl	10006628 <tu_edpt_stream_init>
100062d0:	2300      	movs	r3, #0
100062d2:	f104 0124 	add.w	r1, r4, #36	@ 0x24
100062d6:	f104 0068 	add.w	r0, r4, #104	@ 0x68
100062da:	e9cd 1602 	strd	r1, r6, [sp, #8]
100062de:	9000      	str	r0, [sp, #0]
100062e0:	2201      	movs	r2, #1
100062e2:	4619      	mov	r1, r3
100062e4:	9501      	str	r5, [sp, #4]
100062e6:	f104 0044 	add.w	r0, r4, #68	@ 0x44
100062ea:	f000 f99d 	bl	10006628 <tu_edpt_stream_init>
100062ee:	b004      	add	sp, #16
100062f0:	bd70      	pop	{r4, r5, r6, pc}
100062f2:	bf00      	nop
100062f4:	200103f4 	.word	0x200103f4

100062f8 <vendord_deinit>:
100062f8:	b510      	push	{r4, lr}
100062fa:	4c05      	ldr	r4, [pc, #20]	@ (10006310 <vendord_deinit+0x18>)
100062fc:	4620      	mov	r0, r4
100062fe:	f000 f9bf 	bl	10006680 <tu_edpt_stream_deinit>
10006302:	f5a4 7009 	sub.w	r0, r4, #548	@ 0x224
10006306:	f000 f9bb 	bl	10006680 <tu_edpt_stream_deinit>
1000630a:	2001      	movs	r0, #1
1000630c:	bd10      	pop	{r4, pc}
1000630e:	bf00      	nop
10006310:	2001065c 	.word	0x2001065c

10006314 <vendord_reset>:
10006314:	2300      	movs	r3, #0
10006316:	b510      	push	{r4, lr}
10006318:	4c05      	ldr	r4, [pc, #20]	@ (10006330 <vendord_reset+0x1c>)
1000631a:	f504 701c 	add.w	r0, r4, #624	@ 0x270
1000631e:	7023      	strb	r3, [r4, #0]
10006320:	f000 fc92 	bl	10006c48 <tu_fifo_clear>
10006324:	f104 004c 	add.w	r0, r4, #76	@ 0x4c
10006328:	e8bd 4010 	ldmia.w	sp!, {r4, lr}
1000632c:	f000 bc8c 	b.w	10006c48 <tu_fifo_clear>
10006330:	200103f4 	.word	0x200103f4

10006334 <vendord_open>:
10006334:	e92d 4ff8 	stmdb	sp!, {r3, r4, r5, r6, r7, r8, r9, sl, fp, lr}
10006338:	794b      	ldrb	r3, [r1, #5]
1000633a:	2bff      	cmp	r3, #255	@ 0xff
1000633c:	d002      	beq.n	10006344 <vendord_open+0x10>
1000633e:	2000      	movs	r0, #0
10006340:	e8bd 8ff8 	ldmia.w	sp!, {r3, r4, r5, r6, r7, r8, r9, sl, fp, pc}
10006344:	4d3a      	ldr	r5, [pc, #232]	@ (10006430 <vendord_open+0xfc>)
10006346:	460e      	mov	r6, r1
10006348:	f895 3269 	ldrb.w	r3, [r5, #617]	@ 0x269
1000634c:	780c      	ldrb	r4, [r1, #0]
1000634e:	2b00      	cmp	r3, #0
10006350:	d1f5      	bne.n	1000633e <vendord_open+0xa>
10006352:	f895 7045 	ldrb.w	r7, [r5, #69]	@ 0x45
10006356:	2f00      	cmp	r7, #0
10006358:	d1f1      	bne.n	1000633e <vendord_open+0xa>
1000635a:	788b      	ldrb	r3, [r1, #2]
1000635c:	440c      	add	r4, r1
1000635e:	702b      	strb	r3, [r5, #0]
10006360:	790b      	ldrb	r3, [r1, #4]
10006362:	2b00      	cmp	r3, #0
10006364:	d03e      	beq.n	100063e4 <vendord_open+0xb0>
10006366:	4680      	mov	r8, r0
10006368:	eb04 0b02 	add.w	fp, r4, r2
1000636c:	f505 7a1c 	add.w	sl, r5, #624	@ 0x270
10006370:	f505 791a 	add.w	r9, r5, #616	@ 0x268
10006374:	7863      	ldrb	r3, [r4, #1]
10006376:	2b05      	cmp	r3, #5
10006378:	d009      	beq.n	1000638e <vendord_open+0x5a>
1000637a:	45a3      	cmp	fp, r4
1000637c:	d802      	bhi.n	10006384 <vendord_open+0x50>
1000637e:	e031      	b.n	100063e4 <vendord_open+0xb0>
10006380:	455c      	cmp	r4, fp
10006382:	d22f      	bcs.n	100063e4 <vendord_open+0xb0>
10006384:	7823      	ldrb	r3, [r4, #0]
10006386:	441c      	add	r4, r3
10006388:	7863      	ldrb	r3, [r4, #1]
1000638a:	2b05      	cmp	r3, #5
1000638c:	d1f8      	bne.n	10006380 <vendord_open+0x4c>
1000638e:	45a3      	cmp	fp, r4
10006390:	d928      	bls.n	100063e4 <vendord_open+0xb0>
10006392:	4621      	mov	r1, r4
10006394:	4640      	mov	r0, r8
10006396:	f7ff f98d 	bl	100056b4 <usbd_edpt_open>
1000639a:	2800      	cmp	r0, #0
1000639c:	d03f      	beq.n	1000641e <vendord_open+0xea>
1000639e:	78a3      	ldrb	r3, [r4, #2]
100063a0:	09db      	lsrs	r3, r3, #7
100063a2:	d123      	bne.n	100063ec <vendord_open+0xb8>
100063a4:	4650      	mov	r0, sl
100063a6:	f000 fc4f 	bl	10006c48 <tu_fifo_clear>
100063aa:	78a3      	ldrb	r3, [r4, #2]
100063ac:	f895 1268 	ldrb.w	r1, [r5, #616]	@ 0x268
100063b0:	f885 3269 	strb.w	r3, [r5, #617]	@ 0x269
100063b4:	88a3      	ldrh	r3, [r4, #4]
100063b6:	4640      	mov	r0, r8
100063b8:	f3c3 030a 	ubfx	r3, r3, #0, #11
100063bc:	f5a3 7300 	sub.w	r3, r3, #512	@ 0x200
100063c0:	fab3 f383 	clz	r3, r3
100063c4:	095b      	lsrs	r3, r3, #5
100063c6:	f363 0141 	bfi	r1, r3, #1, #1
100063ca:	f885 1268 	strb.w	r1, [r5, #616]	@ 0x268
100063ce:	4649      	mov	r1, r9
100063d0:	f000 f9c4 	bl	1000675c <tu_edpt_stream_read_xfer>
100063d4:	b318      	cbz	r0, 1000641e <vendord_open+0xea>
100063d6:	7823      	ldrb	r3, [r4, #0]
100063d8:	7931      	ldrb	r1, [r6, #4]
100063da:	3701      	adds	r7, #1
100063dc:	441c      	add	r4, r3
100063de:	b2fb      	uxtb	r3, r7
100063e0:	4299      	cmp	r1, r3
100063e2:	d8c7      	bhi.n	10006374 <vendord_open+0x40>
100063e4:	1ba1      	subs	r1, r4, r6
100063e6:	b288      	uxth	r0, r1
100063e8:	e8bd 8ff8 	ldmia.w	sp!, {r3, r4, r5, r6, r7, r8, r9, sl, fp, pc}
100063ec:	4811      	ldr	r0, [pc, #68]	@ (10006434 <vendord_open+0x100>)
100063ee:	f000 fc2b 	bl	10006c48 <tu_fifo_clear>
100063f2:	78a3      	ldrb	r3, [r4, #2]
100063f4:	f895 c044 	ldrb.w	ip, [r5, #68]	@ 0x44
100063f8:	f885 3045 	strb.w	r3, [r5, #69]	@ 0x45
100063fc:	88a3      	ldrh	r3, [r4, #4]
100063fe:	490e      	ldr	r1, [pc, #56]	@ (10006438 <vendord_open+0x104>)
10006400:	f3c3 030a 	ubfx	r3, r3, #0, #11
10006404:	f5a3 7300 	sub.w	r3, r3, #512	@ 0x200
10006408:	fab3 f383 	clz	r3, r3
1000640c:	095b      	lsrs	r3, r3, #5
1000640e:	f363 0c41 	bfi	ip, r3, #1, #1
10006412:	2000      	movs	r0, #0
10006414:	f885 c044 	strb.w	ip, [r5, #68]	@ 0x44
10006418:	f000 f968 	bl	100066ec <tu_edpt_stream_write_xfer>
1000641c:	e7db      	b.n	100063d6 <vendord_open+0xa2>
1000641e:	f04f 23e0 	mov.w	r3, #3758153728	@ 0xe000e000
10006422:	f8d3 3df0 	ldr.w	r3, [r3, #3568]	@ 0xdf0
10006426:	07db      	lsls	r3, r3, #31
10006428:	d589      	bpl.n	1000633e <vendord_open+0xa>
1000642a:	be00      	bkpt	0x0000
1000642c:	e787      	b.n	1000633e <vendord_open+0xa>
1000642e:	bf00      	nop
10006430:	200103f4 	.word	0x200103f4
10006434:	20010440 	.word	0x20010440
10006438:	20010438 	.word	0x20010438

1000643c <vendord_xfer_cb>:
1000643c:	b570      	push	{r4, r5, r6, lr}
1000643e:	4c1b      	ldr	r4, [pc, #108]	@ (100064ac <vendord_xfer_cb+0x70>)
10006440:	4606      	mov	r6, r0
10006442:	f894 c269 	ldrb.w	ip, [r4, #617]	@ 0x269
10006446:	461d      	mov	r5, r3
10006448:	458c      	cmp	ip, r1
1000644a:	d012      	beq.n	10006472 <vendord_xfer_cb+0x36>
1000644c:	f894 3045 	ldrb.w	r3, [r4, #69]	@ 0x45
10006450:	428b      	cmp	r3, r1
10006452:	d10c      	bne.n	1000646e <vendord_xfer_cb+0x32>
10006454:	4b16      	ldr	r3, [pc, #88]	@ (100064b0 <vendord_xfer_cb+0x74>)
10006456:	b11b      	cbz	r3, 10006460 <vendord_xfer_cb+0x24>
10006458:	2000      	movs	r0, #0
1000645a:	b2a9      	uxth	r1, r5
1000645c:	f3af 8000 	nop.w
10006460:	4630      	mov	r0, r6
10006462:	4914      	ldr	r1, [pc, #80]	@ (100064b4 <vendord_xfer_cb+0x78>)
10006464:	f000 f942 	bl	100066ec <tu_edpt_stream_write_xfer>
10006468:	b1d0      	cbz	r0, 100064a0 <vendord_xfer_cb+0x64>
1000646a:	2001      	movs	r0, #1
1000646c:	bd70      	pop	{r4, r5, r6, pc}
1000646e:	2000      	movs	r0, #0
10006470:	bd70      	pop	{r4, r5, r6, pc}
10006472:	f8b4 3274 	ldrh.w	r3, [r4, #628]	@ 0x274
10006476:	b95b      	cbnz	r3, 10006490 <vendord_xfer_cb+0x54>
10006478:	4b0f      	ldr	r3, [pc, #60]	@ (100064b8 <vendord_xfer_cb+0x7c>)
1000647a:	b123      	cbz	r3, 10006486 <vendord_xfer_cb+0x4a>
1000647c:	2000      	movs	r0, #0
1000647e:	490f      	ldr	r1, [pc, #60]	@ (100064bc <vendord_xfer_cb+0x80>)
10006480:	b2aa      	uxth	r2, r5
10006482:	f3af 8000 	nop.w
10006486:	4630      	mov	r0, r6
10006488:	490d      	ldr	r1, [pc, #52]	@ (100064c0 <vendord_xfer_cb+0x84>)
1000648a:	f000 f967 	bl	1000675c <tu_edpt_stream_read_xfer>
1000648e:	e7ec      	b.n	1000646a <vendord_xfer_cb+0x2e>
10006490:	f8d4 126c 	ldr.w	r1, [r4, #620]	@ 0x26c
10006494:	b2aa      	uxth	r2, r5
10006496:	f504 701c 	add.w	r0, r4, #624	@ 0x270
1000649a:	f000 fb29 	bl	10006af0 <tu_fifo_write_n>
1000649e:	e7eb      	b.n	10006478 <vendord_xfer_cb+0x3c>
100064a0:	462a      	mov	r2, r5
100064a2:	4630      	mov	r0, r6
100064a4:	4903      	ldr	r1, [pc, #12]	@ (100064b4 <vendord_xfer_cb+0x78>)
100064a6:	f000 f8ed 	bl	10006684 <tu_edpt_stream_write_zlp_if_needed>
100064aa:	e7de      	b.n	1000646a <vendord_xfer_cb+0x2e>
100064ac:	200103f4 	.word	0x200103f4
100064b0:	00000000 	.word	0x00000000
100064b4:	20010438 	.word	0x20010438
100064b8:	00000000 	.word	0x00000000
100064bc:	200103f8 	.word	0x200103f8
100064c0:	2001065c 	.word	0x2001065c

100064c4 <tusb_init>:
100064c4:	b508      	push	{r3, lr}
100064c6:	2000      	movs	r0, #0
100064c8:	f7fe fc70 	bl	10004dac <tud_init>
100064cc:	b100      	cbz	r0, 100064d0 <tusb_init+0xc>
100064ce:	bd08      	pop	{r3, pc}
100064d0:	f04f 23e0 	mov.w	r3, #3758153728	@ 0xe000e000
100064d4:	f8d3 3df0 	ldr.w	r3, [r3, #3568]	@ 0xdf0
100064d8:	07db      	lsls	r3, r3, #31
100064da:	d5f8      	bpl.n	100064ce <tusb_init+0xa>
100064dc:	be00      	bkpt	0x0000
100064de:	bd08      	pop	{r3, pc}

100064e0 <tu_edpt_claim>:
100064e0:	b5f8      	push	{r3, r4, r5, r6, r7, lr}
100064e2:	7803      	ldrb	r3, [r0, #0]
100064e4:	f013 0401 	ands.w	r4, r3, #1
100064e8:	d11a      	bne.n	10006520 <tu_edpt_claim+0x40>
100064ea:	7803      	ldrb	r3, [r0, #0]
100064ec:	4605      	mov	r5, r0
100064ee:	075a      	lsls	r2, r3, #29
100064f0:	f3c3 0780 	ubfx	r7, r3, #2, #1
100064f4:	d501      	bpl.n	100064fa <tu_edpt_claim+0x1a>
100064f6:	4620      	mov	r0, r4
100064f8:	bdf8      	pop	{r3, r4, r5, r6, r7, pc}
100064fa:	460e      	mov	r6, r1
100064fc:	f04f 31ff 	mov.w	r1, #4294967295	@ 0xffffffff
10006500:	4630      	mov	r0, r6
10006502:	f000 fee5 	bl	100072d0 <__mutex_enter_timeout_ms_veneer>
10006506:	782b      	ldrb	r3, [r5, #0]
10006508:	f013 0401 	ands.w	r4, r3, #1
1000650c:	d10b      	bne.n	10006526 <tu_edpt_claim+0x46>
1000650e:	782b      	ldrb	r3, [r5, #0]
10006510:	075b      	lsls	r3, r3, #29
10006512:	d409      	bmi.n	10006528 <tu_edpt_claim+0x48>
10006514:	782b      	ldrb	r3, [r5, #0]
10006516:	2401      	movs	r4, #1
10006518:	f043 0304 	orr.w	r3, r3, #4
1000651c:	702b      	strb	r3, [r5, #0]
1000651e:	e003      	b.n	10006528 <tu_edpt_claim+0x48>
10006520:	2400      	movs	r4, #0
10006522:	4620      	mov	r0, r4
10006524:	bdf8      	pop	{r3, r4, r5, r6, r7, pc}
10006526:	463c      	mov	r4, r7
10006528:	4630      	mov	r0, r6
1000652a:	f000 fedd 	bl	100072e8 <__mutex_exit_veneer>
1000652e:	4620      	mov	r0, r4
10006530:	bdf8      	pop	{r3, r4, r5, r6, r7, pc}
10006532:	bf00      	nop

10006534 <tu_edpt_release>:
10006534:	b570      	push	{r4, r5, r6, lr}
10006536:	460c      	mov	r4, r1
10006538:	4605      	mov	r5, r0
1000653a:	f04f 31ff 	mov.w	r1, #4294967295	@ 0xffffffff
1000653e:	4620      	mov	r0, r4
10006540:	f000 fec6 	bl	100072d0 <__mutex_enter_timeout_ms_veneer>
10006544:	782b      	ldrb	r3, [r5, #0]
10006546:	f3c3 0680 	ubfx	r6, r3, #2, #1
1000654a:	075b      	lsls	r3, r3, #29
1000654c:	d508      	bpl.n	10006560 <tu_edpt_release+0x2c>
1000654e:	782b      	ldrb	r3, [r5, #0]
10006550:	f013 0301 	ands.w	r3, r3, #1
10006554:	bf11      	iteee	ne
10006556:	2600      	movne	r6, #0
10006558:	782a      	ldrbeq	r2, [r5, #0]
1000655a:	f363 0282 	bfieq	r2, r3, #2, #1
1000655e:	702a      	strbeq	r2, [r5, #0]
10006560:	4620      	mov	r0, r4
10006562:	f000 fec1 	bl	100072e8 <__mutex_exit_veneer>
10006566:	4630      	mov	r0, r6
10006568:	bd70      	pop	{r4, r5, r6, pc}
1000656a:	bf00      	nop

1000656c <tu_edpt_validate>:
1000656c:	78c3      	ldrb	r3, [r0, #3]
1000656e:	8882      	ldrh	r2, [r0, #4]
10006570:	f003 0003 	and.w	r0, r3, #3
10006574:	2802      	cmp	r0, #2
10006576:	f3c2 020a 	ubfx	r2, r2, #0, #11
1000657a:	d01f      	beq.n	100065bc <tu_edpt_validate+0x50>
1000657c:	2803      	cmp	r0, #3
1000657e:	d003      	beq.n	10006588 <tu_edpt_validate+0x1c>
10006580:	2801      	cmp	r0, #1
10006582:	d00a      	beq.n	1000659a <tu_edpt_validate+0x2e>
10006584:	2000      	movs	r0, #0
10006586:	4770      	bx	lr
10006588:	2902      	cmp	r1, #2
1000658a:	bf14      	ite	ne
1000658c:	2340      	movne	r3, #64	@ 0x40
1000658e:	f44f 6380 	moveq.w	r3, #1024	@ 0x400
10006592:	4293      	cmp	r3, r2
10006594:	d309      	bcc.n	100065aa <tu_edpt_validate+0x3e>
10006596:	2001      	movs	r0, #1
10006598:	4770      	bx	lr
1000659a:	2902      	cmp	r1, #2
1000659c:	f240 33ff 	movw	r3, #1023	@ 0x3ff
100065a0:	bf08      	it	eq
100065a2:	f44f 6380 	moveq.w	r3, #1024	@ 0x400
100065a6:	4293      	cmp	r3, r2
100065a8:	d2f6      	bcs.n	10006598 <tu_edpt_validate+0x2c>
100065aa:	f04f 23e0 	mov.w	r3, #3758153728	@ 0xe000e000
100065ae:	f8d3 3df0 	ldr.w	r3, [r3, #3568]	@ 0xdf0
100065b2:	07db      	lsls	r3, r3, #31
100065b4:	d5e6      	bpl.n	10006584 <tu_edpt_validate+0x18>
100065b6:	be00      	bkpt	0x0000
100065b8:	2000      	movs	r0, #0
100065ba:	4770      	bx	lr
100065bc:	2902      	cmp	r1, #2
100065be:	d002      	beq.n	100065c6 <tu_edpt_validate+0x5a>
100065c0:	2a40      	cmp	r2, #64	@ 0x40
100065c2:	d9e8      	bls.n	10006596 <tu_edpt_validate+0x2a>
100065c4:	e7f1      	b.n	100065aa <tu_edpt_validate+0x3e>
100065c6:	f5b2 7f00 	cmp.w	r2, #512	@ 0x200
100065ca:	d0e4      	beq.n	10006596 <tu_edpt_validate+0x2a>
100065cc:	e7ed      	b.n	100065aa <tu_edpt_validate+0x3e>
100065ce:	bf00      	nop

100065d0 <tu_edpt_bind_driver>:
100065d0:	440a      	add	r2, r1
100065d2:	4291      	cmp	r1, r2
100065d4:	d226      	bcs.n	10006624 <tu_edpt_bind_driver+0x54>
100065d6:	f891 c001 	ldrb.w	ip, [r1, #1]
100065da:	f1bc 0f05 	cmp.w	ip, #5
100065de:	d005      	beq.n	100065ec <tu_edpt_bind_driver+0x1c>
100065e0:	f891 c000 	ldrb.w	ip, [r1]
100065e4:	4461      	add	r1, ip
100065e6:	428a      	cmp	r2, r1
100065e8:	d8f5      	bhi.n	100065d6 <tu_edpt_bind_driver+0x6>
100065ea:	4770      	bx	lr
100065ec:	b500      	push	{lr}
100065ee:	f891 c002 	ldrb.w	ip, [r1, #2]
100065f2:	f00c 0e7f 	and.w	lr, ip, #127	@ 0x7f
100065f6:	eb00 0e4e 	add.w	lr, r0, lr, lsl #1
100065fa:	ea4f 1cdc 	mov.w	ip, ip, lsr #7
100065fe:	f80e 300c 	strb.w	r3, [lr, ip]
10006602:	f891 c000 	ldrb.w	ip, [r1]
10006606:	4461      	add	r1, ip
10006608:	428a      	cmp	r2, r1
1000660a:	d909      	bls.n	10006620 <tu_edpt_bind_driver+0x50>
1000660c:	f891 c001 	ldrb.w	ip, [r1, #1]
10006610:	f1bc 0f05 	cmp.w	ip, #5
10006614:	d0eb      	beq.n	100065ee <tu_edpt_bind_driver+0x1e>
10006616:	f891 c000 	ldrb.w	ip, [r1]
1000661a:	4461      	add	r1, ip
1000661c:	428a      	cmp	r2, r1
1000661e:	d8f5      	bhi.n	1000660c <tu_edpt_bind_driver+0x3c>
10006620:	f85d fb04 	ldr.w	pc, [sp], #4
10006624:	4770      	bx	lr
10006626:	bf00      	nop

10006628 <tu_edpt_stream_init>:
10006628:	e92d 41f0 	stmdb	sp!, {r4, r5, r6, r7, r8, lr}
1000662c:	468e      	mov	lr, r1
1000662e:	b082      	sub	sp, #8
10006630:	9300      	str	r3, [sp, #0]
10006632:	f890 c000 	ldrb.w	ip, [r0]
10006636:	9e08      	ldr	r6, [sp, #32]
10006638:	f8bd 7024 	ldrh.w	r7, [sp, #36]	@ 0x24
1000663c:	f36e 0c00 	bfi	ip, lr, #0, #1
10006640:	4604      	mov	r4, r0
10006642:	4615      	mov	r5, r2
10006644:	2301      	movs	r3, #1
10006646:	4631      	mov	r1, r6
10006648:	463a      	mov	r2, r7
1000664a:	f800 cb08 	strb.w	ip, [r0], #8
1000664e:	f8bd 802c 	ldrh.w	r8, [sp, #44]	@ 0x2c
10006652:	f000 f8eb 	bl	1000682c <tu_fifo_config>
10006656:	b106      	cbz	r6, 1000665a <tu_edpt_stream_init+0x32>
10006658:	b93f      	cbnz	r7, 1000666a <tu_edpt_stream_init+0x42>
1000665a:	2001      	movs	r0, #1
1000665c:	9b0a      	ldr	r3, [sp, #40]	@ 0x28
1000665e:	f8a4 8002 	strh.w	r8, [r4, #2]
10006662:	6063      	str	r3, [r4, #4]
10006664:	b002      	add	sp, #8
10006666:	e8bd 81f0 	ldmia.w	sp!, {r4, r5, r6, r7, r8, pc}
1000666a:	f104 061c 	add.w	r6, r4, #28
1000666e:	4630      	mov	r0, r6
10006670:	f7fa ff76 	bl	10001560 <mutex_init>
10006674:	b10d      	cbz	r5, 1000667a <tu_edpt_stream_init+0x52>
10006676:	4635      	mov	r5, r6
10006678:	2600      	movs	r6, #0
1000667a:	e9c4 5605 	strd	r5, r6, [r4, #20]
1000667e:	e7ec      	b.n	1000665a <tu_edpt_stream_init+0x32>

10006680 <tu_edpt_stream_deinit>:
10006680:	2001      	movs	r0, #1
10006682:	4770      	bx	lr

10006684 <tu_edpt_stream_write_zlp_if_needed>:
10006684:	b5f8      	push	{r3, r4, r5, r6, r7, lr}
10006686:	4607      	mov	r7, r0
10006688:	4608      	mov	r0, r1
1000668a:	f240 13ff 	movw	r3, #511	@ 0x1ff
1000668e:	4615      	mov	r5, r2
10006690:	f810 2b08 	ldrb.w	r2, [r0], #8
10006694:	460c      	mov	r4, r1
10006696:	f012 0f02 	tst.w	r2, #2
1000669a:	bf0c      	ite	eq
1000669c:	263f      	moveq	r6, #63	@ 0x3f
1000669e:	461e      	movne	r6, r3
100066a0:	f000 f8f4 	bl	1000688c <tu_fifo_count>
100066a4:	b928      	cbnz	r0, 100066b2 <tu_edpt_stream_write_zlp_if_needed+0x2e>
100066a6:	b125      	cbz	r5, 100066b2 <tu_edpt_stream_write_zlp_if_needed+0x2e>
100066a8:	422e      	tst	r6, r5
100066aa:	d102      	bne.n	100066b2 <tu_edpt_stream_write_zlp_if_needed+0x2e>
100066ac:	7823      	ldrb	r3, [r4, #0]
100066ae:	07da      	lsls	r2, r3, #31
100066b0:	d501      	bpl.n	100066b6 <tu_edpt_stream_write_zlp_if_needed+0x32>
100066b2:	2000      	movs	r0, #0
100066b4:	bdf8      	pop	{r3, r4, r5, r6, r7, pc}
100066b6:	4638      	mov	r0, r7
100066b8:	7861      	ldrb	r1, [r4, #1]
100066ba:	f7ff f81d 	bl	100056f8 <usbd_edpt_claim>
100066be:	2800      	cmp	r0, #0
100066c0:	d0f7      	beq.n	100066b2 <tu_edpt_stream_write_zlp_if_needed+0x2e>
100066c2:	7823      	ldrb	r3, [r4, #0]
100066c4:	f013 0301 	ands.w	r3, r3, #1
100066c8:	d007      	beq.n	100066da <tu_edpt_stream_write_zlp_if_needed+0x56>
100066ca:	f04f 23e0 	mov.w	r3, #3758153728	@ 0xe000e000
100066ce:	f8d3 3df0 	ldr.w	r3, [r3, #3568]	@ 0xdf0
100066d2:	07db      	lsls	r3, r3, #31
100066d4:	d5ed      	bpl.n	100066b2 <tu_edpt_stream_write_zlp_if_needed+0x2e>
100066d6:	be00      	bkpt	0x0000
100066d8:	e7eb      	b.n	100066b2 <tu_edpt_stream_write_zlp_if_needed+0x2e>
100066da:	461a      	mov	r2, r3
100066dc:	4638      	mov	r0, r7
100066de:	7861      	ldrb	r1, [r4, #1]
100066e0:	f7ff f82e 	bl	10005740 <usbd_edpt_xfer>
100066e4:	2800      	cmp	r0, #0
100066e6:	d0f0      	beq.n	100066ca <tu_edpt_stream_write_zlp_if_needed+0x46>
100066e8:	bdf8      	pop	{r3, r4, r5, r6, r7, pc}
100066ea:	bf00      	nop

100066ec <tu_edpt_stream_write_xfer>:
100066ec:	b570      	push	{r4, r5, r6, lr}
100066ee:	f101 0508 	add.w	r5, r1, #8
100066f2:	4606      	mov	r6, r0
100066f4:	4628      	mov	r0, r5
100066f6:	460c      	mov	r4, r1
100066f8:	f000 f8c8 	bl	1000688c <tu_fifo_count>
100066fc:	b110      	cbz	r0, 10006704 <tu_edpt_stream_write_xfer+0x18>
100066fe:	7823      	ldrb	r3, [r4, #0]
10006700:	07d8      	lsls	r0, r3, #31
10006702:	d501      	bpl.n	10006708 <tu_edpt_stream_write_xfer+0x1c>
10006704:	2000      	movs	r0, #0
10006706:	bd70      	pop	{r4, r5, r6, pc}
10006708:	4630      	mov	r0, r6
1000670a:	7861      	ldrb	r1, [r4, #1]
1000670c:	f7fe fff4 	bl	100056f8 <usbd_edpt_claim>
10006710:	2800      	cmp	r0, #0
10006712:	d0f7      	beq.n	10006704 <tu_edpt_stream_write_xfer+0x18>
10006714:	4628      	mov	r0, r5
10006716:	8862      	ldrh	r2, [r4, #2]
10006718:	6861      	ldr	r1, [r4, #4]
1000671a:	f000 f92d 	bl	10006978 <tu_fifo_read_n>
1000671e:	7823      	ldrb	r3, [r4, #0]
10006720:	4605      	mov	r5, r0
10006722:	b148      	cbz	r0, 10006738 <tu_edpt_stream_write_xfer+0x4c>
10006724:	07d9      	lsls	r1, r3, #31
10006726:	d50e      	bpl.n	10006746 <tu_edpt_stream_write_xfer+0x5a>
10006728:	f04f 23e0 	mov.w	r3, #3758153728	@ 0xe000e000
1000672c:	f8d3 3df0 	ldr.w	r3, [r3, #3568]	@ 0xdf0
10006730:	07da      	lsls	r2, r3, #31
10006732:	d5e7      	bpl.n	10006704 <tu_edpt_stream_write_xfer+0x18>
10006734:	be00      	bkpt	0x0000
10006736:	e7e5      	b.n	10006704 <tu_edpt_stream_write_xfer+0x18>
10006738:	07db      	lsls	r3, r3, #31
1000673a:	d4e3      	bmi.n	10006704 <tu_edpt_stream_write_xfer+0x18>
1000673c:	4630      	mov	r0, r6
1000673e:	7861      	ldrb	r1, [r4, #1]
10006740:	f7fe ffec 	bl	1000571c <usbd_edpt_release>
10006744:	e7de      	b.n	10006704 <tu_edpt_stream_write_xfer+0x18>
10006746:	4603      	mov	r3, r0
10006748:	6862      	ldr	r2, [r4, #4]
1000674a:	4630      	mov	r0, r6
1000674c:	7861      	ldrb	r1, [r4, #1]
1000674e:	f7fe fff7 	bl	10005740 <usbd_edpt_xfer>
10006752:	2800      	cmp	r0, #0
10006754:	d0e8      	beq.n	10006728 <tu_edpt_stream_write_xfer+0x3c>
10006756:	4628      	mov	r0, r5
10006758:	bd70      	pop	{r4, r5, r6, pc}
1000675a:	bf00      	nop

1000675c <tu_edpt_stream_read_xfer>:
1000675c:	898a      	ldrh	r2, [r1, #12]
1000675e:	e92d 41f0 	stmdb	sp!, {r4, r5, r6, r7, r8, lr}
10006762:	780b      	ldrb	r3, [r1, #0]
10006764:	460c      	mov	r4, r1
10006766:	4605      	mov	r5, r0
10006768:	b98a      	cbnz	r2, 1000678e <tu_edpt_stream_read_xfer+0x32>
1000676a:	07df      	lsls	r7, r3, #31
1000676c:	d425      	bmi.n	100067ba <tu_edpt_stream_read_xfer+0x5e>
1000676e:	7849      	ldrb	r1, [r1, #1]
10006770:	f7fe ffc2 	bl	100056f8 <usbd_edpt_claim>
10006774:	b308      	cbz	r0, 100067ba <tu_edpt_stream_read_xfer+0x5e>
10006776:	7822      	ldrb	r2, [r4, #0]
10006778:	8863      	ldrh	r3, [r4, #2]
1000677a:	07d6      	lsls	r6, r2, #31
1000677c:	d53f      	bpl.n	100067fe <tu_edpt_stream_read_xfer+0xa2>
1000677e:	f04f 23e0 	mov.w	r3, #3758153728	@ 0xe000e000
10006782:	f8d3 3df0 	ldr.w	r3, [r3, #3568]	@ 0xdf0
10006786:	07da      	lsls	r2, r3, #31
10006788:	d517      	bpl.n	100067ba <tu_edpt_stream_read_xfer+0x5e>
1000678a:	be00      	bkpt	0x0000
1000678c:	e015      	b.n	100067ba <tu_edpt_stream_read_xfer+0x5e>
1000678e:	f003 0302 	and.w	r3, r3, #2
10006792:	f101 0808 	add.w	r8, r1, #8
10006796:	2b00      	cmp	r3, #0
10006798:	4640      	mov	r0, r8
1000679a:	bf0c      	ite	eq
1000679c:	2740      	moveq	r7, #64	@ 0x40
1000679e:	f44f 7700 	movne.w	r7, #512	@ 0x200
100067a2:	f64f 76c0 	movw	r6, #65472	@ 0xffc0
100067a6:	bf18      	it	ne
100067a8:	f44f 467e 	movne.w	r6, #65024	@ 0xfe00
100067ac:	f000 f888 	bl	100068c0 <tu_fifo_remaining>
100067b0:	4287      	cmp	r7, r0
100067b2:	d802      	bhi.n	100067ba <tu_edpt_stream_read_xfer+0x5e>
100067b4:	7823      	ldrb	r3, [r4, #0]
100067b6:	07d8      	lsls	r0, r3, #31
100067b8:	d502      	bpl.n	100067c0 <tu_edpt_stream_read_xfer+0x64>
100067ba:	2000      	movs	r0, #0
100067bc:	e8bd 81f0 	ldmia.w	sp!, {r4, r5, r6, r7, r8, pc}
100067c0:	4628      	mov	r0, r5
100067c2:	7861      	ldrb	r1, [r4, #1]
100067c4:	f7fe ff98 	bl	100056f8 <usbd_edpt_claim>
100067c8:	2800      	cmp	r0, #0
100067ca:	d0f6      	beq.n	100067ba <tu_edpt_stream_read_xfer+0x5e>
100067cc:	4640      	mov	r0, r8
100067ce:	f000 f877 	bl	100068c0 <tu_fifo_remaining>
100067d2:	4287      	cmp	r7, r0
100067d4:	d81f      	bhi.n	10006816 <tu_edpt_stream_read_xfer+0xba>
100067d6:	7823      	ldrb	r3, [r4, #0]
100067d8:	8862      	ldrh	r2, [r4, #2]
100067da:	07d9      	lsls	r1, r3, #31
100067dc:	d4cf      	bmi.n	1000677e <tu_edpt_stream_read_xfer+0x22>
100067de:	4030      	ands	r0, r6
100067e0:	4290      	cmp	r0, r2
100067e2:	bf28      	it	cs
100067e4:	4610      	movcs	r0, r2
100067e6:	7861      	ldrb	r1, [r4, #1]
100067e8:	4606      	mov	r6, r0
100067ea:	b1e0      	cbz	r0, 10006826 <tu_edpt_stream_read_xfer+0xca>
100067ec:	6862      	ldr	r2, [r4, #4]
100067ee:	4633      	mov	r3, r6
100067f0:	4628      	mov	r0, r5
100067f2:	f7fe ffa5 	bl	10005740 <usbd_edpt_xfer>
100067f6:	2800      	cmp	r0, #0
100067f8:	d0c1      	beq.n	1000677e <tu_edpt_stream_read_xfer+0x22>
100067fa:	4630      	mov	r0, r6
100067fc:	e7de      	b.n	100067bc <tu_edpt_stream_read_xfer+0x60>
100067fe:	7861      	ldrb	r1, [r4, #1]
10006800:	b13b      	cbz	r3, 10006812 <tu_edpt_stream_read_xfer+0xb6>
10006802:	6862      	ldr	r2, [r4, #4]
10006804:	4628      	mov	r0, r5
10006806:	f7fe ff9b 	bl	10005740 <usbd_edpt_xfer>
1000680a:	2800      	cmp	r0, #0
1000680c:	d0b7      	beq.n	1000677e <tu_edpt_stream_read_xfer+0x22>
1000680e:	8860      	ldrh	r0, [r4, #2]
10006810:	e7d4      	b.n	100067bc <tu_edpt_stream_read_xfer+0x60>
10006812:	461a      	mov	r2, r3
10006814:	e7f6      	b.n	10006804 <tu_edpt_stream_read_xfer+0xa8>
10006816:	7823      	ldrb	r3, [r4, #0]
10006818:	07db      	lsls	r3, r3, #31
1000681a:	d4ce      	bmi.n	100067ba <tu_edpt_stream_read_xfer+0x5e>
1000681c:	4628      	mov	r0, r5
1000681e:	7861      	ldrb	r1, [r4, #1]
10006820:	f7fe ff7c 	bl	1000571c <usbd_edpt_release>
10006824:	e7c9      	b.n	100067ba <tu_edpt_stream_read_xfer+0x5e>
10006826:	4602      	mov	r2, r0
10006828:	e7e1      	b.n	100067ee <tu_edpt_stream_read_xfer+0x92>
1000682a:	bf00      	nop

1000682c <tu_fifo_config>:
1000682c:	e92d 41f0 	stmdb	sp!, {r4, r5, r6, r7, r8, lr}
10006830:	f5b2 4f00 	cmp.w	r2, #32768	@ 0x8000
10006834:	f89d 8018 	ldrb.w	r8, [sp, #24]
10006838:	d824      	bhi.n	10006884 <tu_fifo_config+0x58>
1000683a:	4604      	mov	r4, r0
1000683c:	68c0      	ldr	r0, [r0, #12]
1000683e:	4617      	mov	r7, r2
10006840:	460e      	mov	r6, r1
10006842:	461d      	mov	r5, r3
10006844:	b118      	cbz	r0, 1000684e <tu_fifo_config+0x22>
10006846:	f04f 31ff 	mov.w	r1, #4294967295	@ 0xffffffff
1000684a:	f000 fd41 	bl	100072d0 <__mutex_enter_timeout_ms_veneer>
1000684e:	6920      	ldr	r0, [r4, #16]
10006850:	b118      	cbz	r0, 1000685a <tu_fifo_config+0x2e>
10006852:	f04f 31ff 	mov.w	r1, #4294967295	@ 0xffffffff
10006856:	f000 fd3b 	bl	100072d0 <__mutex_enter_timeout_ms_veneer>
1000685a:	2200      	movs	r2, #0
1000685c:	f3c5 030e 	ubfx	r3, r5, #0, #15
10006860:	68e0      	ldr	r0, [r4, #12]
10006862:	ea43 33c8 	orr.w	r3, r3, r8, lsl #15
10006866:	8162      	strh	r2, [r4, #10]
10006868:	6026      	str	r6, [r4, #0]
1000686a:	80a7      	strh	r7, [r4, #4]
1000686c:	80e3      	strh	r3, [r4, #6]
1000686e:	8122      	strh	r2, [r4, #8]
10006870:	b108      	cbz	r0, 10006876 <tu_fifo_config+0x4a>
10006872:	f000 fd39 	bl	100072e8 <__mutex_exit_veneer>
10006876:	6920      	ldr	r0, [r4, #16]
10006878:	b108      	cbz	r0, 1000687e <tu_fifo_config+0x52>
1000687a:	f000 fd35 	bl	100072e8 <__mutex_exit_veneer>
1000687e:	2001      	movs	r0, #1
10006880:	e8bd 81f0 	ldmia.w	sp!, {r4, r5, r6, r7, r8, pc}
10006884:	2000      	movs	r0, #0
10006886:	e8bd 81f0 	ldmia.w	sp!, {r4, r5, r6, r7, r8, pc}
1000688a:	bf00      	nop

1000688c <tu_fifo_count>:
1000688c:	8903      	ldrh	r3, [r0, #8]
1000688e:	8942      	ldrh	r2, [r0, #10]
10006890:	b29b      	uxth	r3, r3
10006892:	b292      	uxth	r2, r2
10006894:	8880      	ldrh	r0, [r0, #4]
10006896:	4293      	cmp	r3, r2
10006898:	bf36      	itet	cc
1000689a:	ebc2 0240 	rsbcc	r2, r2, r0, lsl #1
1000689e:	1a9b      	subcs	r3, r3, r2
100068a0:	189b      	addcc	r3, r3, r2
100068a2:	b29b      	uxth	r3, r3
100068a4:	4298      	cmp	r0, r3
100068a6:	bf28      	it	cs
100068a8:	4618      	movcs	r0, r3
100068aa:	4770      	bx	lr

100068ac <tu_fifo_empty>:
100068ac:	8902      	ldrh	r2, [r0, #8]
100068ae:	8943      	ldrh	r3, [r0, #10]
100068b0:	b290      	uxth	r0, r2
100068b2:	b29b      	uxth	r3, r3
100068b4:	1ac0      	subs	r0, r0, r3
100068b6:	fab0 f080 	clz	r0, r0
100068ba:	0940      	lsrs	r0, r0, #5
100068bc:	4770      	bx	lr
100068be:	bf00      	nop

100068c0 <tu_fifo_remaining>:
100068c0:	8903      	ldrh	r3, [r0, #8]
100068c2:	8942      	ldrh	r2, [r0, #10]
100068c4:	b29b      	uxth	r3, r3
100068c6:	8880      	ldrh	r0, [r0, #4]
100068c8:	b292      	uxth	r2, r2
100068ca:	4293      	cmp	r3, r2
100068cc:	bf36      	itet	cc
100068ce:	ebc2 0240 	rsbcc	r2, r2, r0, lsl #1
100068d2:	1a9b      	subcs	r3, r3, r2
100068d4:	189b      	addcc	r3, r3, r2
100068d6:	b29b      	uxth	r3, r3
100068d8:	4298      	cmp	r0, r3
100068da:	bf86      	itte	hi
100068dc:	1ac0      	subhi	r0, r0, r3
100068de:	b280      	uxthhi	r0, r0
100068e0:	2000      	movls	r0, #0
100068e2:	4770      	bx	lr

100068e4 <tu_fifo_read>:
100068e4:	b538      	push	{r3, r4, r5, lr}
100068e6:	4604      	mov	r4, r0
100068e8:	6900      	ldr	r0, [r0, #16]
100068ea:	460d      	mov	r5, r1
100068ec:	b118      	cbz	r0, 100068f6 <tu_fifo_read+0x12>
100068ee:	f04f 31ff 	mov.w	r1, #4294967295	@ 0xffffffff
100068f2:	f000 fced 	bl	100072d0 <__mutex_enter_timeout_ms_veneer>
100068f6:	8921      	ldrh	r1, [r4, #8]
100068f8:	8963      	ldrh	r3, [r4, #10]
100068fa:	b289      	uxth	r1, r1
100068fc:	b29b      	uxth	r3, r3
100068fe:	88a2      	ldrh	r2, [r4, #4]
10006900:	4299      	cmp	r1, r3
10006902:	bf36      	itet	cc
10006904:	ebc3 0042 	rsbcc	r0, r3, r2, lsl #1
10006908:	1ac8      	subcs	r0, r1, r3
1000690a:	1840      	addcc	r0, r0, r1
1000690c:	b280      	uxth	r0, r0
1000690e:	b350      	cbz	r0, 10006966 <tu_fifo_read+0x82>
10006910:	4282      	cmp	r2, r0
10006912:	d209      	bcs.n	10006928 <tu_fifo_read+0x44>
10006914:	4291      	cmp	r1, r2
10006916:	bf2c      	ite	cs
10006918:	1a89      	subcs	r1, r1, r2
1000691a:	1889      	addcc	r1, r1, r2
1000691c:	b28b      	uxth	r3, r1
1000691e:	429a      	cmp	r2, r3
10006920:	8163      	strh	r3, [r4, #10]
10006922:	d803      	bhi.n	1000692c <tu_fifo_read+0x48>
10006924:	1a9b      	subs	r3, r3, r2
10006926:	b29b      	uxth	r3, r3
10006928:	429a      	cmp	r2, r3
1000692a:	d9fb      	bls.n	10006924 <tu_fifo_read+0x40>
1000692c:	88e2      	ldrh	r2, [r4, #6]
1000692e:	6821      	ldr	r1, [r4, #0]
10006930:	f3c2 020e 	ubfx	r2, r2, #0, #15
10006934:	fb02 1103 	mla	r1, r2, r3, r1
10006938:	4628      	mov	r0, r5
1000693a:	f000 fbbf 	bl	100070bc <memcpy>
1000693e:	8961      	ldrh	r1, [r4, #10]
10006940:	2501      	movs	r5, #1
10006942:	b289      	uxth	r1, r1
10006944:	1c4b      	adds	r3, r1, #1
10006946:	b29b      	uxth	r3, r3
10006948:	4299      	cmp	r1, r3
1000694a:	88a2      	ldrh	r2, [r4, #4]
1000694c:	d90e      	bls.n	1000696c <tu_fifo_read+0x88>
1000694e:	2300      	movs	r3, #0
10006950:	fa02 f105 	lsl.w	r1, r2, r5
10006954:	1a5b      	subs	r3, r3, r1
10006956:	b29b      	uxth	r3, r3
10006958:	6920      	ldr	r0, [r4, #16]
1000695a:	8163      	strh	r3, [r4, #10]
1000695c:	b108      	cbz	r0, 10006962 <tu_fifo_read+0x7e>
1000695e:	f000 fcc3 	bl	100072e8 <__mutex_exit_veneer>
10006962:	4628      	mov	r0, r5
10006964:	bd38      	pop	{r3, r4, r5, pc}
10006966:	4605      	mov	r5, r0
10006968:	8963      	ldrh	r3, [r4, #10]
1000696a:	b29b      	uxth	r3, r3
1000696c:	ebb3 0f42 	cmp.w	r3, r2, lsl #1
10006970:	ea4f 0142 	mov.w	r1, r2, lsl #1
10006974:	dbf0      	blt.n	10006958 <tu_fifo_read+0x74>
10006976:	e7ed      	b.n	10006954 <tu_fifo_read+0x70>

10006978 <tu_fifo_read_n>:
10006978:	e92d 47f0 	stmdb	sp!, {r4, r5, r6, r7, r8, r9, sl, lr}
1000697c:	4606      	mov	r6, r0
1000697e:	6900      	ldr	r0, [r0, #16]
10006980:	4688      	mov	r8, r1
10006982:	4691      	mov	r9, r2
10006984:	b118      	cbz	r0, 1000698e <tu_fifo_read_n+0x16>
10006986:	f04f 31ff 	mov.w	r1, #4294967295	@ 0xffffffff
1000698a:	f000 fca1 	bl	100072d0 <__mutex_enter_timeout_ms_veneer>
1000698e:	8933      	ldrh	r3, [r6, #8]
10006990:	8974      	ldrh	r4, [r6, #10]
10006992:	b29b      	uxth	r3, r3
10006994:	b2a4      	uxth	r4, r4
10006996:	88b5      	ldrh	r5, [r6, #4]
10006998:	42a3      	cmp	r3, r4
1000699a:	bf36      	itet	cc
1000699c:	ebc4 0745 	rsbcc	r7, r4, r5, lsl #1
100069a0:	1b1f      	subcs	r7, r3, r4
100069a2:	18ff      	addcc	r7, r7, r3
100069a4:	b2bf      	uxth	r7, r7
100069a6:	2f00      	cmp	r7, #0
100069a8:	d04a      	beq.n	10006a40 <tu_fifo_read_n+0xc8>
100069aa:	42bd      	cmp	r5, r7
100069ac:	d340      	bcc.n	10006a30 <tu_fifo_read_n+0xb8>
100069ae:	45b9      	cmp	r9, r7
100069b0:	bf28      	it	cs
100069b2:	46b9      	movcs	r9, r7
100069b4:	42a5      	cmp	r5, r4
100069b6:	fa1f f789 	uxth.w	r7, r9
100069ba:	d803      	bhi.n	100069c4 <tu_fifo_read_n+0x4c>
100069bc:	1b64      	subs	r4, r4, r5
100069be:	b2a4      	uxth	r4, r4
100069c0:	42a5      	cmp	r5, r4
100069c2:	d9fb      	bls.n	100069bc <tu_fifo_read_n+0x44>
100069c4:	f8b6 a006 	ldrh.w	sl, [r6, #6]
100069c8:	1b2b      	subs	r3, r5, r4
100069ca:	6831      	ldr	r1, [r6, #0]
100069cc:	b29b      	uxth	r3, r3
100069ce:	f3ca 020e 	ubfx	r2, sl, #0, #15
100069d2:	429f      	cmp	r7, r3
100069d4:	4692      	mov	sl, r2
100069d6:	fb02 1104 	mla	r1, r2, r4, r1
100069da:	d923      	bls.n	10006a24 <tu_fifo_read_n+0xac>
100069dc:	fb13 f302 	smulbb	r3, r3, r2
100069e0:	fa1f f983 	uxth.w	r9, r3
100069e4:	464a      	mov	r2, r9
100069e6:	4640      	mov	r0, r8
100069e8:	1b7d      	subs	r5, r7, r5
100069ea:	f000 fb67 	bl	100070bc <memcpy>
100069ee:	1962      	adds	r2, r4, r5
100069f0:	fb12 f20a 	smulbb	r2, r2, sl
100069f4:	6831      	ldr	r1, [r6, #0]
100069f6:	eb08 0009 	add.w	r0, r8, r9
100069fa:	b292      	uxth	r2, r2
100069fc:	f000 fb5e 	bl	100070bc <memcpy>
10006a00:	8972      	ldrh	r2, [r6, #10]
10006a02:	88b5      	ldrh	r5, [r6, #4]
10006a04:	b292      	uxth	r2, r2
10006a06:	19d3      	adds	r3, r2, r7
10006a08:	b29b      	uxth	r3, r3
10006a0a:	429a      	cmp	r2, r3
10006a0c:	d91a      	bls.n	10006a44 <tu_fifo_read_n+0xcc>
10006a0e:	006a      	lsls	r2, r5, #1
10006a10:	1a9b      	subs	r3, r3, r2
10006a12:	b29b      	uxth	r3, r3
10006a14:	6930      	ldr	r0, [r6, #16]
10006a16:	8173      	strh	r3, [r6, #10]
10006a18:	b108      	cbz	r0, 10006a1e <tu_fifo_read_n+0xa6>
10006a1a:	f000 fc65 	bl	100072e8 <__mutex_exit_veneer>
10006a1e:	4638      	mov	r0, r7
10006a20:	e8bd 87f0 	ldmia.w	sp!, {r4, r5, r6, r7, r8, r9, sl, pc}
10006a24:	4640      	mov	r0, r8
10006a26:	fb07 f202 	mul.w	r2, r7, r2
10006a2a:	f000 fb47 	bl	100070bc <memcpy>
10006a2e:	e7e7      	b.n	10006a00 <tu_fifo_read_n+0x88>
10006a30:	42ab      	cmp	r3, r5
10006a32:	bf2c      	ite	cs
10006a34:	1b5b      	subcs	r3, r3, r5
10006a36:	195b      	addcc	r3, r3, r5
10006a38:	b29c      	uxth	r4, r3
10006a3a:	462f      	mov	r7, r5
10006a3c:	8174      	strh	r4, [r6, #10]
10006a3e:	e7b6      	b.n	100069ae <tu_fifo_read_n+0x36>
10006a40:	8973      	ldrh	r3, [r6, #10]
10006a42:	b29b      	uxth	r3, r3
10006a44:	ebb3 0f45 	cmp.w	r3, r5, lsl #1
10006a48:	ea4f 0245 	mov.w	r2, r5, lsl #1
10006a4c:	dbe2      	blt.n	10006a14 <tu_fifo_read_n+0x9c>
10006a4e:	e7df      	b.n	10006a10 <tu_fifo_read_n+0x98>

10006a50 <tu_fifo_write>:
10006a50:	b5f8      	push	{r3, r4, r5, r6, r7, lr}
10006a52:	4604      	mov	r4, r0
10006a54:	68c0      	ldr	r0, [r0, #12]
10006a56:	460e      	mov	r6, r1
10006a58:	b118      	cbz	r0, 10006a62 <tu_fifo_write+0x12>
10006a5a:	f04f 31ff 	mov.w	r1, #4294967295	@ 0xffffffff
10006a5e:	f000 fc37 	bl	100072d0 <__mutex_enter_timeout_ms_veneer>
10006a62:	8925      	ldrh	r5, [r4, #8]
10006a64:	8923      	ldrh	r3, [r4, #8]
10006a66:	8961      	ldrh	r1, [r4, #10]
10006a68:	b29b      	uxth	r3, r3
10006a6a:	b289      	uxth	r1, r1
10006a6c:	88a2      	ldrh	r2, [r4, #4]
10006a6e:	428b      	cmp	r3, r1
10006a70:	bf36      	itet	cc
10006a72:	ebc1 0142 	rsbcc	r1, r1, r2, lsl #1
10006a76:	1a5b      	subcs	r3, r3, r1
10006a78:	185b      	addcc	r3, r3, r1
10006a7a:	b29b      	uxth	r3, r3
10006a7c:	429a      	cmp	r2, r3
10006a7e:	b2ad      	uxth	r5, r5
10006a80:	d808      	bhi.n	10006a94 <tu_fifo_write+0x44>
10006a82:	79e7      	ldrb	r7, [r4, #7]
10006a84:	09ff      	lsrs	r7, r7, #7
10006a86:	d105      	bne.n	10006a94 <tu_fifo_write+0x44>
10006a88:	68e0      	ldr	r0, [r4, #12]
10006a8a:	b108      	cbz	r0, 10006a90 <tu_fifo_write+0x40>
10006a8c:	f000 fc2c 	bl	100072e8 <__mutex_exit_veneer>
10006a90:	4638      	mov	r0, r7
10006a92:	bdf8      	pop	{r3, r4, r5, r6, r7, pc}
10006a94:	4295      	cmp	r5, r2
10006a96:	d319      	bcc.n	10006acc <tu_fifo_write+0x7c>
10006a98:	462b      	mov	r3, r5
10006a9a:	1a9b      	subs	r3, r3, r2
10006a9c:	b29b      	uxth	r3, r3
10006a9e:	4293      	cmp	r3, r2
10006aa0:	d2fb      	bcs.n	10006a9a <tu_fifo_write+0x4a>
10006aa2:	88e2      	ldrh	r2, [r4, #6]
10006aa4:	6820      	ldr	r0, [r4, #0]
10006aa6:	f3c2 020e 	ubfx	r2, r2, #0, #15
10006aaa:	fb02 0003 	mla	r0, r2, r3, r0
10006aae:	4631      	mov	r1, r6
10006ab0:	f000 fb04 	bl	100070bc <memcpy>
10006ab4:	1c6b      	adds	r3, r5, #1
10006ab6:	b29b      	uxth	r3, r3
10006ab8:	429d      	cmp	r5, r3
10006aba:	88a2      	ldrh	r2, [r4, #4]
10006abc:	d912      	bls.n	10006ae4 <tu_fifo_write+0x94>
10006abe:	2300      	movs	r3, #0
10006ac0:	0051      	lsls	r1, r2, #1
10006ac2:	1a5b      	subs	r3, r3, r1
10006ac4:	b29b      	uxth	r3, r3
10006ac6:	2701      	movs	r7, #1
10006ac8:	8123      	strh	r3, [r4, #8]
10006aca:	e7dd      	b.n	10006a88 <tu_fifo_write+0x38>
10006acc:	88e2      	ldrh	r2, [r4, #6]
10006ace:	6820      	ldr	r0, [r4, #0]
10006ad0:	f3c2 020e 	ubfx	r2, r2, #0, #15
10006ad4:	fb05 0002 	mla	r0, r5, r2, r0
10006ad8:	4631      	mov	r1, r6
10006ada:	f000 faef 	bl	100070bc <memcpy>
10006ade:	3501      	adds	r5, #1
10006ae0:	88a2      	ldrh	r2, [r4, #4]
10006ae2:	b2ab      	uxth	r3, r5
10006ae4:	ebb3 0f42 	cmp.w	r3, r2, lsl #1
10006ae8:	ea4f 0142 	mov.w	r1, r2, lsl #1
10006aec:	dbeb      	blt.n	10006ac6 <tu_fifo_write+0x76>
10006aee:	e7e8      	b.n	10006ac2 <tu_fifo_write+0x72>

10006af0 <tu_fifo_write_n>:
10006af0:	e92d 4ff0 	stmdb	sp!, {r4, r5, r6, r7, r8, r9, sl, fp, lr}
10006af4:	4616      	mov	r6, r2
10006af6:	b083      	sub	sp, #12
10006af8:	2a00      	cmp	r2, #0
10006afa:	d04c      	beq.n	10006b96 <tu_fifo_write_n+0xa6>
10006afc:	4605      	mov	r5, r0
10006afe:	68c0      	ldr	r0, [r0, #12]
10006b00:	4688      	mov	r8, r1
10006b02:	b118      	cbz	r0, 10006b0c <tu_fifo_write_n+0x1c>
10006b04:	f04f 31ff 	mov.w	r1, #4294967295	@ 0xffffffff
10006b08:	f000 fbe2 	bl	100072d0 <__mutex_enter_timeout_ms_veneer>
10006b0c:	79ea      	ldrb	r2, [r5, #7]
10006b0e:	892f      	ldrh	r7, [r5, #8]
10006b10:	8969      	ldrh	r1, [r5, #10]
10006b12:	09d2      	lsrs	r2, r2, #7
10006b14:	88ab      	ldrh	r3, [r5, #4]
10006b16:	b2bf      	uxth	r7, r7
10006b18:	b289      	uxth	r1, r1
10006b1a:	d140      	bne.n	10006b9e <tu_fifo_write_n+0xae>
10006b1c:	428f      	cmp	r7, r1
10006b1e:	bf36      	itet	cc
10006b20:	ebc1 0143 	rsbcc	r1, r1, r3, lsl #1
10006b24:	1a79      	subcs	r1, r7, r1
10006b26:	19c9      	addcc	r1, r1, r7
10006b28:	b289      	uxth	r1, r1
10006b2a:	4299      	cmp	r1, r3
10006b2c:	d241      	bcs.n	10006bb2 <tu_fifo_write_n+0xc2>
10006b2e:	1a59      	subs	r1, r3, r1
10006b30:	b289      	uxth	r1, r1
10006b32:	428e      	cmp	r6, r1
10006b34:	bf28      	it	cs
10006b36:	460e      	movcs	r6, r1
10006b38:	f8b5 a006 	ldrh.w	sl, [r5, #6]
10006b3c:	eb07 0906 	add.w	r9, r7, r6
10006b40:	eba6 0b03 	sub.w	fp, r6, r3
10006b44:	f3ca 0a0e 	ubfx	sl, sl, #0, #15
10006b48:	fa1f f989 	uxth.w	r9, r9
10006b4c:	fa1f fb8b 	uxth.w	fp, fp
10006b50:	429f      	cmp	r7, r3
10006b52:	463c      	mov	r4, r7
10006b54:	d303      	bcc.n	10006b5e <tu_fifo_write_n+0x6e>
10006b56:	1ae4      	subs	r4, r4, r3
10006b58:	b2a4      	uxth	r4, r4
10006b5a:	429c      	cmp	r4, r3
10006b5c:	d2fb      	bcs.n	10006b56 <tu_fifo_write_n+0x66>
10006b5e:	1b1b      	subs	r3, r3, r4
10006b60:	6828      	ldr	r0, [r5, #0]
10006b62:	b29b      	uxth	r3, r3
10006b64:	42b3      	cmp	r3, r6
10006b66:	fb0a 0004 	mla	r0, sl, r4, r0
10006b6a:	d34b      	bcc.n	10006c04 <tu_fifo_write_n+0x114>
10006b6c:	4641      	mov	r1, r8
10006b6e:	fb0a f206 	mul.w	r2, sl, r6
10006b72:	f000 faa3 	bl	100070bc <memcpy>
10006b76:	88aa      	ldrh	r2, [r5, #4]
10006b78:	454f      	cmp	r7, r9
10006b7a:	ea4f 0342 	mov.w	r3, r2, lsl #1
10006b7e:	d802      	bhi.n	10006b86 <tu_fifo_write_n+0x96>
10006b80:	ebb9 0f42 	cmp.w	r9, r2, lsl #1
10006b84:	db03      	blt.n	10006b8e <tu_fifo_write_n+0x9e>
10006b86:	eba9 0303 	sub.w	r3, r9, r3
10006b8a:	fa1f f983 	uxth.w	r9, r3
10006b8e:	68e8      	ldr	r0, [r5, #12]
10006b90:	f8a5 9008 	strh.w	r9, [r5, #8]
10006b94:	b988      	cbnz	r0, 10006bba <tu_fifo_write_n+0xca>
10006b96:	4630      	mov	r0, r6
10006b98:	b003      	add	sp, #12
10006b9a:	e8bd 8ff0 	ldmia.w	sp!, {r4, r5, r6, r7, r8, r9, sl, fp, pc}
10006b9e:	f8b5 a006 	ldrh.w	sl, [r5, #6]
10006ba2:	429e      	cmp	r6, r3
10006ba4:	f3ca 0a0e 	ubfx	sl, sl, #0, #15
10006ba8:	d30d      	bcc.n	10006bc6 <tu_fifo_write_n+0xd6>
10006baa:	2b00      	cmp	r3, #0
10006bac:	d13f      	bne.n	10006c2e <tu_fifo_write_n+0x13e>
10006bae:	461e      	mov	r6, r3
10006bb0:	e000      	b.n	10006bb4 <tu_fifo_write_n+0xc4>
10006bb2:	2600      	movs	r6, #0
10006bb4:	68e8      	ldr	r0, [r5, #12]
10006bb6:	2800      	cmp	r0, #0
10006bb8:	d0ed      	beq.n	10006b96 <tu_fifo_write_n+0xa6>
10006bba:	f000 fb95 	bl	100072e8 <__mutex_exit_veneer>
10006bbe:	4630      	mov	r0, r6
10006bc0:	b003      	add	sp, #12
10006bc2:	e8bd 8ff0 	ldmia.w	sp!, {r4, r5, r6, r7, r8, r9, sl, fp, pc}
10006bc6:	428f      	cmp	r7, r1
10006bc8:	bf36      	itet	cc
10006bca:	ebc1 0243 	rsbcc	r2, r1, r3, lsl #1
10006bce:	1a7a      	subcs	r2, r7, r1
10006bd0:	19d2      	addcc	r2, r2, r7
10006bd2:	b292      	uxth	r2, r2
10006bd4:	0058      	lsls	r0, r3, #1
10006bd6:	4432      	add	r2, r6
10006bd8:	eba6 0b03 	sub.w	fp, r6, r3
10006bdc:	4282      	cmp	r2, r0
10006bde:	fa1f fb8b 	uxth.w	fp, fp
10006be2:	db0a      	blt.n	10006bfa <tu_fifo_write_n+0x10a>
10006be4:	eb01 0903 	add.w	r9, r1, r3
10006be8:	fa1f f989 	uxth.w	r9, r9
10006bec:	eba9 0706 	sub.w	r7, r9, r6
10006bf0:	b2bf      	uxth	r7, r7
10006bf2:	42b9      	cmp	r1, r7
10006bf4:	d918      	bls.n	10006c28 <tu_fifo_write_n+0x138>
10006bf6:	1a38      	subs	r0, r7, r0
10006bf8:	b287      	uxth	r7, r0
10006bfa:	eb06 0907 	add.w	r9, r6, r7
10006bfe:	fa1f f989 	uxth.w	r9, r9
10006c02:	e7a5      	b.n	10006b50 <tu_fifo_write_n+0x60>
10006c04:	fb13 f30a 	smulbb	r3, r3, sl
10006c08:	445c      	add	r4, fp
10006c0a:	fb14 f40a 	smulbb	r4, r4, sl
10006c0e:	b29a      	uxth	r2, r3
10006c10:	4641      	mov	r1, r8
10006c12:	9201      	str	r2, [sp, #4]
10006c14:	f000 fa52 	bl	100070bc <memcpy>
10006c18:	9a01      	ldr	r2, [sp, #4]
10006c1a:	6828      	ldr	r0, [r5, #0]
10006c1c:	eb08 0102 	add.w	r1, r8, r2
10006c20:	b2a2      	uxth	r2, r4
10006c22:	f000 fa4b 	bl	100070bc <memcpy>
10006c26:	e7a6      	b.n	10006b76 <tu_fifo_write_n+0x86>
10006c28:	42b8      	cmp	r0, r7
10006c2a:	dc91      	bgt.n	10006b50 <tu_fifo_write_n+0x60>
10006c2c:	e7e3      	b.n	10006bf6 <tu_fifo_write_n+0x106>
10006c2e:	1af6      	subs	r6, r6, r3
10006c30:	eb01 0903 	add.w	r9, r1, r3
10006c34:	fb0a 8806 	mla	r8, sl, r6, r8
10006c38:	460f      	mov	r7, r1
10006c3a:	461e      	mov	r6, r3
10006c3c:	f04f 0b00 	mov.w	fp, #0
10006c40:	fa1f f989 	uxth.w	r9, r9
10006c44:	e784      	b.n	10006b50 <tu_fifo_write_n+0x60>
10006c46:	bf00      	nop

10006c48 <tu_fifo_clear>:
10006c48:	b510      	push	{r4, lr}
10006c4a:	4604      	mov	r4, r0
10006c4c:	68c0      	ldr	r0, [r0, #12]
10006c4e:	b118      	cbz	r0, 10006c58 <tu_fifo_clear+0x10>
10006c50:	f04f 31ff 	mov.w	r1, #4294967295	@ 0xffffffff
10006c54:	f000 fb3c 	bl	100072d0 <__mutex_enter_timeout_ms_veneer>
10006c58:	6920      	ldr	r0, [r4, #16]
10006c5a:	b118      	cbz	r0, 10006c64 <tu_fifo_clear+0x1c>
10006c5c:	f04f 31ff 	mov.w	r1, #4294967295	@ 0xffffffff
10006c60:	f000 fb36 	bl	100072d0 <__mutex_enter_timeout_ms_veneer>
10006c64:	2300      	movs	r3, #0
10006c66:	68e0      	ldr	r0, [r4, #12]
10006c68:	8163      	strh	r3, [r4, #10]
10006c6a:	8123      	strh	r3, [r4, #8]
10006c6c:	b108      	cbz	r0, 10006c72 <tu_fifo_clear+0x2a>
10006c6e:	f000 fb3b 	bl	100072e8 <__mutex_exit_veneer>
10006c72:	6920      	ldr	r0, [r4, #16]
10006c74:	b108      	cbz	r0, 10006c7a <tu_fifo_clear+0x32>
10006c76:	f000 fb37 	bl	100072e8 <__mutex_exit_veneer>
10006c7a:	2001      	movs	r0, #1
10006c7c:	bd10      	pop	{r4, pc}
10006c7e:	bf00      	nop

10006c80 <tu_fifo_set_overwritable>:
10006c80:	b538      	push	{r3, r4, r5, lr}
10006c82:	4604      	mov	r4, r0
10006c84:	68c0      	ldr	r0, [r0, #12]
10006c86:	460d      	mov	r5, r1
10006c88:	b118      	cbz	r0, 10006c92 <tu_fifo_set_overwritable+0x12>
10006c8a:	f04f 31ff 	mov.w	r1, #4294967295	@ 0xffffffff
10006c8e:	f000 fb1f 	bl	100072d0 <__mutex_enter_timeout_ms_veneer>
10006c92:	6920      	ldr	r0, [r4, #16]
10006c94:	b118      	cbz	r0, 10006c9e <tu_fifo_set_overwritable+0x1e>
10006c96:	f04f 31ff 	mov.w	r1, #4294967295	@ 0xffffffff
10006c9a:	f000 fb19 	bl	100072d0 <__mutex_enter_timeout_ms_veneer>
10006c9e:	79e3      	ldrb	r3, [r4, #7]
10006ca0:	68e0      	ldr	r0, [r4, #12]
10006ca2:	f365 13c7 	bfi	r3, r5, #7, #1
10006ca6:	71e3      	strb	r3, [r4, #7]
10006ca8:	b108      	cbz	r0, 10006cae <tu_fifo_set_overwritable+0x2e>
10006caa:	f000 fb1d 	bl	100072e8 <__mutex_exit_veneer>
10006cae:	6920      	ldr	r0, [r4, #16]
10006cb0:	b108      	cbz	r0, 10006cb6 <tu_fifo_set_overwritable+0x36>
10006cb2:	f000 fb19 	bl	100072e8 <__mutex_exit_veneer>
10006cb6:	2001      	movs	r0, #1
10006cb8:	bd38      	pop	{r3, r4, r5, pc}
10006cba:	bf00      	nop

10006cbc <board_init>:
10006cbc:	b510      	push	{r4, lr}
10006cbe:	2019      	movs	r0, #25
10006cc0:	f7fb fba2 	bl	10002408 <gpio_init>
10006cc4:	2219      	movs	r2, #25
10006cc6:	2301      	movs	r3, #1
10006cc8:	ec43 2044 	gpioc_bit_oe_put r2, r3
10006ccc:	4c04      	ldr	r4, [pc, #16]	@ (10006ce0 <board_init+0x24>)
10006cce:	4805      	ldr	r0, [pc, #20]	@ (10006ce4 <board_init+0x28>)
10006cd0:	2200      	movs	r2, #0
10006cd2:	6020      	str	r0, [r4, #0]
10006cd4:	f44f 31e1 	mov.w	r1, #115200	@ 0x1c200
10006cd8:	e8bd 4010 	ldmia.w	sp!, {r4, lr}
10006cdc:	f7fd bd3a 	b.w	10004754 <stdio_uart_init_full>
10006ce0:	2001124c 	.word	0x2001124c
10006ce4:	40070000 	.word	0x40070000

10006ce8 <_retrieve_unique_id_on_boot>:
10006ce8:	b500      	push	{lr}
10006cea:	f245 3047 	movw	r0, #21319	@ 0x5347
10006cee:	b08b      	sub	sp, #44	@ 0x2c
10006cf0:	f7fb fd76 	bl	100027e0 <rom_func_lookup>
10006cf4:	2201      	movs	r2, #1
10006cf6:	4603      	mov	r3, r0
10006cf8:	2109      	movs	r1, #9
10006cfa:	a801      	add	r0, sp, #4
10006cfc:	4798      	blx	r3
10006cfe:	e9dd 3203 	ldrd	r3, r2, [sp, #12]
10006d02:	4904      	ldr	r1, [pc, #16]	@ (10006d14 <_retrieve_unique_id_on_boot+0x2c>)
10006d04:	ba12      	rev	r2, r2
10006d06:	ba1b      	rev	r3, r3
10006d08:	e9c1 2300 	strd	r2, r3, [r1]
10006d0c:	b00b      	add	sp, #44	@ 0x2c
10006d0e:	f85d fb04 	ldr.w	pc, [sp], #4
10006d12:	bf00      	nop
10006d14:	20011218 	.word	0x20011218

10006d18 <pio_add_program>:
10006d18:	e92d 47f0 	stmdb	sp!, {r4, r5, r6, r7, r8, r9, sl, lr}
10006d1c:	4689      	mov	r9, r1
10006d1e:	4605      	mov	r5, r0
10006d20:	f7fa ffb4 	bl	10001c8c <hw_claim_lock>
10006d24:	2301      	movs	r3, #1
10006d26:	f899 2004 	ldrb.w	r2, [r9, #4]
10006d2a:	f999 c005 	ldrsb.w	ip, [r9, #5]
10006d2e:	f105 4e2f 	add.w	lr, r5, #2936012800	@ 0xaf000000
10006d32:	f8df 80d8 	ldr.w	r8, [pc, #216]	@ 10006e0c <pio_add_program+0xf4>
10006d36:	f50e 0e60 	add.w	lr, lr, #14680064	@ 0xe00000
10006d3a:	4093      	lsls	r3, r2
10006d3c:	ea4f 5e1e 	mov.w	lr, lr, lsr #20
10006d40:	f1bc 0f00 	cmp.w	ip, #0
10006d44:	f858 702e 	ldr.w	r7, [r8, lr, lsl #2]
10006d48:	f103 33ff 	add.w	r3, r3, #4294967295	@ 0xffffffff
10006d4c:	db46      	blt.n	10006ddc <pio_add_program+0xc4>
10006d4e:	f1c2 0120 	rsb	r1, r2, #32
10006d52:	458c      	cmp	ip, r1
10006d54:	4664      	mov	r4, ip
10006d56:	dc31      	bgt.n	10006dbc <pio_add_program+0xa4>
10006d58:	fa03 f10c 	lsl.w	r1, r3, ip
10006d5c:	4239      	tst	r1, r7
10006d5e:	d12d      	bne.n	10006dbc <pio_add_program+0xa4>
10006d60:	4666      	mov	r6, ip
10006d62:	f8d5 a168 	ldr.w	sl, [r5, #360]	@ 0x168
10006d66:	f899 1007 	ldrb.w	r1, [r9, #7]
10006d6a:	f1ba 0f00 	cmp.w	sl, #0
10006d6e:	d02c      	beq.n	10006dca <pio_add_program+0xb2>
10006d70:	07c9      	lsls	r1, r1, #31
10006d72:	d42c      	bmi.n	10006dce <pio_add_program+0xb6>
10006d74:	f1bc 0f00 	cmp.w	ip, #0
10006d78:	db01      	blt.n	10006d7e <pio_add_program+0x66>
10006d7a:	4566      	cmp	r6, ip
10006d7c:	d127      	bne.n	10006dce <pio_add_program+0xb6>
10006d7e:	40b3      	lsls	r3, r6
10006d80:	421f      	tst	r7, r3
10006d82:	d13c      	bne.n	10006dfe <pio_add_program+0xe6>
10006d84:	f8d9 1000 	ldr.w	r1, [r9]
10006d88:	b182      	cbz	r2, 10006dac <pio_add_program+0x94>
10006d8a:	46b4      	mov	ip, r6
10006d8c:	eb01 0942 	add.w	r9, r1, r2, lsl #1
10006d90:	f831 2b02 	ldrh.w	r2, [r1], #2
10006d94:	f10c 0a12 	add.w	sl, ip, #18
10006d98:	f5b2 5f00 	cmp.w	r2, #8192	@ 0x2000
10006d9c:	bf38      	it	cc
10006d9e:	1992      	addcc	r2, r2, r6
10006da0:	4549      	cmp	r1, r9
10006da2:	f10c 0c01 	add.w	ip, ip, #1
10006da6:	f845 202a 	str.w	r2, [r5, sl, lsl #2]
10006daa:	d1f1      	bne.n	10006d90 <pio_add_program+0x78>
10006dac:	433b      	orrs	r3, r7
10006dae:	f848 302e 	str.w	r3, [r8, lr, lsl #2]
10006db2:	f7fa ff7d 	bl	10001cb0 <hw_claim_unlock>
10006db6:	4620      	mov	r0, r4
10006db8:	e8bd 87f0 	ldmia.w	sp!, {r4, r5, r6, r7, r8, r9, sl, pc}
10006dbc:	f04f 34ff 	mov.w	r4, #4294967295	@ 0xffffffff
10006dc0:	f7fa ff76 	bl	10001cb0 <hw_claim_unlock>
10006dc4:	4620      	mov	r0, r4
10006dc6:	e8bd 87f0 	ldmia.w	sp!, {r4, r5, r6, r7, r8, r9, sl, pc}
10006dca:	0749      	lsls	r1, r1, #29
10006dcc:	d5d2      	bpl.n	10006d74 <pio_add_program+0x5c>
10006dce:	f06f 040a 	mvn.w	r4, #10
10006dd2:	f7fa ff6d 	bl	10001cb0 <hw_claim_unlock>
10006dd6:	4620      	mov	r0, r4
10006dd8:	e8bd 87f0 	ldmia.w	sp!, {r4, r5, r6, r7, r8, r9, sl, pc}
10006ddc:	f1d2 0420 	rsbs	r4, r2, #32
10006de0:	d40d      	bmi.n	10006dfe <pio_add_program+0xe6>
10006de2:	fa03 f104 	lsl.w	r1, r3, r4
10006de6:	4239      	tst	r1, r7
10006de8:	4626      	mov	r6, r4
10006dea:	d103      	bne.n	10006df4 <pio_add_program+0xdc>
10006dec:	e7b9      	b.n	10006d62 <pio_add_program+0x4a>
10006dee:	4239      	tst	r1, r7
10006df0:	4626      	mov	r6, r4
10006df2:	d0b6      	beq.n	10006d62 <pio_add_program+0x4a>
10006df4:	3c01      	subs	r4, #1
10006df6:	1c66      	adds	r6, r4, #1
10006df8:	fa03 f104 	lsl.w	r1, r3, r4
10006dfc:	d1f7      	bne.n	10006dee <pio_add_program+0xd6>
10006dfe:	f06f 0408 	mvn.w	r4, #8
10006e02:	f7fa ff55 	bl	10001cb0 <hw_claim_unlock>
10006e06:	4620      	mov	r0, r4
10006e08:	e8bd 87f0 	ldmia.w	sp!, {r4, r5, r6, r7, r8, r9, sl, pc}
10006e0c:	200103e8 	.word	0x200103e8

10006e10 <pio_sm_set_pins_with_mask>:
10006e10:	e92d 43f0 	stmdb	sp!, {r4, r5, r6, r7, r8, r9, lr}
10006e14:	f44f 3500 	mov.w	r5, #131072	@ 0x20000
10006e18:	eb01 0641 	add.w	r6, r1, r1, lsl #1
10006e1c:	eb00 04c6 	add.w	r4, r0, r6, lsl #3
10006e20:	f504 5443 	add.w	r4, r4, #12480	@ 0x30c0
10006e24:	eb00 06c6 	add.w	r6, r0, r6, lsl #3
10006e28:	f8d6 90dc 	ldr.w	r9, [r6, #220]	@ 0xdc
10006e2c:	004f      	lsls	r7, r1, #1
10006e2e:	f8d6 80cc 	ldr.w	r8, [r6, #204]	@ 0xcc
10006e32:	60e5      	str	r5, [r4, #12]
10006e34:	b1b3      	cbz	r3, 10006e64 <pio_sm_set_pins_with_mask+0x54>
10006e36:	fa93 fca3 	rbit	ip, r3
10006e3a:	fabc fc8c 	clz	ip, ip
10006e3e:	fa22 f50c 	lsr.w	r5, r2, ip
10006e42:	f103 3eff 	add.w	lr, r3, #4294967295	@ 0xffffffff
10006e46:	ea4f 1c4c 	mov.w	ip, ip, lsl #5
10006e4a:	f005 0501 	and.w	r5, r5, #1
10006e4e:	f04c 6480 	orr.w	r4, ip, #67108864	@ 0x4000000
10006e52:	f445 4560 	orr.w	r5, r5, #57344	@ 0xe000
10006e56:	ea13 030e 	ands.w	r3, r3, lr
10006e5a:	f8c6 40dc 	str.w	r4, [r6, #220]	@ 0xdc
10006e5e:	f8c6 50d8 	str.w	r5, [r6, #216]	@ 0xd8
10006e62:	d1e8      	bne.n	10006e36 <pio_sm_set_pins_with_mask+0x26>
10006e64:	440f      	add	r7, r1
10006e66:	eb00 00c7 	add.w	r0, r0, r7, lsl #3
10006e6a:	f8c0 90dc 	str.w	r9, [r0, #220]	@ 0xdc
10006e6e:	f8c0 80cc 	str.w	r8, [r0, #204]	@ 0xcc
10006e72:	e8bd 83f0 	ldmia.w	sp!, {r4, r5, r6, r7, r8, r9, pc}
10006e76:	bf00      	nop

10006e78 <pio_sm_set_pindirs_with_mask>:
10006e78:	e92d 47f0 	stmdb	sp!, {r4, r5, r6, r7, r8, r9, sl, lr}
10006e7c:	f44f 3500 	mov.w	r5, #131072	@ 0x20000
10006e80:	eb01 0641 	add.w	r6, r1, r1, lsl #1
10006e84:	eb00 04c6 	add.w	r4, r0, r6, lsl #3
10006e88:	f504 5443 	add.w	r4, r4, #12480	@ 0x30c0
10006e8c:	eb00 06c6 	add.w	r6, r0, r6, lsl #3
10006e90:	f8d6 a0dc 	ldr.w	sl, [r6, #220]	@ 0xdc
10006e94:	ea4f 0841 	mov.w	r8, r1, lsl #1
10006e98:	f8d6 90cc 	ldr.w	r9, [r6, #204]	@ 0xcc
10006e9c:	60e5      	str	r5, [r4, #12]
10006e9e:	b1bb      	cbz	r3, 10006ed0 <pio_sm_set_pindirs_with_mask+0x58>
10006ea0:	f24e 0780 	movw	r7, #57472	@ 0xe080
10006ea4:	fa93 fca3 	rbit	ip, r3
10006ea8:	fabc fc8c 	clz	ip, ip
10006eac:	fa22 f50c 	lsr.w	r5, r2, ip
10006eb0:	f103 3eff 	add.w	lr, r3, #4294967295	@ 0xffffffff
10006eb4:	ea4f 1c4c 	mov.w	ip, ip, lsl #5
10006eb8:	f005 0501 	and.w	r5, r5, #1
10006ebc:	f04c 6480 	orr.w	r4, ip, #67108864	@ 0x4000000
10006ec0:	433d      	orrs	r5, r7
10006ec2:	ea13 030e 	ands.w	r3, r3, lr
10006ec6:	f8c6 40dc 	str.w	r4, [r6, #220]	@ 0xdc
10006eca:	f8c6 50d8 	str.w	r5, [r6, #216]	@ 0xd8
10006ece:	d1e9      	bne.n	10006ea4 <pio_sm_set_pindirs_with_mask+0x2c>
10006ed0:	4488      	add	r8, r1
10006ed2:	eb00 00c8 	add.w	r0, r0, r8, lsl #3
10006ed6:	f8c0 a0dc 	str.w	sl, [r0, #220]	@ 0xdc
10006eda:	f8c0 90cc 	str.w	r9, [r0, #204]	@ 0xcc
10006ede:	e8bd 87f0 	ldmia.w	sp!, {r4, r5, r6, r7, r8, r9, sl, pc}
10006ee2:	bf00      	nop

10006ee4 <pio_sm_set_consecutive_pindirs>:
10006ee4:	e92d 41f0 	stmdb	sp!, {r4, r5, r6, r7, r8, lr}
10006ee8:	f8d0 4168 	ldr.w	r4, [r0, #360]	@ 0x168
10006eec:	f89d 6018 	ldrb.w	r6, [sp, #24]
10006ef0:	1b12      	subs	r2, r2, r4
10006ef2:	2a1f      	cmp	r2, #31
10006ef4:	d838      	bhi.n	10006f68 <pio_sm_set_consecutive_pindirs+0x84>
10006ef6:	f24e 049f 	movw	r4, #57503	@ 0xe09f
10006efa:	f24e 0580 	movw	r5, #57472	@ 0xe080
10006efe:	f44f 3800 	mov.w	r8, #131072	@ 0x20000
10006f02:	eb01 0c41 	add.w	ip, r1, r1, lsl #1
10006f06:	2e00      	cmp	r6, #0
10006f08:	bf18      	it	ne
10006f0a:	4625      	movne	r5, r4
10006f0c:	eb00 04cc 	add.w	r4, r0, ip, lsl #3
10006f10:	f504 5443 	add.w	r4, r4, #12480	@ 0x30c0
10006f14:	eb00 0ccc 	add.w	ip, r0, ip, lsl #3
10006f18:	2b05      	cmp	r3, #5
10006f1a:	f8dc 70dc 	ldr.w	r7, [ip, #220]	@ 0xdc
10006f1e:	ea4f 0e41 	mov.w	lr, r1, lsl #1
10006f22:	f8dc 60cc 	ldr.w	r6, [ip, #204]	@ 0xcc
10006f26:	f8c4 800c 	str.w	r8, [r4, #12]
10006f2a:	d90c      	bls.n	10006f46 <pio_sm_set_consecutive_pindirs+0x62>
10006f2c:	0154      	lsls	r4, r2, #5
10006f2e:	3b05      	subs	r3, #5
10006f30:	f044 54a0 	orr.w	r4, r4, #335544320	@ 0x14000000
10006f34:	3205      	adds	r2, #5
10006f36:	2b05      	cmp	r3, #5
10006f38:	f8cc 40dc 	str.w	r4, [ip, #220]	@ 0xdc
10006f3c:	f002 021f 	and.w	r2, r2, #31
10006f40:	f8cc 50d8 	str.w	r5, [ip, #216]	@ 0xd8
10006f44:	d8f2      	bhi.n	10006f2c <pio_sm_set_consecutive_pindirs+0x48>
10006f46:	4471      	add	r1, lr
10006f48:	eb00 01c1 	add.w	r1, r0, r1, lsl #3
10006f4c:	2000      	movs	r0, #0
10006f4e:	0152      	lsls	r2, r2, #5
10006f50:	ea42 6383 	orr.w	r3, r2, r3, lsl #26
10006f54:	f8c1 30dc 	str.w	r3, [r1, #220]	@ 0xdc
10006f58:	f8c1 50d8 	str.w	r5, [r1, #216]	@ 0xd8
10006f5c:	f8c1 70dc 	str.w	r7, [r1, #220]	@ 0xdc
10006f60:	f8c1 60cc 	str.w	r6, [r1, #204]	@ 0xcc
10006f64:	e8bd 81f0 	ldmia.w	sp!, {r4, r5, r6, r7, r8, pc}
10006f68:	f06f 0004 	mvn.w	r0, #4
10006f6c:	e7fa      	b.n	10006f64 <pio_sm_set_consecutive_pindirs+0x80>
10006f6e:	bf00      	nop

10006f70 <pio_sm_init>:
10006f70:	b5f0      	push	{r4, r5, r6, r7, lr}
10006f72:	2501      	movs	r5, #1
10006f74:	6804      	ldr	r4, [r0, #0]
10006f76:	408d      	lsls	r5, r1
10006f78:	ea24 0405 	bic.w	r4, r4, r5
10006f7c:	6004      	str	r4, [r0, #0]
10006f7e:	b3b3      	cbz	r3, 10006fee <pio_sm_init+0x7e>
10006f80:	e9d3 5601 	ldrd	r5, r6, [r3, #4]
10006f84:	681f      	ldr	r7, [r3, #0]
10006f86:	68dc      	ldr	r4, [r3, #12]
10006f88:	eb01 0341 	add.w	r3, r1, r1, lsl #1
10006f8c:	eb00 03c3 	add.w	r3, r0, r3, lsl #3
10006f90:	f8c3 70c8 	str.w	r7, [r3, #200]	@ 0xc8
10006f94:	ea4f 0c41 	mov.w	ip, r1, lsl #1
10006f98:	f8c3 60d0 	str.w	r6, [r3, #208]	@ 0xd0
10006f9c:	f8c3 50cc 	str.w	r5, [r3, #204]	@ 0xcc
10006fa0:	f8c3 40dc 	str.w	r4, [r3, #220]	@ 0xdc
10006fa4:	eb0c 0301 	add.w	r3, ip, r1
10006fa8:	f04f 3501 	mov.w	r5, #16843009	@ 0x1010101
10006fac:	eb00 0cc3 	add.w	ip, r0, r3, lsl #3
10006fb0:	f04f 4600 	mov.w	r6, #2147483648	@ 0x80000000
10006fb4:	eb00 0ec3 	add.w	lr, r0, r3, lsl #3
10006fb8:	2301      	movs	r3, #1
10006fba:	f50e 5e86 	add.w	lr, lr, #4288	@ 0x10c0
10006fbe:	1d0c      	adds	r4, r1, #4
10006fc0:	f101 0708 	add.w	r7, r1, #8
10006fc4:	408d      	lsls	r5, r1
10006fc6:	f8ce 6010 	str.w	r6, [lr, #16]
10006fca:	fa03 f404 	lsl.w	r4, r3, r4
10006fce:	f8ce 6010 	str.w	r6, [lr, #16]
10006fd2:	f002 021f 	and.w	r2, r2, #31
10006fd6:	6085      	str	r5, [r0, #8]
10006fd8:	40bb      	lsls	r3, r7
10006fda:	f500 5000 	add.w	r0, r0, #8192	@ 0x2000
10006fde:	6004      	str	r4, [r0, #0]
10006fe0:	f10e 0e10 	add.w	lr, lr, #16
10006fe4:	6003      	str	r3, [r0, #0]
10006fe6:	2000      	movs	r0, #0
10006fe8:	f8cc 20d8 	str.w	r2, [ip, #216]	@ 0xd8
10006fec:	bdf0      	pop	{r4, r5, r6, r7, pc}
10006fee:	f44f 3780 	mov.w	r7, #65536	@ 0x10000
10006ff2:	f44f 2640 	mov.w	r6, #786432	@ 0xc0000
10006ff6:	f44f 35f8 	mov.w	r5, #126976	@ 0x1f000
10006ffa:	eb01 0441 	add.w	r4, r1, r1, lsl #1
10006ffe:	eb00 04c4 	add.w	r4, r0, r4, lsl #3
10007002:	f8c4 70c8 	str.w	r7, [r4, #200]	@ 0xc8
10007006:	ea4f 0c41 	mov.w	ip, r1, lsl #1
1000700a:	f8c4 60d0 	str.w	r6, [r4, #208]	@ 0xd0
1000700e:	f8c4 50cc 	str.w	r5, [r4, #204]	@ 0xcc
10007012:	f8c4 30dc 	str.w	r3, [r4, #220]	@ 0xdc
10007016:	e7c5      	b.n	10006fa4 <pio_sm_init+0x34>

10007018 <memset>:
10007018:	b570      	push	{r4, r5, r6, lr}
1000701a:	0786      	lsls	r6, r0, #30
1000701c:	d047      	beq.n	100070ae <memset+0x96>
1000701e:	1e54      	subs	r4, r2, #1
10007020:	2a00      	cmp	r2, #0
10007022:	d03e      	beq.n	100070a2 <memset+0x8a>
10007024:	b2ca      	uxtb	r2, r1
10007026:	4603      	mov	r3, r0
10007028:	e001      	b.n	1000702e <memset+0x16>
1000702a:	3c01      	subs	r4, #1
1000702c:	d339      	bcc.n	100070a2 <memset+0x8a>
1000702e:	f803 2b01 	strb.w	r2, [r3], #1
10007032:	079d      	lsls	r5, r3, #30
10007034:	d1f9      	bne.n	1000702a <memset+0x12>
10007036:	2c03      	cmp	r4, #3
10007038:	d92c      	bls.n	10007094 <memset+0x7c>
1000703a:	b2cd      	uxtb	r5, r1
1000703c:	2c0f      	cmp	r4, #15
1000703e:	eb05 2505 	add.w	r5, r5, r5, lsl #8
10007042:	eb05 4505 	add.w	r5, r5, r5, lsl #16
10007046:	d935      	bls.n	100070b4 <memset+0x9c>
10007048:	f1a4 0c10 	sub.w	ip, r4, #16
1000704c:	f103 0e10 	add.w	lr, r3, #16
10007050:	461a      	mov	r2, r3
10007052:	f02c 060f 	bic.w	r6, ip, #15
10007056:	ea4f 1c1c 	mov.w	ip, ip, lsr #4
1000705a:	44b6      	add	lr, r6
1000705c:	e9c2 5500 	strd	r5, r5, [r2]
10007060:	e9c2 5502 	strd	r5, r5, [r2, #8]
10007064:	3210      	adds	r2, #16
10007066:	4572      	cmp	r2, lr
10007068:	d1f8      	bne.n	1000705c <memset+0x44>
1000706a:	f10c 0201 	add.w	r2, ip, #1
1000706e:	f014 0f0c 	tst.w	r4, #12
10007072:	f004 0c0f 	and.w	ip, r4, #15
10007076:	eb03 1202 	add.w	r2, r3, r2, lsl #4
1000707a:	d013      	beq.n	100070a4 <memset+0x8c>
1000707c:	f1ac 0304 	sub.w	r3, ip, #4
10007080:	f023 0303 	bic.w	r3, r3, #3
10007084:	3304      	adds	r3, #4
10007086:	4413      	add	r3, r2
10007088:	f842 5b04 	str.w	r5, [r2], #4
1000708c:	4293      	cmp	r3, r2
1000708e:	d1fb      	bne.n	10007088 <memset+0x70>
10007090:	f00c 0403 	and.w	r4, ip, #3
10007094:	b12c      	cbz	r4, 100070a2 <memset+0x8a>
10007096:	b2c9      	uxtb	r1, r1
10007098:	441c      	add	r4, r3
1000709a:	f803 1b01 	strb.w	r1, [r3], #1
1000709e:	42a3      	cmp	r3, r4
100070a0:	d1fb      	bne.n	1000709a <memset+0x82>
100070a2:	bd70      	pop	{r4, r5, r6, pc}
100070a4:	4664      	mov	r4, ip
100070a6:	4613      	mov	r3, r2
100070a8:	2c00      	cmp	r4, #0
100070aa:	d1f4      	bne.n	10007096 <memset+0x7e>
100070ac:	e7f9      	b.n	100070a2 <memset+0x8a>
100070ae:	4603      	mov	r3, r0
100070b0:	4614      	mov	r4, r2
100070b2:	e7c0      	b.n	10007036 <memset+0x1e>
100070b4:	461a      	mov	r2, r3
100070b6:	46a4      	mov	ip, r4
100070b8:	e7e0      	b.n	1000707c <memset+0x64>
100070ba:	bf00      	nop

100070bc <memcpy>:
100070bc:	4684      	mov	ip, r0
100070be:	ea41 0300 	orr.w	r3, r1, r0
100070c2:	f013 0303 	ands.w	r3, r3, #3
100070c6:	d149      	bne.n	1000715c <memcpy+0xa0>
100070c8:	3a40      	subs	r2, #64	@ 0x40
100070ca:	d323      	bcc.n	10007114 <memcpy+0x58>
100070cc:	680b      	ldr	r3, [r1, #0]
100070ce:	6003      	str	r3, [r0, #0]
100070d0:	684b      	ldr	r3, [r1, #4]
100070d2:	6043      	str	r3, [r0, #4]
100070d4:	688b      	ldr	r3, [r1, #8]
100070d6:	6083      	str	r3, [r0, #8]
100070d8:	68cb      	ldr	r3, [r1, #12]
100070da:	60c3      	str	r3, [r0, #12]
100070dc:	690b      	ldr	r3, [r1, #16]
100070de:	6103      	str	r3, [r0, #16]
100070e0:	694b      	ldr	r3, [r1, #20]
100070e2:	6143      	str	r3, [r0, #20]
100070e4:	698b      	ldr	r3, [r1, #24]
100070e6:	6183      	str	r3, [r0, #24]
100070e8:	69cb      	ldr	r3, [r1, #28]
100070ea:	61c3      	str	r3, [r0, #28]
100070ec:	6a0b      	ldr	r3, [r1, #32]
100070ee:	6203      	str	r3, [r0, #32]
100070f0:	6a4b      	ldr	r3, [r1, #36]	@ 0x24
100070f2:	6243      	str	r3, [r0, #36]	@ 0x24
100070f4:	6a8b      	ldr	r3, [r1, #40]	@ 0x28
100070f6:	6283      	str	r3, [r0, #40]	@ 0x28
100070f8:	6acb      	ldr	r3, [r1, #44]	@ 0x2c
100070fa:	62c3      	str	r3, [r0, #44]	@ 0x2c
100070fc:	6b0b      	ldr	r3, [r1, #48]	@ 0x30
100070fe:	6303      	str	r3, [r0, #48]	@ 0x30
10007100:	6b4b      	ldr	r3, [r1, #52]	@ 0x34
10007102:	6343      	str	r3, [r0, #52]	@ 0x34
10007104:	6b8b      	ldr	r3, [r1, #56]	@ 0x38
10007106:	6383      	str	r3, [r0, #56]	@ 0x38
10007108:	6bcb      	ldr	r3, [r1, #60]	@ 0x3c
1000710a:	63c3      	str	r3, [r0, #60]	@ 0x3c
1000710c:	3040      	adds	r0, #64	@ 0x40
1000710e:	3140      	adds	r1, #64	@ 0x40
10007110:	3a40      	subs	r2, #64	@ 0x40
10007112:	d2db      	bcs.n	100070cc <memcpy+0x10>
10007114:	3230      	adds	r2, #48	@ 0x30
10007116:	d30b      	bcc.n	10007130 <memcpy+0x74>
10007118:	680b      	ldr	r3, [r1, #0]
1000711a:	6003      	str	r3, [r0, #0]
1000711c:	684b      	ldr	r3, [r1, #4]
1000711e:	6043      	str	r3, [r0, #4]
10007120:	688b      	ldr	r3, [r1, #8]
10007122:	6083      	str	r3, [r0, #8]
10007124:	68cb      	ldr	r3, [r1, #12]
10007126:	60c3      	str	r3, [r0, #12]
10007128:	3010      	adds	r0, #16
1000712a:	3110      	adds	r1, #16
1000712c:	3a10      	subs	r2, #16
1000712e:	d2f3      	bcs.n	10007118 <memcpy+0x5c>
10007130:	320c      	adds	r2, #12
10007132:	d305      	bcc.n	10007140 <memcpy+0x84>
10007134:	f851 3b04 	ldr.w	r3, [r1], #4
10007138:	f840 3b04 	str.w	r3, [r0], #4
1000713c:	3a04      	subs	r2, #4
1000713e:	d2f9      	bcs.n	10007134 <memcpy+0x78>
10007140:	3204      	adds	r2, #4
10007142:	d008      	beq.n	10007156 <memcpy+0x9a>
10007144:	07d2      	lsls	r2, r2, #31
10007146:	bf1c      	itt	ne
10007148:	f811 3b01 	ldrbne.w	r3, [r1], #1
1000714c:	f800 3b01 	strbne.w	r3, [r0], #1
10007150:	d301      	bcc.n	10007156 <memcpy+0x9a>
10007152:	880b      	ldrh	r3, [r1, #0]
10007154:	8003      	strh	r3, [r0, #0]
10007156:	4660      	mov	r0, ip
10007158:	4770      	bx	lr
1000715a:	bf00      	nop
1000715c:	2a08      	cmp	r2, #8
1000715e:	d313      	bcc.n	10007188 <memcpy+0xcc>
10007160:	078b      	lsls	r3, r1, #30
10007162:	d0b1      	beq.n	100070c8 <memcpy+0xc>
10007164:	f010 0303 	ands.w	r3, r0, #3
10007168:	d0ae      	beq.n	100070c8 <memcpy+0xc>
1000716a:	f1c3 0304 	rsb	r3, r3, #4
1000716e:	1ad2      	subs	r2, r2, r3
10007170:	07db      	lsls	r3, r3, #31
10007172:	bf1c      	itt	ne
10007174:	f811 3b01 	ldrbne.w	r3, [r1], #1
10007178:	f800 3b01 	strbne.w	r3, [r0], #1
1000717c:	d3a4      	bcc.n	100070c8 <memcpy+0xc>
1000717e:	f831 3b02 	ldrh.w	r3, [r1], #2
10007182:	f820 3b02 	strh.w	r3, [r0], #2
10007186:	e79f      	b.n	100070c8 <memcpy+0xc>
10007188:	3a04      	subs	r2, #4
1000718a:	d3d9      	bcc.n	10007140 <memcpy+0x84>
1000718c:	3a01      	subs	r2, #1
1000718e:	f811 3b01 	ldrb.w	r3, [r1], #1
10007192:	f800 3b01 	strb.w	r3, [r0], #1
10007196:	d2f9      	bcs.n	1000718c <memcpy+0xd0>
10007198:	780b      	ldrb	r3, [r1, #0]
1000719a:	7003      	strb	r3, [r0, #0]
1000719c:	784b      	ldrb	r3, [r1, #1]
1000719e:	7043      	strb	r3, [r0, #1]
100071a0:	788b      	ldrb	r3, [r1, #2]
100071a2:	7083      	strb	r3, [r0, #2]
100071a4:	4660      	mov	r0, ip
100071a6:	4770      	bx	lr

100071a8 <atexit>:
100071a8:	2300      	movs	r3, #0
100071aa:	4601      	mov	r1, r0
100071ac:	461a      	mov	r2, r3
100071ae:	4618      	mov	r0, r3
100071b0:	f000 b842 	b.w	10007238 <__register_exitproc>

100071b4 <strlen>:
100071b4:	f020 0103 	bic.w	r1, r0, #3
100071b8:	f010 0003 	ands.w	r0, r0, #3
100071bc:	f1c0 0000 	rsb	r0, r0, #0
100071c0:	f851 3b04 	ldr.w	r3, [r1], #4
100071c4:	f100 0c04 	add.w	ip, r0, #4
100071c8:	ea4f 0ccc 	mov.w	ip, ip, lsl #3
100071cc:	f06f 0200 	mvn.w	r2, #0
100071d0:	bf1c      	itt	ne
100071d2:	fa22 f20c 	lsrne.w	r2, r2, ip
100071d6:	4313      	orrne	r3, r2
100071d8:	f04f 0c01 	mov.w	ip, #1
100071dc:	ea4c 2c0c 	orr.w	ip, ip, ip, lsl #8
100071e0:	ea4c 4c0c 	orr.w	ip, ip, ip, lsl #16
100071e4:	eba3 020c 	sub.w	r2, r3, ip
100071e8:	ea22 0203 	bic.w	r2, r2, r3
100071ec:	ea12 12cc 	ands.w	r2, r2, ip, lsl #7
100071f0:	bf04      	itt	eq
100071f2:	f851 3b04 	ldreq.w	r3, [r1], #4
100071f6:	3004      	addeq	r0, #4
100071f8:	d0f4      	beq.n	100071e4 <strlen+0x30>
100071fa:	f1c2 0100 	rsb	r1, r2, #0
100071fe:	ea02 0201 	and.w	r2, r2, r1
10007202:	fab2 f282 	clz	r2, r2
10007206:	f1c2 021f 	rsb	r2, r2, #31
1000720a:	eb00 00d2 	add.w	r0, r0, r2, lsr #3
1000720e:	4770      	bx	lr

10007210 <__libc_fini_array>:
10007210:	b538      	push	{r3, r4, r5, lr}
10007212:	4d07      	ldr	r5, [pc, #28]	@ (10007230 <__libc_fini_array+0x20>)
10007214:	4c07      	ldr	r4, [pc, #28]	@ (10007234 <__libc_fini_array+0x24>)
10007216:	1b2c      	subs	r4, r5, r4
10007218:	10a4      	asrs	r4, r4, #2
1000721a:	d005      	beq.n	10007228 <__libc_fini_array+0x18>
1000721c:	3c01      	subs	r4, #1
1000721e:	f855 3d04 	ldr.w	r3, [r5, #-4]!
10007222:	4798      	blx	r3
10007224:	2c00      	cmp	r4, #0
10007226:	d1f9      	bne.n	1000721c <__libc_fini_array+0xc>
10007228:	e8bd 4038 	ldmia.w	sp!, {r3, r4, r5, lr}
1000722c:	f000 b840 	b.w	100072b0 <_fini>
10007230:	10007364 	.word	0x10007364
10007234:	10007364 	.word	0x10007364

10007238 <__register_exitproc>:
10007238:	b470      	push	{r4, r5, r6}
1000723a:	4d16      	ldr	r5, [pc, #88]	@ (10007294 <__register_exitproc+0x5c>)
1000723c:	682c      	ldr	r4, [r5, #0]
1000723e:	b31c      	cbz	r4, 10007288 <__register_exitproc+0x50>
10007240:	6865      	ldr	r5, [r4, #4]
10007242:	2d1f      	cmp	r5, #31
10007244:	dc23      	bgt.n	1000728e <__register_exitproc+0x56>
10007246:	b938      	cbnz	r0, 10007258 <__register_exitproc+0x20>
10007248:	1c6b      	adds	r3, r5, #1
1000724a:	2000      	movs	r0, #0
1000724c:	3502      	adds	r5, #2
1000724e:	6063      	str	r3, [r4, #4]
10007250:	f844 1025 	str.w	r1, [r4, r5, lsl #2]
10007254:	bc70      	pop	{r4, r5, r6}
10007256:	4770      	bx	lr
10007258:	eb04 0c85 	add.w	ip, r4, r5, lsl #2
1000725c:	2802      	cmp	r0, #2
1000725e:	f8cc 2088 	str.w	r2, [ip, #136]	@ 0x88
10007262:	f04f 0201 	mov.w	r2, #1
10007266:	f8d4 6188 	ldr.w	r6, [r4, #392]	@ 0x188
1000726a:	fa02 f205 	lsl.w	r2, r2, r5
1000726e:	ea46 0602 	orr.w	r6, r6, r2
10007272:	f8c4 6188 	str.w	r6, [r4, #392]	@ 0x188
10007276:	f8cc 3108 	str.w	r3, [ip, #264]	@ 0x108
1000727a:	d1e5      	bne.n	10007248 <__register_exitproc+0x10>
1000727c:	f8d4 318c 	ldr.w	r3, [r4, #396]	@ 0x18c
10007280:	4313      	orrs	r3, r2
10007282:	f8c4 318c 	str.w	r3, [r4, #396]	@ 0x18c
10007286:	e7df      	b.n	10007248 <__register_exitproc+0x10>
10007288:	4c03      	ldr	r4, [pc, #12]	@ (10007298 <__register_exitproc+0x60>)
1000728a:	602c      	str	r4, [r5, #0]
1000728c:	e7d8      	b.n	10007240 <__register_exitproc+0x8>
1000728e:	f04f 30ff 	mov.w	r0, #4294967295	@ 0xffffffff
10007292:	e7df      	b.n	10007254 <__register_exitproc+0x1c>
10007294:	20004cdc 	.word	0x20004cdc
10007298:	20004b4c 	.word	0x20004b4c

1000729c <register_fini>:
1000729c:	4b02      	ldr	r3, [pc, #8]	@ (100072a8 <register_fini+0xc>)
1000729e:	b113      	cbz	r3, 100072a6 <register_fini+0xa>
100072a0:	4802      	ldr	r0, [pc, #8]	@ (100072ac <register_fini+0x10>)
100072a2:	f7ff bf81 	b.w	100071a8 <atexit>
100072a6:	4770      	bx	lr
100072a8:	00000000 	.word	0x00000000
100072ac:	10007211 	.word	0x10007211

100072b0 <_fini>:
100072b0:	b5f8      	push	{r3, r4, r5, r6, r7, lr}
100072b2:	bf00      	nop
100072b4:	0000      	movs	r0, r0
	...

100072b8 <__reset_non_control_endpoints_veneer>:
100072b8:	f85f f000 	ldr.w	pc, [pc]	@ 100072bc <__reset_non_control_endpoints_veneer+0x4>
100072bc:	2000051d 	.word	0x2000051d

100072c0 <__flash_do_cmd_veneer>:
100072c0:	f85f f000 	ldr.w	pc, [pc]	@ 100072c4 <__flash_do_cmd_veneer+0x4>
100072c4:	200003e5 	.word	0x200003e5

100072c8 <__e15_is_bulkin_ep_veneer>:
100072c8:	f85f f000 	ldr.w	pc, [pc]	@ 100072cc <__e15_is_bulkin_ep_veneer+0x4>
100072cc:	20000d0d 	.word	0x20000d0d

100072d0 <__mutex_enter_timeout_ms_veneer>:
100072d0:	f85f f000 	ldr.w	pc, [pc]	@ 100072d4 <__mutex_enter_timeout_ms_veneer+0x4>
100072d4:	200002bd 	.word	0x200002bd

100072d8 <__hw_endpoint_start_next_buffer_veneer>:
100072d8:	f85f f000 	ldr.w	pc, [pc]	@ 100072dc <__hw_endpoint_start_next_buffer_veneer+0x4>
100072dc:	20000dad 	.word	0x20000dad

100072e0 <____aeabi_uldivmod_veneer>:
100072e0:	f85f f000 	ldr.w	pc, [pc]	@ 100072e4 <____aeabi_uldivmod_veneer+0x4>
100072e4:	20001071 	.word	0x20001071

100072e8 <__mutex_exit_veneer>:
100072e8:	f85f f000 	ldr.w	pc, [pc]	@ 100072ec <__mutex_exit_veneer+0x4>
100072ec:	200002f5 	.word	0x200002f5

100072f0 <__mutex_enter_blocking_veneer>:
100072f0:	f85f f000 	ldr.w	pc, [pc]	@ 100072f4 <__mutex_enter_blocking_veneer+0x4>
100072f4:	20000111 	.word	0x20000111

100072f8 <___hw_endpoint_buffer_control_update32_veneer>:
100072f8:	f85f f000 	ldr.w	pc, [pc]	@ 100072fc <___hw_endpoint_buffer_control_update32_veneer+0x4>
100072fc:	20000d69 	.word	0x20000d69

10007300 <__mutex_try_enter_block_until_veneer>:
10007300:	f85f f000 	ldr.w	pc, [pc]	@ 10007304 <__mutex_try_enter_block_until_veneer+0x4>
10007304:	20000251 	.word	0x20000251

10007308 <__mutex_try_enter_veneer>:
10007308:	f85f f000 	ldr.w	pc, [pc]	@ 1000730c <__mutex_try_enter_veneer+0x4>
1000730c:	20000191 	.word	0x20000191

10007310 <__e15_is_critical_frame_period_veneer>:
10007310:	f85f f000 	ldr.w	pc, [pc]	@ 10007314 <__e15_is_critical_frame_period_veneer+0x4>
10007314:	20000d35 	.word	0x20000d35

10007318 <__pre_init_runtime_init_bootrom_reset>:
10007318:	10002939                                9)..

1000731c <__pre_init_runtime_init_early_resets>:
1000731c:	100028ad                                .(..

10007320 <__pre_init_runtime_init_usb_power_down>:
10007320:	100028e1                                .(..

10007324 <__pre_init_runtime_init_clocks>:
10007324:	10002985                                .)..

10007328 <__pre_init_runtime_init_post_clock_resets>:
10007328:	10002919                                .)..

1000732c <__pre_init_runtime_init_boot_locks_reset>:
1000732c:	10002815                                .(..

10007330 <__pre_init_runtime_init_spin_locks_reset>:
10007330:	10002961                                a)..

10007334 <__pre_init_runtime_init_bootrom_locking_enable>:
10007334:	10002801                                .(..

10007338 <__pre_init_runtime_init_mutex>:
10007338:	10001515                                ....

1000733c <__pre_init_runtime_init_install_ram_vector_table>:
1000733c:	10002965                                e)..

10007340 <__pre_init_runtime_init_default_alarm_pool>:
10007340:	100018b9                                ....

10007344 <__pre_init_first_per_core_initializer>:
10007344:	1000285d                                ](..

10007348 <__pre_init_runtime_init_per_core_bootrom_reset>:
10007348:	1000294d                                M)..

1000734c <__pre_init_runtime_init_per_core_enable_coprocessors>:
1000734c:	100028fd                                .(..

10007350 <__pre_init_spinlock_set_extexclall>:
10007350:	10001df1                                ....

10007354 <__pre_init_runtime_init_per_core_irq_priorities>:
10007354:	10001e19                                ....

10007358 <__init_array_start>:
10007358:	1000729d 	.word	0x1000729d

1000735c <__frame_dummy_init_array_entry>:
1000735c:	1000025d 10006ce9                       ]....l..

Disassembly of section .data:

20000110 <mutex_enter_blocking>:
20000110:	f04f 4350 	mov.w	r3, #3489660928	@ 0xd0000000
20000114:	b510      	push	{r4, lr}
20000116:	6802      	ldr	r2, [r0, #0]
20000118:	f993 4000 	ldrsb.w	r4, [r3]
2000011c:	f3ef 8310 	mrs	r3, PRIMASK
20000120:	b672      	cpsid	i
20000122:	e8d2 cfcf 	ldaexb	ip, [r2]
20000126:	2101      	movs	r1, #1
20000128:	f1bc 0f00 	cmp.w	ip, #0
2000012c:	d1f9      	bne.n	20000122 <mutex_enter_blocking+0x12>
2000012e:	e8c2 1f4c 	strexb	ip, r1, [r2]
20000132:	f1bc 0f00 	cmp.w	ip, #0
20000136:	d1f4      	bne.n	20000122 <mutex_enter_blocking+0x12>
20000138:	f3bf 8f5f 	dmb	sy
2000013c:	f990 2004 	ldrsb.w	r2, [r0, #4]
20000140:	2a00      	cmp	r2, #0
20000142:	db1c      	blt.n	2000017e <mutex_enter_blocking+0x6e>
20000144:	2100      	movs	r1, #0
20000146:	6802      	ldr	r2, [r0, #0]
20000148:	e8c2 1f8f 	stlb	r1, [r2]
2000014c:	f383 8810 	msr	PRIMASK, r3
20000150:	bf20      	wfe
20000152:	6802      	ldr	r2, [r0, #0]
20000154:	f3ef 8310 	mrs	r3, PRIMASK
20000158:	b672      	cpsid	i
2000015a:	e8d2 efcf 	ldaexb	lr, [r2]
2000015e:	f05f 0c01 	movs.w	ip, #1
20000162:	f1be 0f00 	cmp.w	lr, #0
20000166:	d1f8      	bne.n	2000015a <mutex_enter_blocking+0x4a>
20000168:	e8c2 cf4e 	strexb	lr, ip, [r2]
2000016c:	f1be 0f00 	cmp.w	lr, #0
20000170:	d1f3      	bne.n	2000015a <mutex_enter_blocking+0x4a>
20000172:	f3bf 8f5f 	dmb	sy
20000176:	f990 2004 	ldrsb.w	r2, [r0, #4]
2000017a:	2a00      	cmp	r2, #0
2000017c:	dae3      	bge.n	20000146 <mutex_enter_blocking+0x36>
2000017e:	2200      	movs	r2, #0
20000180:	6801      	ldr	r1, [r0, #0]
20000182:	7104      	strb	r4, [r0, #4]
20000184:	e8c1 2f8f 	stlb	r2, [r1]
20000188:	f383 8810 	msr	PRIMASK, r3
2000018c:	bd10      	pop	{r4, pc}
2000018e:	bf00      	nop

20000190 <mutex_try_enter>:
20000190:	4603      	mov	r3, r0
20000192:	b500      	push	{lr}
20000194:	6802      	ldr	r2, [r0, #0]
20000196:	f3ef 8c10 	mrs	ip, PRIMASK
2000019a:	b672      	cpsid	i
2000019c:	e8d2 efcf 	ldaexb	lr, [r2]
200001a0:	2001      	movs	r0, #1
200001a2:	f1be 0f00 	cmp.w	lr, #0
200001a6:	d1f9      	bne.n	2000019c <mutex_try_enter+0xc>
200001a8:	e8c2 0f4e 	strexb	lr, r0, [r2]
200001ac:	f1be 0f00 	cmp.w	lr, #0
200001b0:	d1f4      	bne.n	2000019c <mutex_try_enter+0xc>
200001b2:	f3bf 8f5f 	dmb	sy
200001b6:	f993 2004 	ldrsb.w	r2, [r3, #4]
200001ba:	2a00      	cmp	r2, #0
200001bc:	db0a      	blt.n	200001d4 <mutex_try_enter+0x44>
200001be:	b101      	cbz	r1, 200001c2 <mutex_try_enter+0x32>
200001c0:	600a      	str	r2, [r1, #0]
200001c2:	2000      	movs	r0, #0
200001c4:	2200      	movs	r2, #0
200001c6:	681b      	ldr	r3, [r3, #0]
200001c8:	e8c3 2f8f 	stlb	r2, [r3]
200001cc:	f38c 8810 	msr	PRIMASK, ip
200001d0:	f85d fb04 	ldr.w	pc, [sp], #4
200001d4:	f04f 4250 	mov.w	r2, #3489660928	@ 0xd0000000
200001d8:	6812      	ldr	r2, [r2, #0]
200001da:	2001      	movs	r0, #1
200001dc:	711a      	strb	r2, [r3, #4]
200001de:	e7f1      	b.n	200001c4 <mutex_try_enter+0x34>

200001e0 <mutex_enter_block_until>:
200001e0:	f04f 4150 	mov.w	r1, #3489660928	@ 0xd0000000
200001e4:	e92d 41f0 	stmdb	sp!, {r4, r5, r6, r7, r8, lr}
200001e8:	2700      	movs	r7, #0
200001ea:	4604      	mov	r4, r0
200001ec:	4616      	mov	r6, r2
200001ee:	461d      	mov	r5, r3
200001f0:	f8d1 8000 	ldr.w	r8, [r1]
200001f4:	e009      	b.n	2000020a <mutex_enter_block_until+0x2a>
200001f6:	6823      	ldr	r3, [r4, #0]
200001f8:	e8c3 7f8f 	stlb	r7, [r3]
200001fc:	f38c 8810 	msr	PRIMASK, ip
20000200:	4630      	mov	r0, r6
20000202:	4629      	mov	r1, r5
20000204:	f001 f8e4 	bl	200013d0 <__best_effort_wfe_or_timeout_veneer>
20000208:	b9f0      	cbnz	r0, 20000248 <mutex_enter_block_until+0x68>
2000020a:	6821      	ldr	r1, [r4, #0]
2000020c:	f3ef 8c10 	mrs	ip, PRIMASK
20000210:	b672      	cpsid	i
20000212:	e8d1 2fcf 	ldaexb	r2, [r1]
20000216:	2301      	movs	r3, #1
20000218:	2a00      	cmp	r2, #0
2000021a:	d1fa      	bne.n	20000212 <mutex_enter_block_until+0x32>
2000021c:	e8c1 3f42 	strexb	r2, r3, [r1]
20000220:	2a00      	cmp	r2, #0
20000222:	d1f6      	bne.n	20000212 <mutex_enter_block_until+0x32>
20000224:	f3bf 8f5f 	dmb	sy
20000228:	f994 e004 	ldrsb.w	lr, [r4, #4]
2000022c:	f1be 0f00 	cmp.w	lr, #0
20000230:	dae1      	bge.n	200001f6 <mutex_enter_block_until+0x16>
20000232:	2300      	movs	r3, #0
20000234:	6822      	ldr	r2, [r4, #0]
20000236:	f884 8004 	strb.w	r8, [r4, #4]
2000023a:	e8c2 3f8f 	stlb	r3, [r2]
2000023e:	f38c 8810 	msr	PRIMASK, ip
20000242:	2001      	movs	r0, #1
20000244:	e8bd 81f0 	ldmia.w	sp!, {r4, r5, r6, r7, r8, pc}
20000248:	2000      	movs	r0, #0
2000024a:	e8bd 81f0 	ldmia.w	sp!, {r4, r5, r6, r7, r8, pc}
2000024e:	bf00      	nop

20000250 <mutex_try_enter_block_until>:
20000250:	b530      	push	{r4, r5, lr}
20000252:	4601      	mov	r1, r0
20000254:	6804      	ldr	r4, [r0, #0]
20000256:	f3ef 8c10 	mrs	ip, PRIMASK
2000025a:	b672      	cpsid	i
2000025c:	e8d4 efcf 	ldaexb	lr, [r4]
20000260:	2501      	movs	r5, #1
20000262:	f1be 0f00 	cmp.w	lr, #0
20000266:	d1f9      	bne.n	2000025c <mutex_try_enter_block_until+0xc>
20000268:	e8c4 5f4e 	strexb	lr, r5, [r4]
2000026c:	f1be 0f00 	cmp.w	lr, #0
20000270:	d1f4      	bne.n	2000025c <mutex_try_enter_block_until+0xc>
20000272:	f3bf 8f5f 	dmb	sy
20000276:	f990 4004 	ldrsb.w	r4, [r0, #4]
2000027a:	2c00      	cmp	r4, #0
2000027c:	db11      	blt.n	200002a2 <mutex_try_enter_block_until+0x52>
2000027e:	2100      	movs	r1, #0
20000280:	6805      	ldr	r5, [r0, #0]
20000282:	e8c5 1f8f 	stlb	r1, [r5]
20000286:	f38c 8810 	msr	PRIMASK, ip
2000028a:	f04f 4c50 	mov.w	ip, #3489660928	@ 0xd0000000
2000028e:	f99c c000 	ldrsb.w	ip, [ip]
20000292:	45a4      	cmp	ip, r4
20000294:	d101      	bne.n	2000029a <mutex_try_enter_block_until+0x4a>
20000296:	4608      	mov	r0, r1
20000298:	bd30      	pop	{r4, r5, pc}
2000029a:	e8bd 4030 	ldmia.w	sp!, {r4, r5, lr}
2000029e:	f7ff bf9f 	b.w	200001e0 <mutex_enter_block_until>
200002a2:	f04f 4050 	mov.w	r0, #3489660928	@ 0xd0000000
200002a6:	6800      	ldr	r0, [r0, #0]
200002a8:	2300      	movs	r3, #0
200002aa:	680a      	ldr	r2, [r1, #0]
200002ac:	7108      	strb	r0, [r1, #4]
200002ae:	e8c2 3f8f 	stlb	r3, [r2]
200002b2:	f38c 8810 	msr	PRIMASK, ip
200002b6:	2001      	movs	r0, #1
200002b8:	bd30      	pop	{r4, r5, pc}
200002ba:	bf00      	nop

200002bc <mutex_enter_timeout_ms>:
200002bc:	b570      	push	{r4, r5, r6, lr}
200002be:	4605      	mov	r5, r0
200002c0:	460c      	mov	r4, r1
200002c2:	f001 f889 	bl	200013d8 <__time_us_64_veneer>
200002c6:	4602      	mov	r2, r0
200002c8:	460b      	mov	r3, r1
200002ca:	f44f 707a 	mov.w	r0, #1000	@ 0x3e8
200002ce:	f04f 3eff 	mov.w	lr, #4294967295	@ 0xffffffff
200002d2:	f06f 4c00 	mvn.w	ip, #2147483648	@ 0x80000000
200002d6:	fbe4 2300 	umlal	r2, r3, r4, r0
200002da:	4596      	cmp	lr, r2
200002dc:	eb7c 0103 	sbcs.w	r1, ip, r3
200002e0:	bf38      	it	cc
200002e2:	4672      	movcc	r2, lr
200002e4:	4628      	mov	r0, r5
200002e6:	e8bd 4070 	ldmia.w	sp!, {r4, r5, r6, lr}
200002ea:	bf38      	it	cc
200002ec:	4663      	movcc	r3, ip
200002ee:	f7ff bf77 	b.w	200001e0 <mutex_enter_block_until>
200002f2:	bf00      	nop

200002f4 <mutex_exit>:
200002f4:	6803      	ldr	r3, [r0, #0]
200002f6:	f3ef 8210 	mrs	r2, PRIMASK
200002fa:	b672      	cpsid	i
200002fc:	e8d3 cfcf 	ldaexb	ip, [r3]
20000300:	2101      	movs	r1, #1
20000302:	f1bc 0f00 	cmp.w	ip, #0
20000306:	d1f9      	bne.n	200002fc <mutex_exit+0x8>
20000308:	e8c3 1f4c 	strexb	ip, r1, [r3]
2000030c:	f1bc 0f00 	cmp.w	ip, #0
20000310:	d1f4      	bne.n	200002fc <mutex_exit+0x8>
20000312:	f3bf 8f5f 	dmb	sy
20000316:	f04f 0cff 	mov.w	ip, #255	@ 0xff
2000031a:	2300      	movs	r3, #0
2000031c:	6801      	ldr	r1, [r0, #0]
2000031e:	f880 c004 	strb.w	ip, [r0, #4]
20000322:	e8c1 3f8f 	stlb	r3, [r1]
20000326:	f382 8810 	msr	PRIMASK, r2
2000032a:	bf40      	sev
2000032c:	4770      	bx	lr
2000032e:	bf00      	nop

20000330 <flash_init_boot2_copyout>:
20000330:	b410      	push	{r4}
20000332:	4c0a      	ldr	r4, [pc, #40]	@ (2000035c <flash_init_boot2_copyout+0x2c>)
20000334:	7823      	ldrb	r3, [r4, #0]
20000336:	b96b      	cbnz	r3, 20000354 <flash_init_boot2_copyout+0x24>
20000338:	4b09      	ldr	r3, [pc, #36]	@ (20000360 <flash_init_boot2_copyout+0x30>)
2000033a:	f1c3 4180 	rsb	r1, r3, #1073741824	@ 0x40000000
2000033e:	f503 7080 	add.w	r0, r3, #256	@ 0x100
20000342:	f501 2160 	add.w	r1, r1, #917504	@ 0xe0000
20000346:	58ca      	ldr	r2, [r1, r3]
20000348:	f843 2f04 	str.w	r2, [r3, #4]!
2000034c:	4283      	cmp	r3, r0
2000034e:	d1fa      	bne.n	20000346 <flash_init_boot2_copyout+0x16>
20000350:	2301      	movs	r3, #1
20000352:	7023      	strb	r3, [r4, #0]
20000354:	f85d 4b04 	ldr.w	r4, [sp], #4
20000358:	4770      	bx	lr
2000035a:	bf00      	nop
2000035c:	20011257 	.word	0x20011257
20000360:	2001087c 	.word	0x2001087c

20000364 <flash_enable_xip_via_boot2>:
20000364:	4b00      	ldr	r3, [pc, #0]	@ (20000368 <flash_enable_xip_via_boot2+0x4>)
20000366:	4718      	bx	r3
20000368:	20010881 	.word	0x20010881

2000036c <flash_rp2350_save_qmi_cs1>:
2000036c:	4b03      	ldr	r3, [pc, #12]	@ (2000037c <flash_rp2350_save_qmi_cs1+0x10>)
2000036e:	6a1a      	ldr	r2, [r3, #32]
20000370:	6002      	str	r2, [r0, #0]
20000372:	6a9a      	ldr	r2, [r3, #40]	@ 0x28
20000374:	6042      	str	r2, [r0, #4]
20000376:	6a5b      	ldr	r3, [r3, #36]	@ 0x24
20000378:	6083      	str	r3, [r0, #8]
2000037a:	4770      	bx	lr
2000037c:	400d0000 	.word	0x400d0000

20000380 <flash_cs_force.constprop.0>:
20000380:	2204      	movs	r2, #4
20000382:	4b01      	ldr	r3, [pc, #4]	@ (20000388 <flash_cs_force.constprop.0+0x8>)
20000384:	601a      	str	r2, [r3, #0]
20000386:	4770      	bx	lr
20000388:	400d3000 	.word	0x400d3000

2000038c <flash_cs_force.constprop.1>:
2000038c:	2204      	movs	r2, #4
2000038e:	4b01      	ldr	r3, [pc, #4]	@ (20000394 <flash_cs_force.constprop.1+0x8>)
20000390:	601a      	str	r2, [r3, #0]
20000392:	4770      	bx	lr
20000394:	400d2000 	.word	0x400d2000

20000398 <flash_devinfo_get_cs_size>:
20000398:	b510      	push	{r4, lr}
2000039a:	4604      	mov	r4, r0
2000039c:	f244 4046 	movw	r0, #17478	@ 0x4446
200003a0:	f001 f812 	bl	200013c8 <__rom_data_lookup_veneer>
200003a4:	b124      	cbz	r4, 200003b0 <flash_devinfo_get_cs_size+0x18>
200003a6:	6803      	ldr	r3, [r0, #0]
200003a8:	8818      	ldrh	r0, [r3, #0]
200003aa:	f3c0 3003 	ubfx	r0, r0, #12, #4
200003ae:	bd10      	pop	{r4, pc}
200003b0:	200a      	movs	r0, #10
200003b2:	bd10      	pop	{r4, pc}

200003b4 <flash_rp2350_restore_qmi_cs1>:
200003b4:	b510      	push	{r4, lr}
200003b6:	4604      	mov	r4, r0
200003b8:	2001      	movs	r0, #1
200003ba:	f7ff ffed 	bl	20000398 <flash_devinfo_get_cs_size>
200003be:	b938      	cbnz	r0, 200003d0 <flash_rp2350_restore_qmi_cs1+0x1c>
200003c0:	6822      	ldr	r2, [r4, #0]
200003c2:	4b07      	ldr	r3, [pc, #28]	@ (200003e0 <flash_rp2350_restore_qmi_cs1+0x2c>)
200003c4:	621a      	str	r2, [r3, #32]
200003c6:	6862      	ldr	r2, [r4, #4]
200003c8:	629a      	str	r2, [r3, #40]	@ 0x28
200003ca:	68a2      	ldr	r2, [r4, #8]
200003cc:	625a      	str	r2, [r3, #36]	@ 0x24
200003ce:	bd10      	pop	{r4, pc}
200003d0:	f44f 5180 	mov.w	r1, #4096	@ 0x1000
200003d4:	f24a 0202 	movw	r2, #40962	@ 0xa002
200003d8:	4b01      	ldr	r3, [pc, #4]	@ (200003e0 <flash_rp2350_restore_qmi_cs1+0x2c>)
200003da:	62d9      	str	r1, [r3, #44]	@ 0x2c
200003dc:	631a      	str	r2, [r3, #48]	@ 0x30
200003de:	bd10      	pop	{r4, pc}
200003e0:	400d0000 	.word	0x400d0000

200003e4 <flash_do_cmd>:
200003e4:	e92d 43f0 	stmdb	sp!, {r4, r5, r6, r7, r8, r9, lr}
200003e8:	2400      	movs	r4, #0
200003ea:	4617      	mov	r7, r2
200003ec:	b085      	sub	sp, #20
200003ee:	4606      	mov	r6, r0
200003f0:	4689      	mov	r9, r1
200003f2:	8ae2      	ldrh	r2, [r4, #22]
200003f4:	2300      	movs	r3, #0
200003f6:	e843 f300 	tt	r3, r3
200003fa:	025d      	lsls	r5, r3, #9
200003fc:	bf54      	ite	pl
200003fe:	2110      	movpl	r1, #16
20000400:	2104      	movmi	r1, #4
20000402:	f244 6049 	movw	r0, #17993	@ 0x4649
20000406:	4790      	blx	r2
20000408:	2300      	movs	r3, #0
2000040a:	4605      	mov	r5, r0
2000040c:	8ada      	ldrh	r2, [r3, #22]
2000040e:	2300      	movs	r3, #0
20000410:	e843 f300 	tt	r3, r3
20000414:	025c      	lsls	r4, r3, #9
20000416:	bf54      	ite	pl
20000418:	2110      	movpl	r1, #16
2000041a:	2104      	movmi	r1, #4
2000041c:	f645 0045 	movw	r0, #22597	@ 0x5845
20000420:	4790      	blx	r2
20000422:	2300      	movs	r3, #0
20000424:	4604      	mov	r4, r0
20000426:	8ada      	ldrh	r2, [r3, #22]
20000428:	2300      	movs	r3, #0
2000042a:	e843 f300 	tt	r3, r3
2000042e:	0258      	lsls	r0, r3, #9
20000430:	bf54      	ite	pl
20000432:	2110      	movpl	r1, #16
20000434:	2104      	movmi	r1, #4
20000436:	f244 3046 	movw	r0, #17222	@ 0x4346
2000043a:	4790      	blx	r2
2000043c:	4680      	mov	r8, r0
2000043e:	f7ff ff77 	bl	20000330 <flash_init_boot2_copyout>
20000442:	f000 f863 	bl	2000050c <xip_cache_clean_all>
20000446:	a801      	add	r0, sp, #4
20000448:	f7ff ff90 	bl	2000036c <flash_rp2350_save_qmi_cs1>
2000044c:	47a8      	blx	r5
2000044e:	47a0      	blx	r4
20000450:	f7ff ff9c 	bl	2000038c <flash_cs_force.constprop.1>
20000454:	2201      	movs	r2, #1
20000456:	463c      	mov	r4, r7
20000458:	4b21      	ldr	r3, [pc, #132]	@ (200004e0 <flash_do_cmd+0xfc>)
2000045a:	601a      	str	r2, [r3, #0]
2000045c:	4a21      	ldr	r2, [pc, #132]	@ (200004e4 <flash_do_cmd+0x100>)
2000045e:	b337      	cbz	r7, 200004ae <flash_do_cmd+0xca>
20000460:	6813      	ldr	r3, [r2, #0]
20000462:	0559      	lsls	r1, r3, #21
20000464:	f403 3580 	and.w	r5, r3, #65536	@ 0x10000
20000468:	d508      	bpl.n	2000047c <flash_do_cmd+0x98>
2000046a:	2d00      	cmp	r5, #0
2000046c:	d1f7      	bne.n	2000045e <flash_do_cmd+0x7a>
2000046e:	bb6c      	cbnz	r4, 200004cc <flash_do_cmd+0xe8>
20000470:	6813      	ldr	r3, [r2, #0]
20000472:	2400      	movs	r4, #0
20000474:	0559      	lsls	r1, r3, #21
20000476:	f403 3580 	and.w	r5, r3, #65536	@ 0x10000
2000047a:	d4f6      	bmi.n	2000046a <flash_do_cmd+0x86>
2000047c:	4633      	mov	r3, r6
2000047e:	f813 1b01 	ldrb.w	r1, [r3], #1
20000482:	3f01      	subs	r7, #1
20000484:	6051      	str	r1, [r2, #4]
20000486:	b97d      	cbnz	r5, 200004a8 <flash_do_cmd+0xc4>
20000488:	bb0c      	cbnz	r4, 200004ce <flash_do_cmd+0xea>
2000048a:	b9ef      	cbnz	r7, 200004c8 <flash_do_cmd+0xe4>
2000048c:	2201      	movs	r2, #1
2000048e:	4b16      	ldr	r3, [pc, #88]	@ (200004e8 <flash_do_cmd+0x104>)
20000490:	601a      	str	r2, [r3, #0]
20000492:	f7ff ff75 	bl	20000380 <flash_cs_force.constprop.0>
20000496:	47c0      	blx	r8
20000498:	f7ff ff64 	bl	20000364 <flash_enable_xip_via_boot2>
2000049c:	a801      	add	r0, sp, #4
2000049e:	f7ff ff89 	bl	200003b4 <flash_rp2350_restore_qmi_cs1>
200004a2:	b005      	add	sp, #20
200004a4:	e8bd 83f0 	ldmia.w	sp!, {r4, r5, r6, r7, r8, r9, pc}
200004a8:	461e      	mov	r6, r3
200004aa:	2f00      	cmp	r7, #0
200004ac:	d1d8      	bne.n	20000460 <flash_do_cmd+0x7c>
200004ae:	4a0d      	ldr	r2, [pc, #52]	@ (200004e4 <flash_do_cmd+0x100>)
200004b0:	2c00      	cmp	r4, #0
200004b2:	d0eb      	beq.n	2000048c <flash_do_cmd+0xa8>
200004b4:	6813      	ldr	r3, [r2, #0]
200004b6:	03db      	lsls	r3, r3, #15
200004b8:	d4fc      	bmi.n	200004b4 <flash_do_cmd+0xd0>
200004ba:	4649      	mov	r1, r9
200004bc:	6893      	ldr	r3, [r2, #8]
200004be:	3c01      	subs	r4, #1
200004c0:	f801 3b01 	strb.w	r3, [r1], #1
200004c4:	4689      	mov	r9, r1
200004c6:	e7f3      	b.n	200004b0 <flash_do_cmd+0xcc>
200004c8:	461e      	mov	r6, r3
200004ca:	e7d1      	b.n	20000470 <flash_do_cmd+0x8c>
200004cc:	4633      	mov	r3, r6
200004ce:	4649      	mov	r1, r9
200004d0:	461e      	mov	r6, r3
200004d2:	4b04      	ldr	r3, [pc, #16]	@ (200004e4 <flash_do_cmd+0x100>)
200004d4:	3c01      	subs	r4, #1
200004d6:	689b      	ldr	r3, [r3, #8]
200004d8:	f801 3b01 	strb.w	r3, [r1], #1
200004dc:	4689      	mov	r9, r1
200004de:	e7be      	b.n	2000045e <flash_do_cmd+0x7a>
200004e0:	400d2000 	.word	0x400d2000
200004e4:	400d0000 	.word	0x400d0000
200004e8:	400d3000 	.word	0x400d3000

200004ec <xip_cache_maintain>:
200004ec:	4401      	add	r1, r0
200004ee:	4288      	cmp	r0, r1
200004f0:	d206      	bcs.n	20000500 <xip_cache_maintain+0x14>
200004f2:	2300      	movs	r3, #0
200004f4:	f102 52c0 	add.w	r2, r2, #402653184	@ 0x18000000
200004f8:	5413      	strb	r3, [r2, r0]
200004fa:	3008      	adds	r0, #8
200004fc:	4281      	cmp	r1, r0
200004fe:	d8fb      	bhi.n	200004f8 <xip_cache_maintain+0xc>
20000500:	f3bf 8f4f 	dsb	sy
20000504:	f3bf 8f6f 	isb	sy
20000508:	4770      	bx	lr
2000050a:	bf00      	nop

2000050c <xip_cache_clean_all>:
2000050c:	2201      	movs	r2, #1
2000050e:	f44f 4180 	mov.w	r1, #16384	@ 0x4000
20000512:	4801      	ldr	r0, [pc, #4]	@ (20000518 <xip_cache_clean_all+0xc>)
20000514:	f7ff bfea 	b.w	200004ec <xip_cache_maintain>
20000518:	03ffc000 	.word	0x03ffc000

2000051c <reset_non_control_endpoints>:
2000051c:	2100      	movs	r1, #0
2000051e:	b508      	push	{r3, lr}
20000520:	4b13      	ldr	r3, [pc, #76]	@ (20000570 <reset_non_control_endpoints+0x54>)
20000522:	f44f 7270 	mov.w	r2, #960	@ 0x3c0
20000526:	6099      	str	r1, [r3, #8]
20000528:	4812      	ldr	r0, [pc, #72]	@ (20000574 <reset_non_control_endpoints+0x58>)
2000052a:	60d9      	str	r1, [r3, #12]
2000052c:	6119      	str	r1, [r3, #16]
2000052e:	6159      	str	r1, [r3, #20]
20000530:	6199      	str	r1, [r3, #24]
20000532:	61d9      	str	r1, [r3, #28]
20000534:	6219      	str	r1, [r3, #32]
20000536:	6259      	str	r1, [r3, #36]	@ 0x24
20000538:	6299      	str	r1, [r3, #40]	@ 0x28
2000053a:	62d9      	str	r1, [r3, #44]	@ 0x2c
2000053c:	6319      	str	r1, [r3, #48]	@ 0x30
2000053e:	6359      	str	r1, [r3, #52]	@ 0x34
20000540:	6399      	str	r1, [r3, #56]	@ 0x38
20000542:	63d9      	str	r1, [r3, #60]	@ 0x3c
20000544:	6419      	str	r1, [r3, #64]	@ 0x40
20000546:	6459      	str	r1, [r3, #68]	@ 0x44
20000548:	6499      	str	r1, [r3, #72]	@ 0x48
2000054a:	64d9      	str	r1, [r3, #76]	@ 0x4c
2000054c:	6519      	str	r1, [r3, #80]	@ 0x50
2000054e:	6559      	str	r1, [r3, #84]	@ 0x54
20000550:	6599      	str	r1, [r3, #88]	@ 0x58
20000552:	65d9      	str	r1, [r3, #92]	@ 0x5c
20000554:	6619      	str	r1, [r3, #96]	@ 0x60
20000556:	6659      	str	r1, [r3, #100]	@ 0x64
20000558:	6699      	str	r1, [r3, #104]	@ 0x68
2000055a:	66d9      	str	r1, [r3, #108]	@ 0x6c
2000055c:	6719      	str	r1, [r3, #112]	@ 0x70
2000055e:	6759      	str	r1, [r3, #116]	@ 0x74
20000560:	6799      	str	r1, [r3, #120]	@ 0x78
20000562:	67d9      	str	r1, [r3, #124]	@ 0x7c
20000564:	f000 ff2c 	bl	200013c0 <__memset_veneer>
20000568:	4b03      	ldr	r3, [pc, #12]	@ (20000578 <reset_non_control_endpoints+0x5c>)
2000056a:	4a04      	ldr	r2, [pc, #16]	@ (2000057c <reset_non_control_endpoints+0x60>)
2000056c:	601a      	str	r2, [r3, #0]
2000056e:	bd08      	pop	{r3, pc}
20000570:	50100000 	.word	0x50100000
20000574:	20010a2c 	.word	0x20010a2c
20000578:	200111f4 	.word	0x200111f4
2000057c:	50100180 	.word	0x50100180

20000580 <hw_handle_buff_status>:
20000580:	e92d 4ff0 	stmdb	sp!, {r4, r5, r6, r7, r8, r9, sl, fp, lr}
20000584:	4b21      	ldr	r3, [pc, #132]	@ (2000060c <hw_handle_buff_status+0x8c>)
20000586:	b085      	sub	sp, #20
20000588:	6d9e      	ldr	r6, [r3, #88]	@ 0x58
2000058a:	b30e      	cbz	r6, 200005d0 <hw_handle_buff_status+0x50>
2000058c:	2400      	movs	r4, #0
2000058e:	2501      	movs	r5, #1
20000590:	4f1f      	ldr	r7, [pc, #124]	@ (20000610 <hw_handle_buff_status+0x90>)
20000592:	e001      	b.n	20000598 <hw_handle_buff_status+0x18>
20000594:	2c20      	cmp	r4, #32
20000596:	d01b      	beq.n	200005d0 <hw_handle_buff_status+0x50>
20000598:	ea06 0305 	and.w	r3, r6, r5
2000059c:	1c62      	adds	r2, r4, #1
2000059e:	4621      	mov	r1, r4
200005a0:	46aa      	mov	sl, r5
200005a2:	b2d4      	uxtb	r4, r2
200005a4:	006d      	lsls	r5, r5, #1
200005a6:	2b00      	cmp	r3, #0
200005a8:	d0f4      	beq.n	20000594 <hw_handle_buff_status+0x14>
200005aa:	2302      	movs	r3, #2
200005ac:	f004 0801 	and.w	r8, r4, #1
200005b0:	ea4f 0951 	mov.w	r9, r1, lsr #1
200005b4:	fb13 8b09 	smlabb	fp, r3, r9, r8
200005b8:	4b16      	ldr	r3, [pc, #88]	@ (20000614 <hw_handle_buff_status+0x94>)
200005ba:	eb07 1b4b 	add.w	fp, r7, fp, lsl #5
200005be:	4658      	mov	r0, fp
200005c0:	f8c3 a058 	str.w	sl, [r3, #88]	@ 0x58
200005c4:	f000 fc24 	bl	20000e10 <hw_endpoint_xfer_continue>
200005c8:	b928      	cbnz	r0, 200005d6 <hw_handle_buff_status+0x56>
200005ca:	ea36 060a 	bics.w	r6, r6, sl
200005ce:	d1e1      	bne.n	20000594 <hw_handle_buff_status+0x14>
200005d0:	b005      	add	sp, #20
200005d2:	e8bd 8ff0 	ldmia.w	sp!, {r4, r5, r6, r7, r8, r9, sl, fp, pc}
200005d6:	2200      	movs	r2, #0
200005d8:	f8cd 2006 	str.w	r2, [sp, #6]
200005dc:	f8ad 200a 	strh.w	r2, [sp, #10]
200005e0:	f44f 62e0 	mov.w	r2, #1792	@ 0x700
200005e4:	eb08 0349 	add.w	r3, r8, r9, lsl #1
200005e8:	eb07 1343 	add.w	r3, r7, r3, lsl #5
200005ec:	f8ad 2004 	strh.w	r2, [sp, #4]
200005f0:	789a      	ldrb	r2, [r3, #2]
200005f2:	8adb      	ldrh	r3, [r3, #22]
200005f4:	a801      	add	r0, sp, #4
200005f6:	2101      	movs	r1, #1
200005f8:	f88d 2008 	strb.w	r2, [sp, #8]
200005fc:	9303      	str	r3, [sp, #12]
200005fe:	f000 fc25 	bl	20000e4c <dcd_event_handler>
20000602:	4658      	mov	r0, fp
20000604:	f000 fbaa 	bl	20000d5c <hw_endpoint_reset_transfer>
20000608:	e7df      	b.n	200005ca <hw_handle_buff_status+0x4a>
2000060a:	bf00      	nop
2000060c:	50110000 	.word	0x50110000
20000610:	200109ec 	.word	0x200109ec
20000614:	50113000 	.word	0x50113000

20000618 <dcd_rp2040_irq>:
20000618:	b5f0      	push	{r4, r5, r6, r7, lr}
2000061a:	4bb8      	ldr	r3, [pc, #736]	@ (200008fc <dcd_rp2040_irq+0x2e4>)
2000061c:	b085      	sub	sp, #20
2000061e:	f8d3 5098 	ldr.w	r5, [r3, #152]	@ 0x98
20000622:	f415 3600 	ands.w	r6, r5, #131072	@ 0x20000
20000626:	d07b      	beq.n	20000720 <dcd_rp2040_irq+0x108>
20000628:	4bb5      	ldr	r3, [pc, #724]	@ (20000900 <dcd_rp2040_irq+0x2e8>)
2000062a:	4cb6      	ldr	r4, [pc, #728]	@ (20000904 <dcd_rp2040_irq+0x2ec>)
2000062c:	6a99      	ldr	r1, [r3, #40]	@ 0x28
2000062e:	f894 303b 	ldrb.w	r3, [r4, #59]	@ 0x3b
20000632:	4ab5      	ldr	r2, [pc, #724]	@ (20000908 <dcd_rp2040_irq+0x2f0>)
20000634:	2b02      	cmp	r3, #2
20000636:	6011      	str	r1, [r2, #0]
20000638:	f000 8111 	beq.w	2000085e <dcd_rp2040_irq+0x246>
2000063c:	2600      	movs	r6, #0
2000063e:	f894 307b 	ldrb.w	r3, [r4, #123]	@ 0x7b
20000642:	2b02      	cmp	r3, #2
20000644:	f000 81ec 	beq.w	20000a20 <dcd_rp2040_irq+0x408>
20000648:	f894 30bb 	ldrb.w	r3, [r4, #187]	@ 0xbb
2000064c:	2b02      	cmp	r3, #2
2000064e:	f000 81dd 	beq.w	20000a0c <dcd_rp2040_irq+0x3f4>
20000652:	f894 30fb 	ldrb.w	r3, [r4, #251]	@ 0xfb
20000656:	2b02      	cmp	r3, #2
20000658:	f000 81ce 	beq.w	200009f8 <dcd_rp2040_irq+0x3e0>
2000065c:	f894 313b 	ldrb.w	r3, [r4, #315]	@ 0x13b
20000660:	2b02      	cmp	r3, #2
20000662:	f000 81be 	beq.w	200009e2 <dcd_rp2040_irq+0x3ca>
20000666:	f894 317b 	ldrb.w	r3, [r4, #379]	@ 0x17b
2000066a:	2b02      	cmp	r3, #2
2000066c:	f000 81ae 	beq.w	200009cc <dcd_rp2040_irq+0x3b4>
20000670:	f894 31bb 	ldrb.w	r3, [r4, #443]	@ 0x1bb
20000674:	2b02      	cmp	r3, #2
20000676:	f000 819e 	beq.w	200009b6 <dcd_rp2040_irq+0x39e>
2000067a:	f894 31fb 	ldrb.w	r3, [r4, #507]	@ 0x1fb
2000067e:	2b02      	cmp	r3, #2
20000680:	f000 818e 	beq.w	200009a0 <dcd_rp2040_irq+0x388>
20000684:	f894 323b 	ldrb.w	r3, [r4, #571]	@ 0x23b
20000688:	2b02      	cmp	r3, #2
2000068a:	f000 817d 	beq.w	20000988 <dcd_rp2040_irq+0x370>
2000068e:	f894 327b 	ldrb.w	r3, [r4, #635]	@ 0x27b
20000692:	2b02      	cmp	r3, #2
20000694:	f000 816c 	beq.w	20000970 <dcd_rp2040_irq+0x358>
20000698:	f894 32bb 	ldrb.w	r3, [r4, #699]	@ 0x2bb
2000069c:	2b02      	cmp	r3, #2
2000069e:	f000 815b 	beq.w	20000958 <dcd_rp2040_irq+0x340>
200006a2:	f894 32fb 	ldrb.w	r3, [r4, #763]	@ 0x2fb
200006a6:	2b02      	cmp	r3, #2
200006a8:	f000 814a 	beq.w	20000940 <dcd_rp2040_irq+0x328>
200006ac:	f894 333b 	ldrb.w	r3, [r4, #827]	@ 0x33b
200006b0:	2b02      	cmp	r3, #2
200006b2:	f000 8139 	beq.w	20000928 <dcd_rp2040_irq+0x310>
200006b6:	f894 337b 	ldrb.w	r3, [r4, #891]	@ 0x37b
200006ba:	2b02      	cmp	r3, #2
200006bc:	f000 80e1 	beq.w	20000882 <dcd_rp2040_irq+0x26a>
200006c0:	f894 33bb 	ldrb.w	r3, [r4, #955]	@ 0x3bb
200006c4:	2b02      	cmp	r3, #2
200006c6:	f000 8104 	beq.w	200008d2 <dcd_rp2040_irq+0x2ba>
200006ca:	f894 33fb 	ldrb.w	r3, [r4, #1019]	@ 0x3fb
200006ce:	2b02      	cmp	r3, #2
200006d0:	f000 80ee 	beq.w	200008b0 <dcd_rp2040_irq+0x298>
200006d4:	b93e      	cbnz	r6, 200006e6 <dcd_rp2040_irq+0xce>
200006d6:	4b8d      	ldr	r3, [pc, #564]	@ (2000090c <dcd_rp2040_irq+0x2f4>)
200006d8:	781b      	ldrb	r3, [r3, #0]
200006da:	b923      	cbnz	r3, 200006e6 <dcd_rp2040_irq+0xce>
200006dc:	f44f 3200 	mov.w	r2, #131072	@ 0x20000
200006e0:	4b8b      	ldr	r3, [pc, #556]	@ (20000910 <dcd_rp2040_irq+0x2f8>)
200006e2:	f8c3 2090 	str.w	r2, [r3, #144]	@ 0x90
200006e6:	2200      	movs	r2, #0
200006e8:	f44f 7440 	mov.w	r4, #768	@ 0x300
200006ec:	4b83      	ldr	r3, [pc, #524]	@ (200008fc <dcd_rp2040_irq+0x2e4>)
200006ee:	2101      	movs	r1, #1
200006f0:	6c9b      	ldr	r3, [r3, #72]	@ 0x48
200006f2:	a801      	add	r0, sp, #4
200006f4:	f3c3 030a 	ubfx	r3, r3, #0, #11
200006f8:	f8cd 2006 	str.w	r2, [sp, #6]
200006fc:	f8cd 200a 	str.w	r2, [sp, #10]
20000700:	f8ad 200e 	strh.w	r2, [sp, #14]
20000704:	f8ad 4004 	strh.w	r4, [sp, #4]
20000708:	9302      	str	r3, [sp, #8]
2000070a:	f000 fb9f 	bl	20000e4c <dcd_event_handler>
2000070e:	06ea      	lsls	r2, r5, #27
20000710:	f44f 3600 	mov.w	r6, #131072	@ 0x20000
20000714:	4c7f      	ldr	r4, [pc, #508]	@ (20000914 <dcd_rp2040_irq+0x2fc>)
20000716:	d507      	bpl.n	20000728 <dcd_rp2040_irq+0x110>
20000718:	f7ff ff32 	bl	20000580 <hw_handle_buff_status>
2000071c:	4626      	mov	r6, r4
2000071e:	e003      	b.n	20000728 <dcd_rp2040_irq+0x110>
20000720:	06ea      	lsls	r2, r5, #27
20000722:	f04f 0410 	mov.w	r4, #16
20000726:	d4f7      	bmi.n	20000718 <dcd_rp2040_irq+0x100>
20000728:	03eb      	lsls	r3, r5, #15
2000072a:	d531      	bpl.n	20000790 <dcd_rp2040_irq+0x178>
2000072c:	4c75      	ldr	r4, [pc, #468]	@ (20000904 <dcd_rp2040_irq+0x2ec>)
2000072e:	f446 3680 	orr.w	r6, r6, #65536	@ 0x10000
20000732:	7ea3      	ldrb	r3, [r4, #26]
20000734:	b19b      	cbz	r3, 2000075e <dcd_rp2040_irq+0x146>
20000736:	2102      	movs	r1, #2
20000738:	4b77      	ldr	r3, [pc, #476]	@ (20000918 <dcd_rp2040_irq+0x300>)
2000073a:	4a70      	ldr	r2, [pc, #448]	@ (200008fc <dcd_rp2040_irq+0x2e4>)
2000073c:	6619      	str	r1, [r3, #96]	@ 0x60
2000073e:	6e53      	ldr	r3, [r2, #100]	@ 0x64
20000740:	079f      	lsls	r7, r3, #30
20000742:	d5fc      	bpl.n	2000073e <dcd_rp2040_irq+0x126>
20000744:	f44f 5240 	mov.w	r2, #12288	@ 0x3000
20000748:	2100      	movs	r1, #0
2000074a:	486e      	ldr	r0, [pc, #440]	@ (20000904 <dcd_rp2040_irq+0x2ec>)
2000074c:	f000 fb0c 	bl	20000d68 <_hw_endpoint_buffer_control_update32>
20000750:	486c      	ldr	r0, [pc, #432]	@ (20000904 <dcd_rp2040_irq+0x2ec>)
20000752:	f000 fb03 	bl	20000d5c <hw_endpoint_reset_transfer>
20000756:	2202      	movs	r2, #2
20000758:	4b6d      	ldr	r3, [pc, #436]	@ (20000910 <dcd_rp2040_irq+0x2f8>)
2000075a:	665a      	str	r2, [r3, #100]	@ 0x64
2000075c:	661a      	str	r2, [r3, #96]	@ 0x60
2000075e:	2301      	movs	r3, #1
20000760:	f894 203a 	ldrb.w	r2, [r4, #58]	@ 0x3a
20000764:	70e3      	strb	r3, [r4, #3]
20000766:	b9f2      	cbnz	r2, 200007a6 <dcd_rp2040_irq+0x18e>
20000768:	2301      	movs	r3, #1
2000076a:	f44f 61c0 	mov.w	r1, #1536	@ 0x600
2000076e:	4a6b      	ldr	r2, [pc, #428]	@ (2000091c <dcd_rp2040_irq+0x304>)
20000770:	f884 3023 	strb.w	r3, [r4, #35]	@ 0x23
20000774:	9101      	str	r1, [sp, #4]
20000776:	e892 0003 	ldmia.w	r2, {r0, r1}
2000077a:	aa04      	add	r2, sp, #16
2000077c:	e902 0003 	stmdb	r2, {r0, r1}
20000780:	4619      	mov	r1, r3
20000782:	a801      	add	r0, sp, #4
20000784:	f000 fb62 	bl	20000e4c <dcd_event_handler>
20000788:	f44f 3200 	mov.w	r2, #131072	@ 0x20000
2000078c:	4b60      	ldr	r3, [pc, #384]	@ (20000910 <dcd_rp2040_irq+0x2f8>)
2000078e:	651a      	str	r2, [r3, #80]	@ 0x50
20000790:	04e9      	lsls	r1, r5, #19
20000792:	d41d      	bmi.n	200007d0 <dcd_rp2040_irq+0x1b8>
20000794:	046a      	lsls	r2, r5, #17
20000796:	d436      	bmi.n	20000806 <dcd_rp2040_irq+0x1ee>
20000798:	042b      	lsls	r3, r5, #16
2000079a:	d44a      	bmi.n	20000832 <dcd_rp2040_irq+0x21a>
2000079c:	42ae      	cmp	r6, r5
2000079e:	f040 81b7 	bne.w	20000b10 <dcd_rp2040_irq+0x4f8>
200007a2:	b005      	add	sp, #20
200007a4:	bdf0      	pop	{r4, r5, r6, r7, pc}
200007a6:	4a5c      	ldr	r2, [pc, #368]	@ (20000918 <dcd_rp2040_irq+0x300>)
200007a8:	6613      	str	r3, [r2, #96]	@ 0x60
200007aa:	f5a2 5200 	sub.w	r2, r2, #8192	@ 0x2000
200007ae:	6e53      	ldr	r3, [r2, #100]	@ 0x64
200007b0:	07d8      	lsls	r0, r3, #31
200007b2:	d5fc      	bpl.n	200007ae <dcd_rp2040_irq+0x196>
200007b4:	f44f 5240 	mov.w	r2, #12288	@ 0x3000
200007b8:	2100      	movs	r1, #0
200007ba:	4859      	ldr	r0, [pc, #356]	@ (20000920 <dcd_rp2040_irq+0x308>)
200007bc:	f000 fad4 	bl	20000d68 <_hw_endpoint_buffer_control_update32>
200007c0:	4857      	ldr	r0, [pc, #348]	@ (20000920 <dcd_rp2040_irq+0x308>)
200007c2:	f000 facb 	bl	20000d5c <hw_endpoint_reset_transfer>
200007c6:	2201      	movs	r2, #1
200007c8:	4b51      	ldr	r3, [pc, #324]	@ (20000910 <dcd_rp2040_irq+0x2f8>)
200007ca:	665a      	str	r2, [r3, #100]	@ 0x64
200007cc:	661a      	str	r2, [r3, #96]	@ 0x60
200007ce:	e7cb      	b.n	20000768 <dcd_rp2040_irq+0x150>
200007d0:	2400      	movs	r4, #0
200007d2:	4b4a      	ldr	r3, [pc, #296]	@ (200008fc <dcd_rp2040_irq+0x2e4>)
200007d4:	f446 5680 	orr.w	r6, r6, #4096	@ 0x1000
200007d8:	601c      	str	r4, [r3, #0]
200007da:	f7ff fe9f 	bl	2000051c <reset_non_control_endpoints>
200007de:	f44f 7380 	mov.w	r3, #256	@ 0x100
200007e2:	2101      	movs	r1, #1
200007e4:	a801      	add	r0, sp, #4
200007e6:	f8ad 3004 	strh.w	r3, [sp, #4]
200007ea:	f8ad 400e 	strh.w	r4, [sp, #14]
200007ee:	f8cd 4006 	str.w	r4, [sp, #6]
200007f2:	f8cd 400a 	str.w	r4, [sp, #10]
200007f6:	f000 fb29 	bl	20000e4c <dcd_event_handler>
200007fa:	f44f 2200 	mov.w	r2, #524288	@ 0x80000
200007fe:	4b44      	ldr	r3, [pc, #272]	@ (20000910 <dcd_rp2040_irq+0x2f8>)
20000800:	651a      	str	r2, [r3, #80]	@ 0x50
20000802:	046a      	lsls	r2, r5, #17
20000804:	d5c8      	bpl.n	20000798 <dcd_rp2040_irq+0x180>
20000806:	2300      	movs	r3, #0
20000808:	f44f 6280 	mov.w	r2, #1024	@ 0x400
2000080c:	2101      	movs	r1, #1
2000080e:	a801      	add	r0, sp, #4
20000810:	f8ad 300e 	strh.w	r3, [sp, #14]
20000814:	f8cd 3006 	str.w	r3, [sp, #6]
20000818:	f8cd 300a 	str.w	r3, [sp, #10]
2000081c:	f8ad 2004 	strh.w	r2, [sp, #4]
20000820:	f000 fb14 	bl	20000e4c <dcd_event_handler>
20000824:	2210      	movs	r2, #16
20000826:	4b3a      	ldr	r3, [pc, #232]	@ (20000910 <dcd_rp2040_irq+0x2f8>)
20000828:	f446 4680 	orr.w	r6, r6, #16384	@ 0x4000
2000082c:	651a      	str	r2, [r3, #80]	@ 0x50
2000082e:	042b      	lsls	r3, r5, #16
20000830:	d5b4      	bpl.n	2000079c <dcd_rp2040_irq+0x184>
20000832:	2300      	movs	r3, #0
20000834:	f44f 62a0 	mov.w	r2, #1280	@ 0x500
20000838:	2101      	movs	r1, #1
2000083a:	a801      	add	r0, sp, #4
2000083c:	f8ad 300e 	strh.w	r3, [sp, #14]
20000840:	f8cd 3006 	str.w	r3, [sp, #6]
20000844:	f8cd 300a 	str.w	r3, [sp, #10]
20000848:	f8ad 2004 	strh.w	r2, [sp, #4]
2000084c:	f000 fafe 	bl	20000e4c <dcd_event_handler>
20000850:	f44f 6200 	mov.w	r2, #2048	@ 0x800
20000854:	4b2e      	ldr	r3, [pc, #184]	@ (20000910 <dcd_rp2040_irq+0x2f8>)
20000856:	f446 4600 	orr.w	r6, r6, #32768	@ 0x8000
2000085a:	651a      	str	r2, [r3, #80]	@ 0x50
2000085c:	e79e      	b.n	2000079c <dcd_rp2040_irq+0x184>
2000085e:	f894 603a 	ldrb.w	r6, [r4, #58]	@ 0x3a
20000862:	2e00      	cmp	r6, #0
20000864:	f43f aeeb 	beq.w	2000063e <dcd_rp2040_irq+0x26>
20000868:	f894 303c 	ldrb.w	r3, [r4, #60]	@ 0x3c
2000086c:	2b00      	cmp	r3, #0
2000086e:	f43f aee6 	beq.w	2000063e <dcd_rp2040_irq+0x26>
20000872:	2300      	movs	r3, #0
20000874:	f104 0020 	add.w	r0, r4, #32
20000878:	f884 303c 	strb.w	r3, [r4, #60]	@ 0x3c
2000087c:	f000 fa96 	bl	20000dac <hw_endpoint_start_next_buffer>
20000880:	e6dd      	b.n	2000063e <dcd_rp2040_irq+0x26>
20000882:	f894 737a 	ldrb.w	r7, [r4, #890]	@ 0x37a
20000886:	2f00      	cmp	r7, #0
20000888:	f43f af1a 	beq.w	200006c0 <dcd_rp2040_irq+0xa8>
2000088c:	f894 337c 	ldrb.w	r3, [r4, #892]	@ 0x37c
20000890:	2b00      	cmp	r3, #0
20000892:	f040 8136 	bne.w	20000b02 <dcd_rp2040_irq+0x4ea>
20000896:	f894 33bb 	ldrb.w	r3, [r4, #955]	@ 0x3bb
2000089a:	2b02      	cmp	r3, #2
2000089c:	d123      	bne.n	200008e6 <dcd_rp2040_irq+0x2ce>
2000089e:	f894 33ba 	ldrb.w	r3, [r4, #954]	@ 0x3ba
200008a2:	b9db      	cbnz	r3, 200008dc <dcd_rp2040_irq+0x2c4>
200008a4:	f894 33fb 	ldrb.w	r3, [r4, #1019]	@ 0x3fb
200008a8:	2b02      	cmp	r3, #2
200008aa:	f47f af1c 	bne.w	200006e6 <dcd_rp2040_irq+0xce>
200008ae:	463e      	mov	r6, r7
200008b0:	f894 33fa 	ldrb.w	r3, [r4, #1018]	@ 0x3fa
200008b4:	2b00      	cmp	r3, #0
200008b6:	f43f af0d 	beq.w	200006d4 <dcd_rp2040_irq+0xbc>
200008ba:	f894 33fc 	ldrb.w	r3, [r4, #1020]	@ 0x3fc
200008be:	2b00      	cmp	r3, #0
200008c0:	f43f af11 	beq.w	200006e6 <dcd_rp2040_irq+0xce>
200008c4:	2300      	movs	r3, #0
200008c6:	4817      	ldr	r0, [pc, #92]	@ (20000924 <dcd_rp2040_irq+0x30c>)
200008c8:	f884 33fc 	strb.w	r3, [r4, #1020]	@ 0x3fc
200008cc:	f000 fa6e 	bl	20000dac <hw_endpoint_start_next_buffer>
200008d0:	e709      	b.n	200006e6 <dcd_rp2040_irq+0xce>
200008d2:	f894 33ba 	ldrb.w	r3, [r4, #954]	@ 0x3ba
200008d6:	2b00      	cmp	r3, #0
200008d8:	f43f aef7 	beq.w	200006ca <dcd_rp2040_irq+0xb2>
200008dc:	f894 33bc 	ldrb.w	r3, [r4, #956]	@ 0x3bc
200008e0:	2b00      	cmp	r3, #0
200008e2:	f040 80a7 	bne.w	20000a34 <dcd_rp2040_irq+0x41c>
200008e6:	f894 33fb 	ldrb.w	r3, [r4, #1019]	@ 0x3fb
200008ea:	2b02      	cmp	r3, #2
200008ec:	f47f aefb 	bne.w	200006e6 <dcd_rp2040_irq+0xce>
200008f0:	f894 33fa 	ldrb.w	r3, [r4, #1018]	@ 0x3fa
200008f4:	2b00      	cmp	r3, #0
200008f6:	d1e0      	bne.n	200008ba <dcd_rp2040_irq+0x2a2>
200008f8:	e6f5      	b.n	200006e6 <dcd_rp2040_irq+0xce>
200008fa:	bf00      	nop
200008fc:	50110000 	.word	0x50110000
20000900:	400b0000 	.word	0x400b0000
20000904:	200109ec 	.word	0x200109ec
20000908:	200109e4 	.word	0x200109e4
2000090c:	20011255 	.word	0x20011255
20000910:	50113000 	.word	0x50113000
20000914:	00020010 	.word	0x00020010
20000918:	50112000 	.word	0x50112000
2000091c:	50100000 	.word	0x50100000
20000920:	20010a0c 	.word	0x20010a0c
20000924:	20010dcc 	.word	0x20010dcc
20000928:	f894 733a 	ldrb.w	r7, [r4, #826]	@ 0x33a
2000092c:	2f00      	cmp	r7, #0
2000092e:	f43f aec2 	beq.w	200006b6 <dcd_rp2040_irq+0x9e>
20000932:	f894 333c 	ldrb.w	r3, [r4, #828]	@ 0x33c
20000936:	2b00      	cmp	r3, #0
20000938:	f040 80db 	bne.w	20000af2 <dcd_rp2040_irq+0x4da>
2000093c:	463e      	mov	r6, r7
2000093e:	e6ba      	b.n	200006b6 <dcd_rp2040_irq+0x9e>
20000940:	f894 72fa 	ldrb.w	r7, [r4, #762]	@ 0x2fa
20000944:	2f00      	cmp	r7, #0
20000946:	f43f aeb1 	beq.w	200006ac <dcd_rp2040_irq+0x94>
2000094a:	f894 32fc 	ldrb.w	r3, [r4, #764]	@ 0x2fc
2000094e:	2b00      	cmp	r3, #0
20000950:	f040 80c7 	bne.w	20000ae2 <dcd_rp2040_irq+0x4ca>
20000954:	463e      	mov	r6, r7
20000956:	e6a9      	b.n	200006ac <dcd_rp2040_irq+0x94>
20000958:	f894 72ba 	ldrb.w	r7, [r4, #698]	@ 0x2ba
2000095c:	2f00      	cmp	r7, #0
2000095e:	f43f aea0 	beq.w	200006a2 <dcd_rp2040_irq+0x8a>
20000962:	f894 32bc 	ldrb.w	r3, [r4, #700]	@ 0x2bc
20000966:	2b00      	cmp	r3, #0
20000968:	f040 80b3 	bne.w	20000ad2 <dcd_rp2040_irq+0x4ba>
2000096c:	463e      	mov	r6, r7
2000096e:	e698      	b.n	200006a2 <dcd_rp2040_irq+0x8a>
20000970:	f894 727a 	ldrb.w	r7, [r4, #634]	@ 0x27a
20000974:	2f00      	cmp	r7, #0
20000976:	f43f ae8f 	beq.w	20000698 <dcd_rp2040_irq+0x80>
2000097a:	f894 327c 	ldrb.w	r3, [r4, #636]	@ 0x27c
2000097e:	2b00      	cmp	r3, #0
20000980:	f040 809f 	bne.w	20000ac2 <dcd_rp2040_irq+0x4aa>
20000984:	463e      	mov	r6, r7
20000986:	e687      	b.n	20000698 <dcd_rp2040_irq+0x80>
20000988:	f894 723a 	ldrb.w	r7, [r4, #570]	@ 0x23a
2000098c:	2f00      	cmp	r7, #0
2000098e:	f43f ae7e 	beq.w	2000068e <dcd_rp2040_irq+0x76>
20000992:	f894 323c 	ldrb.w	r3, [r4, #572]	@ 0x23c
20000996:	2b00      	cmp	r3, #0
20000998:	f040 808b 	bne.w	20000ab2 <dcd_rp2040_irq+0x49a>
2000099c:	463e      	mov	r6, r7
2000099e:	e676      	b.n	2000068e <dcd_rp2040_irq+0x76>
200009a0:	f894 71fa 	ldrb.w	r7, [r4, #506]	@ 0x1fa
200009a4:	2f00      	cmp	r7, #0
200009a6:	f43f ae6d 	beq.w	20000684 <dcd_rp2040_irq+0x6c>
200009aa:	f894 31fc 	ldrb.w	r3, [r4, #508]	@ 0x1fc
200009ae:	2b00      	cmp	r3, #0
200009b0:	d177      	bne.n	20000aa2 <dcd_rp2040_irq+0x48a>
200009b2:	463e      	mov	r6, r7
200009b4:	e666      	b.n	20000684 <dcd_rp2040_irq+0x6c>
200009b6:	f894 71ba 	ldrb.w	r7, [r4, #442]	@ 0x1ba
200009ba:	2f00      	cmp	r7, #0
200009bc:	f43f ae5d 	beq.w	2000067a <dcd_rp2040_irq+0x62>
200009c0:	f894 31bc 	ldrb.w	r3, [r4, #444]	@ 0x1bc
200009c4:	2b00      	cmp	r3, #0
200009c6:	d164      	bne.n	20000a92 <dcd_rp2040_irq+0x47a>
200009c8:	463e      	mov	r6, r7
200009ca:	e656      	b.n	2000067a <dcd_rp2040_irq+0x62>
200009cc:	f894 717a 	ldrb.w	r7, [r4, #378]	@ 0x17a
200009d0:	2f00      	cmp	r7, #0
200009d2:	f43f ae4d 	beq.w	20000670 <dcd_rp2040_irq+0x58>
200009d6:	f894 317c 	ldrb.w	r3, [r4, #380]	@ 0x17c
200009da:	2b00      	cmp	r3, #0
200009dc:	d151      	bne.n	20000a82 <dcd_rp2040_irq+0x46a>
200009de:	463e      	mov	r6, r7
200009e0:	e646      	b.n	20000670 <dcd_rp2040_irq+0x58>
200009e2:	f894 713a 	ldrb.w	r7, [r4, #314]	@ 0x13a
200009e6:	2f00      	cmp	r7, #0
200009e8:	f43f ae3d 	beq.w	20000666 <dcd_rp2040_irq+0x4e>
200009ec:	f894 313c 	ldrb.w	r3, [r4, #316]	@ 0x13c
200009f0:	2b00      	cmp	r3, #0
200009f2:	d13e      	bne.n	20000a72 <dcd_rp2040_irq+0x45a>
200009f4:	463e      	mov	r6, r7
200009f6:	e636      	b.n	20000666 <dcd_rp2040_irq+0x4e>
200009f8:	f894 70fa 	ldrb.w	r7, [r4, #250]	@ 0xfa
200009fc:	2f00      	cmp	r7, #0
200009fe:	f43f ae2d 	beq.w	2000065c <dcd_rp2040_irq+0x44>
20000a02:	f894 30fc 	ldrb.w	r3, [r4, #252]	@ 0xfc
20000a06:	bb63      	cbnz	r3, 20000a62 <dcd_rp2040_irq+0x44a>
20000a08:	463e      	mov	r6, r7
20000a0a:	e627      	b.n	2000065c <dcd_rp2040_irq+0x44>
20000a0c:	f894 70ba 	ldrb.w	r7, [r4, #186]	@ 0xba
20000a10:	2f00      	cmp	r7, #0
20000a12:	f43f ae1e 	beq.w	20000652 <dcd_rp2040_irq+0x3a>
20000a16:	f894 30bc 	ldrb.w	r3, [r4, #188]	@ 0xbc
20000a1a:	b9d3      	cbnz	r3, 20000a52 <dcd_rp2040_irq+0x43a>
20000a1c:	463e      	mov	r6, r7
20000a1e:	e618      	b.n	20000652 <dcd_rp2040_irq+0x3a>
20000a20:	f894 707a 	ldrb.w	r7, [r4, #122]	@ 0x7a
20000a24:	2f00      	cmp	r7, #0
20000a26:	f43f ae0f 	beq.w	20000648 <dcd_rp2040_irq+0x30>
20000a2a:	f894 307c 	ldrb.w	r3, [r4, #124]	@ 0x7c
20000a2e:	b943      	cbnz	r3, 20000a42 <dcd_rp2040_irq+0x42a>
20000a30:	463e      	mov	r6, r7
20000a32:	e609      	b.n	20000648 <dcd_rp2040_irq+0x30>
20000a34:	2300      	movs	r3, #0
20000a36:	4839      	ldr	r0, [pc, #228]	@ (20000b1c <dcd_rp2040_irq+0x504>)
20000a38:	f884 33bc 	strb.w	r3, [r4, #956]	@ 0x3bc
20000a3c:	f000 f9b6 	bl	20000dac <hw_endpoint_start_next_buffer>
20000a40:	e751      	b.n	200008e6 <dcd_rp2040_irq+0x2ce>
20000a42:	2300      	movs	r3, #0
20000a44:	4836      	ldr	r0, [pc, #216]	@ (20000b20 <dcd_rp2040_irq+0x508>)
20000a46:	f884 307c 	strb.w	r3, [r4, #124]	@ 0x7c
20000a4a:	463e      	mov	r6, r7
20000a4c:	f000 f9ae 	bl	20000dac <hw_endpoint_start_next_buffer>
20000a50:	e5fa      	b.n	20000648 <dcd_rp2040_irq+0x30>
20000a52:	2300      	movs	r3, #0
20000a54:	4833      	ldr	r0, [pc, #204]	@ (20000b24 <dcd_rp2040_irq+0x50c>)
20000a56:	f884 30bc 	strb.w	r3, [r4, #188]	@ 0xbc
20000a5a:	463e      	mov	r6, r7
20000a5c:	f000 f9a6 	bl	20000dac <hw_endpoint_start_next_buffer>
20000a60:	e5f7      	b.n	20000652 <dcd_rp2040_irq+0x3a>
20000a62:	2300      	movs	r3, #0
20000a64:	4830      	ldr	r0, [pc, #192]	@ (20000b28 <dcd_rp2040_irq+0x510>)
20000a66:	f884 30fc 	strb.w	r3, [r4, #252]	@ 0xfc
20000a6a:	463e      	mov	r6, r7
20000a6c:	f000 f99e 	bl	20000dac <hw_endpoint_start_next_buffer>
20000a70:	e5f4      	b.n	2000065c <dcd_rp2040_irq+0x44>
20000a72:	2300      	movs	r3, #0
20000a74:	482d      	ldr	r0, [pc, #180]	@ (20000b2c <dcd_rp2040_irq+0x514>)
20000a76:	f884 313c 	strb.w	r3, [r4, #316]	@ 0x13c
20000a7a:	463e      	mov	r6, r7
20000a7c:	f000 f996 	bl	20000dac <hw_endpoint_start_next_buffer>
20000a80:	e5f1      	b.n	20000666 <dcd_rp2040_irq+0x4e>
20000a82:	2300      	movs	r3, #0
20000a84:	482a      	ldr	r0, [pc, #168]	@ (20000b30 <dcd_rp2040_irq+0x518>)
20000a86:	f884 317c 	strb.w	r3, [r4, #380]	@ 0x17c
20000a8a:	463e      	mov	r6, r7
20000a8c:	f000 f98e 	bl	20000dac <hw_endpoint_start_next_buffer>
20000a90:	e5ee      	b.n	20000670 <dcd_rp2040_irq+0x58>
20000a92:	2300      	movs	r3, #0
20000a94:	4827      	ldr	r0, [pc, #156]	@ (20000b34 <dcd_rp2040_irq+0x51c>)
20000a96:	f884 31bc 	strb.w	r3, [r4, #444]	@ 0x1bc
20000a9a:	463e      	mov	r6, r7
20000a9c:	f000 f986 	bl	20000dac <hw_endpoint_start_next_buffer>
20000aa0:	e5eb      	b.n	2000067a <dcd_rp2040_irq+0x62>
20000aa2:	2300      	movs	r3, #0
20000aa4:	4824      	ldr	r0, [pc, #144]	@ (20000b38 <dcd_rp2040_irq+0x520>)
20000aa6:	f884 31fc 	strb.w	r3, [r4, #508]	@ 0x1fc
20000aaa:	463e      	mov	r6, r7
20000aac:	f000 f97e 	bl	20000dac <hw_endpoint_start_next_buffer>
20000ab0:	e5e8      	b.n	20000684 <dcd_rp2040_irq+0x6c>
20000ab2:	2300      	movs	r3, #0
20000ab4:	4821      	ldr	r0, [pc, #132]	@ (20000b3c <dcd_rp2040_irq+0x524>)
20000ab6:	f884 323c 	strb.w	r3, [r4, #572]	@ 0x23c
20000aba:	463e      	mov	r6, r7
20000abc:	f000 f976 	bl	20000dac <hw_endpoint_start_next_buffer>
20000ac0:	e5e5      	b.n	2000068e <dcd_rp2040_irq+0x76>
20000ac2:	2300      	movs	r3, #0
20000ac4:	481e      	ldr	r0, [pc, #120]	@ (20000b40 <dcd_rp2040_irq+0x528>)
20000ac6:	f884 327c 	strb.w	r3, [r4, #636]	@ 0x27c
20000aca:	463e      	mov	r6, r7
20000acc:	f000 f96e 	bl	20000dac <hw_endpoint_start_next_buffer>
20000ad0:	e5e2      	b.n	20000698 <dcd_rp2040_irq+0x80>
20000ad2:	2300      	movs	r3, #0
20000ad4:	481b      	ldr	r0, [pc, #108]	@ (20000b44 <dcd_rp2040_irq+0x52c>)
20000ad6:	f884 32bc 	strb.w	r3, [r4, #700]	@ 0x2bc
20000ada:	463e      	mov	r6, r7
20000adc:	f000 f966 	bl	20000dac <hw_endpoint_start_next_buffer>
20000ae0:	e5df      	b.n	200006a2 <dcd_rp2040_irq+0x8a>
20000ae2:	2300      	movs	r3, #0
20000ae4:	4818      	ldr	r0, [pc, #96]	@ (20000b48 <dcd_rp2040_irq+0x530>)
20000ae6:	f884 32fc 	strb.w	r3, [r4, #764]	@ 0x2fc
20000aea:	463e      	mov	r6, r7
20000aec:	f000 f95e 	bl	20000dac <hw_endpoint_start_next_buffer>
20000af0:	e5dc      	b.n	200006ac <dcd_rp2040_irq+0x94>
20000af2:	2300      	movs	r3, #0
20000af4:	4815      	ldr	r0, [pc, #84]	@ (20000b4c <dcd_rp2040_irq+0x534>)
20000af6:	f884 333c 	strb.w	r3, [r4, #828]	@ 0x33c
20000afa:	463e      	mov	r6, r7
20000afc:	f000 f956 	bl	20000dac <hw_endpoint_start_next_buffer>
20000b00:	e5d9      	b.n	200006b6 <dcd_rp2040_irq+0x9e>
20000b02:	2300      	movs	r3, #0
20000b04:	4812      	ldr	r0, [pc, #72]	@ (20000b50 <dcd_rp2040_irq+0x538>)
20000b06:	f884 337c 	strb.w	r3, [r4, #892]	@ 0x37c
20000b0a:	f000 f94f 	bl	20000dac <hw_endpoint_start_next_buffer>
20000b0e:	e6c2      	b.n	20000896 <dcd_rp2040_irq+0x27e>
20000b10:	4810      	ldr	r0, [pc, #64]	@ (20000b54 <dcd_rp2040_irq+0x53c>)
20000b12:	ea86 0105 	eor.w	r1, r6, r5
20000b16:	f000 fc4b 	bl	200013b0 <__panic_veneer>
20000b1a:	bf00      	nop
20000b1c:	20010d8c 	.word	0x20010d8c
20000b20:	20010a4c 	.word	0x20010a4c
20000b24:	20010a8c 	.word	0x20010a8c
20000b28:	20010acc 	.word	0x20010acc
20000b2c:	20010b0c 	.word	0x20010b0c
20000b30:	20010b4c 	.word	0x20010b4c
20000b34:	20010b8c 	.word	0x20010b8c
20000b38:	20010bcc 	.word	0x20010bcc
20000b3c:	20010c0c 	.word	0x20010c0c
20000b40:	20010c4c 	.word	0x20010c4c
20000b44:	20010c8c 	.word	0x20010c8c
20000b48:	20010ccc 	.word	0x20010ccc
20000b4c:	20010d0c 	.word	0x20010d0c
20000b50:	20010d4c 	.word	0x20010d4c
20000b54:	10007464 	.word	0x10007464

20000b58 <prepare_ep_buffer>:
20000b58:	e92d 43f0 	stmdb	sp!, {r4, r5, r6, r7, r8, r9, lr}
20000b5c:	8a82      	ldrh	r2, [r0, #20]
20000b5e:	8b04      	ldrh	r4, [r0, #24]
20000b60:	4603      	mov	r3, r0
20000b62:	4294      	cmp	r4, r2
20000b64:	78c0      	ldrb	r0, [r0, #3]
20000b66:	bf28      	it	cs
20000b68:	4614      	movcs	r4, r2
20000b6a:	1e05      	subs	r5, r0, #0
20000b6c:	bf18      	it	ne
20000b6e:	2501      	movne	r5, #1
20000b70:	f080 0001 	eor.w	r0, r0, #1
20000b74:	1b12      	subs	r2, r2, r4
20000b76:	785e      	ldrb	r6, [r3, #1]
20000b78:	70d8      	strb	r0, [r3, #3]
20000b7a:	b292      	uxth	r2, r2
20000b7c:	f444 6080 	orr.w	r0, r4, #1024	@ 0x400
20000b80:	829a      	strh	r2, [r3, #20]
20000b82:	ea40 3045 	orr.w	r0, r0, r5, lsl #13
20000b86:	bb06      	cbnz	r6, 20000bca <prepare_ep_buffer+0x72>
20000b88:	68dd      	ldr	r5, [r3, #12]
20000b8a:	f104 38ff 	add.w	r8, r4, #4294967295	@ 0xffffffff
20000b8e:	eb05 1c81 	add.w	ip, r5, r1, lsl #6
20000b92:	691d      	ldr	r5, [r3, #16]
20000b94:	b1ac      	cbz	r4, 20000bc2 <prepare_ep_buffer+0x6a>
20000b96:	f1b8 0f05 	cmp.w	r8, #5
20000b9a:	f105 0201 	add.w	r2, r5, #1
20000b9e:	d903      	bls.n	20000ba8 <prepare_ep_buffer+0x50>
20000ba0:	ebac 0702 	sub.w	r7, ip, r2
20000ba4:	2f02      	cmp	r7, #2
20000ba6:	d817      	bhi.n	20000bd8 <prepare_ep_buffer+0x80>
20000ba8:	f10c 3cff 	add.w	ip, ip, #4294967295	@ 0xffffffff
20000bac:	4425      	add	r5, r4
20000bae:	e000      	b.n	20000bb2 <prepare_ep_buffer+0x5a>
20000bb0:	3201      	adds	r2, #1
20000bb2:	f812 6c01 	ldrb.w	r6, [r2, #-1]
20000bb6:	42aa      	cmp	r2, r5
20000bb8:	f80c 6f01 	strb.w	r6, [ip, #1]!
20000bbc:	d1f8      	bne.n	20000bb0 <prepare_ep_buffer+0x58>
20000bbe:	691d      	ldr	r5, [r3, #16]
20000bc0:	8a9a      	ldrh	r2, [r3, #20]
20000bc2:	4425      	add	r5, r4
20000bc4:	611d      	str	r5, [r3, #16]
20000bc6:	f440 4000 	orr.w	r0, r0, #32768	@ 0x8000
20000bca:	b90a      	cbnz	r2, 20000bd0 <prepare_ep_buffer+0x78>
20000bcc:	f440 4080 	orr.w	r0, r0, #16384	@ 0x4000
20000bd0:	b101      	cbz	r1, 20000bd4 <prepare_ep_buffer+0x7c>
20000bd2:	0400      	lsls	r0, r0, #16
20000bd4:	e8bd 83f0 	ldmia.w	sp!, {r4, r5, r6, r7, r8, r9, pc}
20000bd8:	462f      	mov	r7, r5
20000bda:	46e6      	mov	lr, ip
20000bdc:	4632      	mov	r2, r6
20000bde:	1f26      	subs	r6, r4, #4
20000be0:	08b6      	lsrs	r6, r6, #2
20000be2:	3601      	adds	r6, #1
20000be4:	f857 9b04 	ldr.w	r9, [r7], #4
20000be8:	3201      	adds	r2, #1
20000bea:	4296      	cmp	r6, r2
20000bec:	f84e 9b04 	str.w	r9, [lr], #4
20000bf0:	d8f8      	bhi.n	20000be4 <prepare_ep_buffer+0x8c>
20000bf2:	ebb4 0f86 	cmp.w	r4, r6, lsl #2
20000bf6:	eba8 0286 	sub.w	r2, r8, r6, lsl #2
20000bfa:	eb05 0e86 	add.w	lr, r5, r6, lsl #2
20000bfe:	eb0c 0786 	add.w	r7, ip, r6, lsl #2
20000c02:	d0dc      	beq.n	20000bbe <prepare_ep_buffer+0x66>
20000c04:	f815 5026 	ldrb.w	r5, [r5, r6, lsl #2]
20000c08:	f80c 5026 	strb.w	r5, [ip, r6, lsl #2]
20000c0c:	2a00      	cmp	r2, #0
20000c0e:	d0d6      	beq.n	20000bbe <prepare_ep_buffer+0x66>
20000c10:	f89e 5001 	ldrb.w	r5, [lr, #1]
20000c14:	2a01      	cmp	r2, #1
20000c16:	707d      	strb	r5, [r7, #1]
20000c18:	d0d1      	beq.n	20000bbe <prepare_ep_buffer+0x66>
20000c1a:	f89e 2002 	ldrb.w	r2, [lr, #2]
20000c1e:	70ba      	strb	r2, [r7, #2]
20000c20:	691d      	ldr	r5, [r3, #16]
20000c22:	8a9a      	ldrh	r2, [r3, #20]
20000c24:	e7cd      	b.n	20000bc2 <prepare_ep_buffer+0x6a>
20000c26:	bf00      	nop

20000c28 <sync_ep_buffer>:
20000c28:	6883      	ldr	r3, [r0, #8]
20000c2a:	4602      	mov	r2, r0
20000c2c:	6818      	ldr	r0, [r3, #0]
20000c2e:	b101      	cbz	r1, 20000c32 <sync_ep_buffer+0xa>
20000c30:	0c00      	lsrs	r0, r0, #16
20000c32:	7853      	ldrb	r3, [r2, #1]
20000c34:	f3c0 0009 	ubfx	r0, r0, #0, #10
20000c38:	b313      	cbz	r3, 20000c80 <sync_ep_buffer+0x58>
20000c3a:	b5f0      	push	{r4, r5, r6, r7, lr}
20000c3c:	e9d2 5403 	ldrd	r5, r4, [r2, #12]
20000c40:	018f      	lsls	r7, r1, #6
20000c42:	eb05 1381 	add.w	r3, r5, r1, lsl #6
20000c46:	1e46      	subs	r6, r0, #1
20000c48:	b178      	cbz	r0, 20000c6a <sync_ep_buffer+0x42>
20000c4a:	2e05      	cmp	r6, #5
20000c4c:	d904      	bls.n	20000c58 <sync_ep_buffer+0x30>
20000c4e:	3701      	adds	r7, #1
20000c50:	443d      	add	r5, r7
20000c52:	1b65      	subs	r5, r4, r5
20000c54:	2d02      	cmp	r5, #2
20000c56:	d81c      	bhi.n	20000c92 <sync_ep_buffer+0x6a>
20000c58:	1e61      	subs	r1, r4, #1
20000c5a:	181d      	adds	r5, r3, r0
20000c5c:	f813 4b01 	ldrb.w	r4, [r3], #1
20000c60:	429d      	cmp	r5, r3
20000c62:	f801 4f01 	strb.w	r4, [r1, #1]!
20000c66:	d1f9      	bne.n	20000c5c <sync_ep_buffer+0x34>
20000c68:	6914      	ldr	r4, [r2, #16]
20000c6a:	8ad3      	ldrh	r3, [r2, #22]
20000c6c:	4404      	add	r4, r0
20000c6e:	4403      	add	r3, r0
20000c70:	82d3      	strh	r3, [r2, #22]
20000c72:	8b13      	ldrh	r3, [r2, #24]
20000c74:	6114      	str	r4, [r2, #16]
20000c76:	4283      	cmp	r3, r0
20000c78:	bf84      	itt	hi
20000c7a:	2300      	movhi	r3, #0
20000c7c:	8293      	strhhi	r3, [r2, #20]
20000c7e:	bdf0      	pop	{r4, r5, r6, r7, pc}
20000c80:	8ad3      	ldrh	r3, [r2, #22]
20000c82:	4403      	add	r3, r0
20000c84:	82d3      	strh	r3, [r2, #22]
20000c86:	8b13      	ldrh	r3, [r2, #24]
20000c88:	4283      	cmp	r3, r0
20000c8a:	bf84      	itt	hi
20000c8c:	2300      	movhi	r3, #0
20000c8e:	8293      	strhhi	r3, [r2, #20]
20000c90:	4770      	bx	lr
20000c92:	469e      	mov	lr, r3
20000c94:	4625      	mov	r5, r4
20000c96:	2100      	movs	r1, #0
20000c98:	f1a0 0c04 	sub.w	ip, r0, #4
20000c9c:	ea4f 0c9c 	mov.w	ip, ip, lsr #2
20000ca0:	f10c 0c01 	add.w	ip, ip, #1
20000ca4:	f85e 7b04 	ldr.w	r7, [lr], #4
20000ca8:	3101      	adds	r1, #1
20000caa:	4561      	cmp	r1, ip
20000cac:	f845 7b04 	str.w	r7, [r5], #4
20000cb0:	d3f8      	bcc.n	20000ca4 <sync_ep_buffer+0x7c>
20000cb2:	ebb0 0f8c 	cmp.w	r0, ip, lsl #2
20000cb6:	eba6 068c 	sub.w	r6, r6, ip, lsl #2
20000cba:	eb03 058c 	add.w	r5, r3, ip, lsl #2
20000cbe:	eb04 018c 	add.w	r1, r4, ip, lsl #2
20000cc2:	d0d1      	beq.n	20000c68 <sync_ep_buffer+0x40>
20000cc4:	f813 302c 	ldrb.w	r3, [r3, ip, lsl #2]
20000cc8:	f804 302c 	strb.w	r3, [r4, ip, lsl #2]
20000ccc:	2e00      	cmp	r6, #0
20000cce:	d0cb      	beq.n	20000c68 <sync_ep_buffer+0x40>
20000cd0:	786b      	ldrb	r3, [r5, #1]
20000cd2:	2e01      	cmp	r6, #1
20000cd4:	704b      	strb	r3, [r1, #1]
20000cd6:	d0c7      	beq.n	20000c68 <sync_ep_buffer+0x40>
20000cd8:	78ab      	ldrb	r3, [r5, #2]
20000cda:	708b      	strb	r3, [r1, #2]
20000cdc:	6914      	ldr	r4, [r2, #16]
20000cde:	e7c4      	b.n	20000c6a <sync_ep_buffer+0x42>

20000ce0 <_hw_endpoint_xfer_sync>:
20000ce0:	b510      	push	{r4, lr}
20000ce2:	4604      	mov	r4, r0
20000ce4:	6883      	ldr	r3, [r0, #8]
20000ce6:	2100      	movs	r1, #0
20000ce8:	681b      	ldr	r3, [r3, #0]
20000cea:	f7ff ff9d 	bl	20000c28 <sync_ep_buffer>
20000cee:	6863      	ldr	r3, [r4, #4]
20000cf0:	681b      	ldr	r3, [r3, #0]
20000cf2:	005b      	lsls	r3, r3, #1
20000cf4:	d502      	bpl.n	20000cfc <_hw_endpoint_xfer_sync+0x1c>
20000cf6:	8b23      	ldrh	r3, [r4, #24]
20000cf8:	4283      	cmp	r3, r0
20000cfa:	d000      	beq.n	20000cfe <_hw_endpoint_xfer_sync+0x1e>
20000cfc:	bd10      	pop	{r4, pc}
20000cfe:	4620      	mov	r0, r4
20000d00:	e8bd 4010 	ldmia.w	sp!, {r4, lr}
20000d04:	2101      	movs	r1, #1
20000d06:	f7ff bf8f 	b.w	20000c28 <sync_ep_buffer>
20000d0a:	bf00      	nop

20000d0c <e15_is_bulkin_ep>:
20000d0c:	4b08      	ldr	r3, [pc, #32]	@ (20000d30 <e15_is_bulkin_ep+0x24>)
20000d0e:	6c1b      	ldr	r3, [r3, #64]	@ 0x40
20000d10:	f013 0302 	ands.w	r3, r3, #2
20000d14:	d102      	bne.n	20000d1c <e15_is_bulkin_ep+0x10>
20000d16:	7882      	ldrb	r2, [r0, #2]
20000d18:	09d2      	lsrs	r2, r2, #7
20000d1a:	d101      	bne.n	20000d20 <e15_is_bulkin_ep+0x14>
20000d1c:	2000      	movs	r0, #0
20000d1e:	4770      	bx	lr
20000d20:	7ec0      	ldrb	r0, [r0, #27]
20000d22:	f1a0 0002 	sub.w	r0, r0, #2
20000d26:	fab0 f080 	clz	r0, r0
20000d2a:	0940      	lsrs	r0, r0, #5
20000d2c:	4770      	bx	lr
20000d2e:	bf00      	nop
20000d30:	50110000 	.word	0x50110000

20000d34 <e15_is_critical_frame_period>:
20000d34:	b508      	push	{r3, lr}
20000d36:	f7ff ffe9 	bl	20000d0c <e15_is_bulkin_ep>
20000d3a:	b150      	cbz	r0, 20000d52 <e15_is_critical_frame_period+0x1e>
20000d3c:	4a05      	ldr	r2, [pc, #20]	@ (20000d54 <e15_is_critical_frame_period+0x20>)
20000d3e:	4b06      	ldr	r3, [pc, #24]	@ (20000d58 <e15_is_critical_frame_period+0x24>)
20000d40:	6a90      	ldr	r0, [r2, #40]	@ 0x28
20000d42:	681b      	ldr	r3, [r3, #0]
20000d44:	f5a0 7048 	sub.w	r0, r0, #800	@ 0x320
20000d48:	1ac0      	subs	r0, r0, r3
20000d4a:	28c6      	cmp	r0, #198	@ 0xc6
20000d4c:	bf8c      	ite	hi
20000d4e:	2000      	movhi	r0, #0
20000d50:	2001      	movls	r0, #1
20000d52:	bd08      	pop	{r3, pc}
20000d54:	400b0000 	.word	0x400b0000
20000d58:	200109e4 	.word	0x200109e4

20000d5c <hw_endpoint_reset_transfer>:
20000d5c:	2300      	movs	r3, #0
20000d5e:	e9c0 3304 	strd	r3, r3, [r0, #16]
20000d62:	7683      	strb	r3, [r0, #26]
20000d64:	4770      	bx	lr
20000d66:	bf00      	nop

20000d68 <_hw_endpoint_buffer_control_update32>:
20000d68:	b510      	push	{r4, lr}
20000d6a:	6883      	ldr	r3, [r0, #8]
20000d6c:	b109      	cbz	r1, 20000d72 <_hw_endpoint_buffer_control_update32+0xa>
20000d6e:	681c      	ldr	r4, [r3, #0]
20000d70:	4021      	ands	r1, r4
20000d72:	b182      	cbz	r2, 20000d96 <_hw_endpoint_buffer_control_update32+0x2e>
20000d74:	4311      	orrs	r1, r2
20000d76:	0552      	lsls	r2, r2, #21
20000d78:	d50d      	bpl.n	20000d96 <_hw_endpoint_buffer_control_update32+0x2e>
20000d7a:	681a      	ldr	r2, [r3, #0]
20000d7c:	0554      	lsls	r4, r2, #21
20000d7e:	d40c      	bmi.n	20000d9a <_hw_endpoint_buffer_control_update32+0x32>
20000d80:	4a08      	ldr	r2, [pc, #32]	@ (20000da4 <_hw_endpoint_buffer_control_update32+0x3c>)
20000d82:	f421 6480 	bic.w	r4, r1, #1024	@ 0x400
20000d86:	601c      	str	r4, [r3, #0]
20000d88:	6c12      	ldr	r2, [r2, #64]	@ 0x40
20000d8a:	0792      	lsls	r2, r2, #30
20000d8c:	d403      	bmi.n	20000d96 <_hw_endpoint_buffer_control_update32+0x2e>
20000d8e:	230c      	movs	r3, #12
20000d90:	3b03      	subs	r3, #3
20000d92:	d2fd      	bcs.n	20000d90 <_hw_endpoint_buffer_control_update32+0x28>
20000d94:	6883      	ldr	r3, [r0, #8]
20000d96:	6019      	str	r1, [r3, #0]
20000d98:	bd10      	pop	{r4, pc}
20000d9a:	7881      	ldrb	r1, [r0, #2]
20000d9c:	4802      	ldr	r0, [pc, #8]	@ (20000da8 <_hw_endpoint_buffer_control_update32+0x40>)
20000d9e:	f000 fb07 	bl	200013b0 <__panic_veneer>
20000da2:	bf00      	nop
20000da4:	50110000 	.word	0x50110000
20000da8:	10007478 	.word	0x10007478

20000dac <hw_endpoint_start_next_buffer>:
20000dac:	b530      	push	{r4, r5, lr}
20000dae:	6843      	ldr	r3, [r0, #4]
20000db0:	2100      	movs	r1, #0
20000db2:	b083      	sub	sp, #12
20000db4:	4604      	mov	r4, r0
20000db6:	681d      	ldr	r5, [r3, #0]
20000db8:	f7ff fece 	bl	20000b58 <prepare_ep_buffer>
20000dbc:	4b13      	ldr	r3, [pc, #76]	@ (20000e0c <hw_endpoint_start_next_buffer+0x60>)
20000dbe:	f440 5280 	orr.w	r2, r0, #4096	@ 0x1000
20000dc2:	6c1b      	ldr	r3, [r3, #64]	@ 0x40
20000dc4:	f013 0f02 	tst.w	r3, #2
20000dc8:	78a3      	ldrb	r3, [r4, #2]
20000dca:	d00e      	beq.n	20000dea <hw_endpoint_start_next_buffer+0x3e>
20000dcc:	065b      	lsls	r3, r3, #25
20000dce:	d00e      	beq.n	20000dee <hw_endpoint_start_next_buffer+0x42>
20000dd0:	f025 45a0 	bic.w	r5, r5, #1342177280	@ 0x50000000
20000dd4:	f045 5500 	orr.w	r5, r5, #536870912	@ 0x20000000
20000dd8:	2100      	movs	r1, #0
20000dda:	4620      	mov	r0, r4
20000ddc:	6863      	ldr	r3, [r4, #4]
20000dde:	601d      	str	r5, [r3, #0]
20000de0:	b003      	add	sp, #12
20000de2:	e8bd 4030 	ldmia.w	sp!, {r4, r5, lr}
20000de6:	f7ff bfbf 	b.w	20000d68 <_hw_endpoint_buffer_control_update32>
20000dea:	09db      	lsrs	r3, r3, #7
20000dec:	d0f0      	beq.n	20000dd0 <hw_endpoint_start_next_buffer+0x24>
20000dee:	8aa3      	ldrh	r3, [r4, #20]
20000df0:	2b00      	cmp	r3, #0
20000df2:	d0ed      	beq.n	20000dd0 <hw_endpoint_start_next_buffer+0x24>
20000df4:	2101      	movs	r1, #1
20000df6:	4620      	mov	r0, r4
20000df8:	9201      	str	r2, [sp, #4]
20000dfa:	f7ff fead 	bl	20000b58 <prepare_ep_buffer>
20000dfe:	9a01      	ldr	r2, [sp, #4]
20000e00:	f025 5500 	bic.w	r5, r5, #536870912	@ 0x20000000
20000e04:	4302      	orrs	r2, r0
20000e06:	f045 45a0 	orr.w	r5, r5, #1342177280	@ 0x50000000
20000e0a:	e7e5      	b.n	20000dd8 <hw_endpoint_start_next_buffer+0x2c>
20000e0c:	50110000 	.word	0x50110000

20000e10 <hw_endpoint_xfer_continue>:
20000e10:	b538      	push	{r3, r4, r5, lr}
20000e12:	7e85      	ldrb	r5, [r0, #26]
20000e14:	4604      	mov	r4, r0
20000e16:	b195      	cbz	r5, 20000e3e <hw_endpoint_xfer_continue+0x2e>
20000e18:	f7ff ff62 	bl	20000ce0 <_hw_endpoint_xfer_sync>
20000e1c:	8aa3      	ldrh	r3, [r4, #20]
20000e1e:	b90b      	cbnz	r3, 20000e24 <hw_endpoint_xfer_continue+0x14>
20000e20:	4628      	mov	r0, r5
20000e22:	bd38      	pop	{r3, r4, r5, pc}
20000e24:	4620      	mov	r0, r4
20000e26:	f7ff ff85 	bl	20000d34 <e15_is_critical_frame_period>
20000e2a:	b120      	cbz	r0, 20000e36 <hw_endpoint_xfer_continue+0x26>
20000e2c:	2301      	movs	r3, #1
20000e2e:	7723      	strb	r3, [r4, #28]
20000e30:	2500      	movs	r5, #0
20000e32:	4628      	mov	r0, r5
20000e34:	bd38      	pop	{r3, r4, r5, pc}
20000e36:	4620      	mov	r0, r4
20000e38:	f7ff ffb8 	bl	20000dac <hw_endpoint_start_next_buffer>
20000e3c:	e7f8      	b.n	20000e30 <hw_endpoint_xfer_continue+0x20>
20000e3e:	7881      	ldrb	r1, [r0, #2]
20000e40:	4801      	ldr	r0, [pc, #4]	@ (20000e48 <hw_endpoint_xfer_continue+0x38>)
20000e42:	f000 fab5 	bl	200013b0 <__panic_veneer>
20000e46:	bf00      	nop
20000e48:	10007498 	.word	0x10007498

20000e4c <dcd_event_handler>:
20000e4c:	e92d 43f0 	stmdb	sp!, {r4, r5, r6, r7, r8, r9, lr}
20000e50:	7843      	ldrb	r3, [r0, #1]
20000e52:	4681      	mov	r9, r0
20000e54:	3b02      	subs	r3, #2
20000e56:	460d      	mov	r5, r1
20000e58:	b085      	sub	sp, #20
20000e5a:	2b04      	cmp	r3, #4
20000e5c:	d813      	bhi.n	20000e86 <dcd_event_handler+0x3a>
20000e5e:	e8df f003 	tbb	[pc, r3]
20000e62:	4a03      	.short	0x4a03
20000e64:	736a      	.short	0x736a
20000e66:	44          	.byte	0x44
20000e67:	00          	.byte	0x00
20000e68:	2100      	movs	r1, #0
20000e6a:	4b7b      	ldr	r3, [pc, #492]	@ (20001058 <dcd_event_handler+0x20c>)
20000e6c:	781a      	ldrb	r2, [r3, #0]
20000e6e:	f022 0201 	bic.w	r2, r2, #1
20000e72:	701a      	strb	r2, [r3, #0]
20000e74:	781a      	ldrb	r2, [r3, #0]
20000e76:	f022 0202 	bic.w	r2, r2, #2
20000e7a:	701a      	strb	r2, [r3, #0]
20000e7c:	7059      	strb	r1, [r3, #1]
20000e7e:	781a      	ldrb	r2, [r3, #0]
20000e80:	f361 0282 	bfi	r2, r1, #2, #1
20000e84:	701a      	strb	r2, [r3, #0]
20000e86:	4b75      	ldr	r3, [pc, #468]	@ (2000105c <dcd_event_handler+0x210>)
20000e88:	681c      	ldr	r4, [r3, #0]
20000e8a:	6963      	ldr	r3, [r4, #20]
20000e8c:	f3ef 8210 	mrs	r2, PRIMASK
20000e90:	b672      	cpsid	i
20000e92:	e8d3 0fcf 	ldaexb	r0, [r3]
20000e96:	2101      	movs	r1, #1
20000e98:	2800      	cmp	r0, #0
20000e9a:	d1fa      	bne.n	20000e92 <dcd_event_handler+0x46>
20000e9c:	e8c3 1f40 	strexb	r0, r1, [r3]
20000ea0:	2800      	cmp	r0, #0
20000ea2:	d1f6      	bne.n	20000e92 <dcd_event_handler+0x46>
20000ea4:	f3bf 8f5f 	dmb	sy
20000ea8:	61a2      	str	r2, [r4, #24]
20000eaa:	4649      	mov	r1, r9
20000eac:	4620      	mov	r0, r4
20000eae:	f000 fa7b 	bl	200013a8 <__tu_fifo_write_veneer>
20000eb2:	2300      	movs	r3, #0
20000eb4:	6962      	ldr	r2, [r4, #20]
20000eb6:	e8c2 3f8f 	stlb	r3, [r2]
20000eba:	69a3      	ldr	r3, [r4, #24]
20000ebc:	f383 8810 	msr	PRIMASK, r3
20000ec0:	b948      	cbnz	r0, 20000ed6 <dcd_event_handler+0x8a>
20000ec2:	f04f 23e0 	mov.w	r3, #3758153728	@ 0xe000e000
20000ec6:	f8d3 3df0 	ldr.w	r3, [r3, #3568]	@ 0xdf0
20000eca:	07db      	lsls	r3, r3, #31
20000ecc:	d50a      	bpl.n	20000ee4 <dcd_event_handler+0x98>
20000ece:	be00      	bkpt	0x0000
20000ed0:	b005      	add	sp, #20
20000ed2:	e8bd 83f0 	ldmia.w	sp!, {r4, r5, r6, r7, r8, r9, pc}
20000ed6:	462a      	mov	r2, r5
20000ed8:	f899 1001 	ldrb.w	r1, [r9, #1]
20000edc:	f899 0000 	ldrb.w	r0, [r9]
20000ee0:	f000 fa6a 	bl	200013b8 <__tud_event_hook_cb_veneer>
20000ee4:	b005      	add	sp, #20
20000ee6:	e8bd 83f0 	ldmia.w	sp!, {r4, r5, r6, r7, r8, r9, pc}
20000eea:	4a5d      	ldr	r2, [pc, #372]	@ (20001060 <dcd_event_handler+0x214>)
20000eec:	7813      	ldrb	r3, [r2, #0]
20000eee:	3301      	adds	r3, #1
20000ef0:	b2db      	uxtb	r3, r3
20000ef2:	7013      	strb	r3, [r2, #0]
20000ef4:	e7c7      	b.n	20000e86 <dcd_event_handler+0x3a>
20000ef6:	2400      	movs	r4, #0
20000ef8:	4e5a      	ldr	r6, [pc, #360]	@ (20001064 <dcd_event_handler+0x218>)
20000efa:	4623      	mov	r3, r4
20000efc:	7831      	ldrb	r1, [r6, #0]
20000efe:	f8df 816c 	ldr.w	r8, [pc, #364]	@ 2000106c <dcd_event_handler+0x220>
20000f02:	4f59      	ldr	r7, [pc, #356]	@ (20001068 <dcd_event_handler+0x21c>)
20000f04:	e011      	b.n	20000f2a <dcd_event_handler+0xde>
20000f06:	683b      	ldr	r3, [r7, #0]
20000f08:	eb13 1344 	adds.w	r3, r3, r4, lsl #5
20000f0c:	d007      	beq.n	20000f1e <dcd_event_handler+0xd2>
20000f0e:	69db      	ldr	r3, [r3, #28]
20000f10:	b12b      	cbz	r3, 20000f1e <dcd_event_handler+0xd2>
20000f12:	f8d9 1004 	ldr.w	r1, [r9, #4]
20000f16:	f899 0000 	ldrb.w	r0, [r9]
20000f1a:	4798      	blx	r3
20000f1c:	7831      	ldrb	r1, [r6, #0]
20000f1e:	3401      	adds	r4, #1
20000f20:	b2e4      	uxtb	r4, r4
20000f22:	1c4a      	adds	r2, r1, #1
20000f24:	42a2      	cmp	r2, r4
20000f26:	4623      	mov	r3, r4
20000f28:	db17      	blt.n	20000f5a <dcd_event_handler+0x10e>
20000f2a:	42a1      	cmp	r1, r4
20000f2c:	d8eb      	bhi.n	20000f06 <dcd_event_handler+0xba>
20000f2e:	1a5b      	subs	r3, r3, r1
20000f30:	eb08 1343 	add.w	r3, r8, r3, lsl #5
20000f34:	e7eb      	b.n	20000f0e <dcd_event_handler+0xc2>
20000f36:	4b48      	ldr	r3, [pc, #288]	@ (20001058 <dcd_event_handler+0x20c>)
20000f38:	781a      	ldrb	r2, [r3, #0]
20000f3a:	07d6      	lsls	r6, r2, #31
20000f3c:	d5d2      	bpl.n	20000ee4 <dcd_event_handler+0x98>
20000f3e:	781a      	ldrb	r2, [r3, #0]
20000f40:	f042 0204 	orr.w	r2, r2, #4
20000f44:	701a      	strb	r2, [r3, #0]
20000f46:	e79e      	b.n	20000e86 <dcd_event_handler+0x3a>
20000f48:	4b43      	ldr	r3, [pc, #268]	@ (20001058 <dcd_event_handler+0x20c>)
20000f4a:	781a      	ldrb	r2, [r3, #0]
20000f4c:	07d4      	lsls	r4, r2, #31
20000f4e:	d5c9      	bpl.n	20000ee4 <dcd_event_handler+0x98>
20000f50:	781a      	ldrb	r2, [r3, #0]
20000f52:	f022 0204 	bic.w	r2, r2, #4
20000f56:	701a      	strb	r2, [r3, #0]
20000f58:	e795      	b.n	20000e86 <dcd_event_handler+0x3a>
20000f5a:	4c3f      	ldr	r4, [pc, #252]	@ (20001058 <dcd_event_handler+0x20c>)
20000f5c:	7823      	ldrb	r3, [r4, #0]
20000f5e:	0758      	lsls	r0, r3, #29
20000f60:	d43a      	bmi.n	20000fd8 <dcd_event_handler+0x18c>
20000f62:	78e3      	ldrb	r3, [r4, #3]
20000f64:	07da      	lsls	r2, r3, #31
20000f66:	d5bd      	bpl.n	20000ee4 <dcd_event_handler+0x98>
20000f68:	2303      	movs	r3, #3
20000f6a:	2600      	movs	r6, #0
20000f6c:	4a3b      	ldr	r2, [pc, #236]	@ (2000105c <dcd_event_handler+0x210>)
20000f6e:	f899 1000 	ldrb.w	r1, [r9]
20000f72:	6814      	ldr	r4, [r2, #0]
20000f74:	f8d9 2004 	ldr.w	r2, [r9, #4]
20000f78:	f88d 1004 	strb.w	r1, [sp, #4]
20000f7c:	f88d 3005 	strb.w	r3, [sp, #5]
20000f80:	6963      	ldr	r3, [r4, #20]
20000f82:	f8cd 6006 	str.w	r6, [sp, #6]
20000f86:	f8cd 600a 	str.w	r6, [sp, #10]
20000f8a:	f8ad 600e 	strh.w	r6, [sp, #14]
20000f8e:	9202      	str	r2, [sp, #8]
20000f90:	f3ef 8210 	mrs	r2, PRIMASK
20000f94:	b672      	cpsid	i
20000f96:	e8d3 0fcf 	ldaexb	r0, [r3]
20000f9a:	2101      	movs	r1, #1
20000f9c:	2800      	cmp	r0, #0
20000f9e:	d1fa      	bne.n	20000f96 <dcd_event_handler+0x14a>
20000fa0:	e8c3 1f40 	strexb	r0, r1, [r3]
20000fa4:	2800      	cmp	r0, #0
20000fa6:	d1f6      	bne.n	20000f96 <dcd_event_handler+0x14a>
20000fa8:	f3bf 8f5f 	dmb	sy
20000fac:	4620      	mov	r0, r4
20000fae:	61a2      	str	r2, [r4, #24]
20000fb0:	a901      	add	r1, sp, #4
20000fb2:	f000 f9f9 	bl	200013a8 <__tu_fifo_write_veneer>
20000fb6:	6963      	ldr	r3, [r4, #20]
20000fb8:	e8c3 6f8f 	stlb	r6, [r3]
20000fbc:	69a3      	ldr	r3, [r4, #24]
20000fbe:	f383 8810 	msr	PRIMASK, r3
20000fc2:	2800      	cmp	r0, #0
20000fc4:	f43f af7d 	beq.w	20000ec2 <dcd_event_handler+0x76>
20000fc8:	462a      	mov	r2, r5
20000fca:	f89d 1005 	ldrb.w	r1, [sp, #5]
20000fce:	f89d 0004 	ldrb.w	r0, [sp, #4]
20000fd2:	f000 f9f1 	bl	200013b8 <__tud_event_hook_cb_veneer>
20000fd6:	e785      	b.n	20000ee4 <dcd_event_handler+0x98>
20000fd8:	7823      	ldrb	r3, [r4, #0]
20000fda:	2700      	movs	r7, #0
20000fdc:	f023 0304 	bic.w	r3, r3, #4
20000fe0:	7023      	strb	r3, [r4, #0]
20000fe2:	2305      	movs	r3, #5
20000fe4:	4a1d      	ldr	r2, [pc, #116]	@ (2000105c <dcd_event_handler+0x210>)
20000fe6:	f88d 3005 	strb.w	r3, [sp, #5]
20000fea:	6816      	ldr	r6, [r2, #0]
20000fec:	f899 2000 	ldrb.w	r2, [r9]
20000ff0:	f8ad 700e 	strh.w	r7, [sp, #14]
20000ff4:	f88d 2004 	strb.w	r2, [sp, #4]
20000ff8:	6973      	ldr	r3, [r6, #20]
20000ffa:	f8cd 7006 	str.w	r7, [sp, #6]
20000ffe:	f8cd 700a 	str.w	r7, [sp, #10]
20001002:	f3ef 8210 	mrs	r2, PRIMASK
20001006:	b672      	cpsid	i
20001008:	e8d3 0fcf 	ldaexb	r0, [r3]
2000100c:	2101      	movs	r1, #1
2000100e:	2800      	cmp	r0, #0
20001010:	d1fa      	bne.n	20001008 <dcd_event_handler+0x1bc>
20001012:	e8c3 1f40 	strexb	r0, r1, [r3]
20001016:	2800      	cmp	r0, #0
20001018:	d1f6      	bne.n	20001008 <dcd_event_handler+0x1bc>
2000101a:	f3bf 8f5f 	dmb	sy
2000101e:	4630      	mov	r0, r6
20001020:	61b2      	str	r2, [r6, #24]
20001022:	a901      	add	r1, sp, #4
20001024:	f000 f9c0 	bl	200013a8 <__tu_fifo_write_veneer>
20001028:	6973      	ldr	r3, [r6, #20]
2000102a:	e8c3 7f8f 	stlb	r7, [r3]
2000102e:	69b3      	ldr	r3, [r6, #24]
20001030:	f383 8810 	msr	PRIMASK, r3
20001034:	b938      	cbnz	r0, 20001046 <dcd_event_handler+0x1fa>
20001036:	f04f 23e0 	mov.w	r3, #3758153728	@ 0xe000e000
2000103a:	f8d3 3df0 	ldr.w	r3, [r3, #3568]	@ 0xdf0
2000103e:	07d9      	lsls	r1, r3, #31
20001040:	d58f      	bpl.n	20000f62 <dcd_event_handler+0x116>
20001042:	be00      	bkpt	0x0000
20001044:	e78d      	b.n	20000f62 <dcd_event_handler+0x116>
20001046:	462a      	mov	r2, r5
20001048:	f89d 1005 	ldrb.w	r1, [sp, #5]
2000104c:	f89d 0004 	ldrb.w	r0, [sp, #4]
20001050:	f000 f9b2 	bl	200013b8 <__tud_event_hook_cb_veneer>
20001054:	e785      	b.n	20000f62 <dcd_event_handler+0x116>
20001056:	bf00      	nop
20001058:	200102cc 	.word	0x200102cc
2000105c:	20010324 	.word	0x20010324
20001060:	20011256 	.word	0x20011256
20001064:	20011254 	.word	0x20011254
20001068:	20010248 	.word	0x20010248
2000106c:	100077a4 	.word	0x100077a4

20001070 <__aeabi_uldivmod>:
20001070:	b953      	cbnz	r3, 20001088 <__aeabi_uldivmod+0x18>
20001072:	b94a      	cbnz	r2, 20001088 <__aeabi_uldivmod+0x18>
20001074:	2900      	cmp	r1, #0
20001076:	bf08      	it	eq
20001078:	2800      	cmpeq	r0, #0
2000107a:	bf1c      	itt	ne
2000107c:	f04f 31ff 	movne.w	r1, #4294967295	@ 0xffffffff
20001080:	f04f 30ff 	movne.w	r0, #4294967295	@ 0xffffffff
20001084:	f000 b98c 	b.w	200013a0 <__aeabi_idiv0>
20001088:	f1ad 0c08 	sub.w	ip, sp, #8
2000108c:	e96d ce04 	strd	ip, lr, [sp, #-16]!
20001090:	f000 f806 	bl	200010a0 <__udivmoddi4>
20001094:	f8dd e004 	ldr.w	lr, [sp, #4]
20001098:	e9dd 2302 	ldrd	r2, r3, [sp, #8]
2000109c:	b004      	add	sp, #16
2000109e:	4770      	bx	lr

200010a0 <__udivmoddi4>:
200010a0:	e92d 4ff0 	stmdb	sp!, {r4, r5, r6, r7, r8, r9, sl, fp, lr}
200010a4:	9d09      	ldr	r5, [sp, #36]	@ 0x24
200010a6:	460e      	mov	r6, r1
200010a8:	4604      	mov	r4, r0
200010aa:	460f      	mov	r7, r1
200010ac:	2b00      	cmp	r3, #0
200010ae:	d147      	bne.n	20001140 <__udivmoddi4+0xa0>
200010b0:	428a      	cmp	r2, r1
200010b2:	4694      	mov	ip, r2
200010b4:	fab2 f382 	clz	r3, r2
200010b8:	d95a      	bls.n	20001170 <__udivmoddi4+0xd0>
200010ba:	b143      	cbz	r3, 200010ce <__udivmoddi4+0x2e>
200010bc:	fa02 fc03 	lsl.w	ip, r2, r3
200010c0:	f1c3 0220 	rsb	r2, r3, #32
200010c4:	409f      	lsls	r7, r3
200010c6:	409c      	lsls	r4, r3
200010c8:	fa20 f202 	lsr.w	r2, r0, r2
200010cc:	4317      	orrs	r7, r2
200010ce:	ea4f 461c 	mov.w	r6, ip, lsr #16
200010d2:	fa1f fe8c 	uxth.w	lr, ip
200010d6:	0c22      	lsrs	r2, r4, #16
200010d8:	fbb7 f1f6 	udiv	r1, r7, r6
200010dc:	fb06 7711 	mls	r7, r6, r1, r7
200010e0:	fb01 f00e 	mul.w	r0, r1, lr
200010e4:	ea42 4207 	orr.w	r2, r2, r7, lsl #16
200010e8:	4290      	cmp	r0, r2
200010ea:	d908      	bls.n	200010fe <__udivmoddi4+0x5e>
200010ec:	eb1c 0202 	adds.w	r2, ip, r2
200010f0:	f101 37ff 	add.w	r7, r1, #4294967295	@ 0xffffffff
200010f4:	d202      	bcs.n	200010fc <__udivmoddi4+0x5c>
200010f6:	4290      	cmp	r0, r2
200010f8:	f200 813c 	bhi.w	20001374 <__udivmoddi4+0x2d4>
200010fc:	4639      	mov	r1, r7
200010fe:	1a12      	subs	r2, r2, r0
20001100:	b2a4      	uxth	r4, r4
20001102:	fbb2 f0f6 	udiv	r0, r2, r6
20001106:	fb06 2210 	mls	r2, r6, r0, r2
2000110a:	fb00 fe0e 	mul.w	lr, r0, lr
2000110e:	ea44 4402 	orr.w	r4, r4, r2, lsl #16
20001112:	45a6      	cmp	lr, r4
20001114:	d908      	bls.n	20001128 <__udivmoddi4+0x88>
20001116:	eb1c 0404 	adds.w	r4, ip, r4
2000111a:	f100 32ff 	add.w	r2, r0, #4294967295	@ 0xffffffff
2000111e:	d202      	bcs.n	20001126 <__udivmoddi4+0x86>
20001120:	45a6      	cmp	lr, r4
20001122:	f200 812a 	bhi.w	2000137a <__udivmoddi4+0x2da>
20001126:	4610      	mov	r0, r2
20001128:	ea40 4001 	orr.w	r0, r0, r1, lsl #16
2000112c:	eba4 040e 	sub.w	r4, r4, lr
20001130:	2100      	movs	r1, #0
20001132:	b11d      	cbz	r5, 2000113c <__udivmoddi4+0x9c>
20001134:	40dc      	lsrs	r4, r3
20001136:	2300      	movs	r3, #0
20001138:	e9c5 4300 	strd	r4, r3, [r5]
2000113c:	e8bd 8ff0 	ldmia.w	sp!, {r4, r5, r6, r7, r8, r9, sl, fp, pc}
20001140:	428b      	cmp	r3, r1
20001142:	d905      	bls.n	20001150 <__udivmoddi4+0xb0>
20001144:	b10d      	cbz	r5, 2000114a <__udivmoddi4+0xaa>
20001146:	e9c5 0100 	strd	r0, r1, [r5]
2000114a:	2100      	movs	r1, #0
2000114c:	4608      	mov	r0, r1
2000114e:	e7f5      	b.n	2000113c <__udivmoddi4+0x9c>
20001150:	fab3 f183 	clz	r1, r3
20001154:	2900      	cmp	r1, #0
20001156:	d14f      	bne.n	200011f8 <__udivmoddi4+0x158>
20001158:	42b3      	cmp	r3, r6
2000115a:	f0c0 8102 	bcc.w	20001362 <__udivmoddi4+0x2c2>
2000115e:	4282      	cmp	r2, r0
20001160:	f240 80ff 	bls.w	20001362 <__udivmoddi4+0x2c2>
20001164:	4608      	mov	r0, r1
20001166:	2d00      	cmp	r5, #0
20001168:	d0e8      	beq.n	2000113c <__udivmoddi4+0x9c>
2000116a:	e9c5 4700 	strd	r4, r7, [r5]
2000116e:	e7e5      	b.n	2000113c <__udivmoddi4+0x9c>
20001170:	2b00      	cmp	r3, #0
20001172:	f040 80af 	bne.w	200012d4 <__udivmoddi4+0x234>
20001176:	1a8a      	subs	r2, r1, r2
20001178:	ea4f 4e1c 	mov.w	lr, ip, lsr #16
2000117c:	fa1f f78c 	uxth.w	r7, ip
20001180:	2101      	movs	r1, #1
20001182:	fbb2 f6fe 	udiv	r6, r2, lr
20001186:	fb0e 2016 	mls	r0, lr, r6, r2
2000118a:	0c22      	lsrs	r2, r4, #16
2000118c:	ea42 4200 	orr.w	r2, r2, r0, lsl #16
20001190:	fb07 f006 	mul.w	r0, r7, r6
20001194:	4290      	cmp	r0, r2
20001196:	d90f      	bls.n	200011b8 <__udivmoddi4+0x118>
20001198:	eb1c 0202 	adds.w	r2, ip, r2
2000119c:	f106 38ff 	add.w	r8, r6, #4294967295	@ 0xffffffff
200011a0:	bf2c      	ite	cs
200011a2:	f04f 0901 	movcs.w	r9, #1
200011a6:	f04f 0900 	movcc.w	r9, #0
200011aa:	4290      	cmp	r0, r2
200011ac:	d903      	bls.n	200011b6 <__udivmoddi4+0x116>
200011ae:	f1b9 0f00 	cmp.w	r9, #0
200011b2:	f000 80dc 	beq.w	2000136e <__udivmoddi4+0x2ce>
200011b6:	4646      	mov	r6, r8
200011b8:	1a12      	subs	r2, r2, r0
200011ba:	b2a4      	uxth	r4, r4
200011bc:	fbb2 f0fe 	udiv	r0, r2, lr
200011c0:	fb0e 2210 	mls	r2, lr, r0, r2
200011c4:	fb00 f707 	mul.w	r7, r0, r7
200011c8:	ea44 4402 	orr.w	r4, r4, r2, lsl #16
200011cc:	42a7      	cmp	r7, r4
200011ce:	d90f      	bls.n	200011f0 <__udivmoddi4+0x150>
200011d0:	eb1c 0404 	adds.w	r4, ip, r4
200011d4:	f100 32ff 	add.w	r2, r0, #4294967295	@ 0xffffffff
200011d8:	bf2c      	ite	cs
200011da:	f04f 0e01 	movcs.w	lr, #1
200011de:	f04f 0e00 	movcc.w	lr, #0
200011e2:	42a7      	cmp	r7, r4
200011e4:	d903      	bls.n	200011ee <__udivmoddi4+0x14e>
200011e6:	f1be 0f00 	cmp.w	lr, #0
200011ea:	f000 80c9 	beq.w	20001380 <__udivmoddi4+0x2e0>
200011ee:	4610      	mov	r0, r2
200011f0:	1be4      	subs	r4, r4, r7
200011f2:	ea40 4006 	orr.w	r0, r0, r6, lsl #16
200011f6:	e79c      	b.n	20001132 <__udivmoddi4+0x92>
200011f8:	f1c1 0420 	rsb	r4, r1, #32
200011fc:	408b      	lsls	r3, r1
200011fe:	fa06 fc01 	lsl.w	ip, r6, r1
20001202:	fa00 fe01 	lsl.w	lr, r0, r1
20001206:	fa22 f704 	lsr.w	r7, r2, r4
2000120a:	40e6      	lsrs	r6, r4
2000120c:	408a      	lsls	r2, r1
2000120e:	431f      	orrs	r7, r3
20001210:	fa20 f304 	lsr.w	r3, r0, r4
20001214:	ea4f 4817 	mov.w	r8, r7, lsr #16
20001218:	ea43 030c 	orr.w	r3, r3, ip
2000121c:	fa1f fc87 	uxth.w	ip, r7
20001220:	ea4f 4913 	mov.w	r9, r3, lsr #16
20001224:	fbb6 f0f8 	udiv	r0, r6, r8
20001228:	fb08 6610 	mls	r6, r8, r0, r6
2000122c:	ea49 4606 	orr.w	r6, r9, r6, lsl #16
20001230:	fb00 f90c 	mul.w	r9, r0, ip
20001234:	45b1      	cmp	r9, r6
20001236:	d90e      	bls.n	20001256 <__udivmoddi4+0x1b6>
20001238:	19be      	adds	r6, r7, r6
2000123a:	f100 3aff 	add.w	sl, r0, #4294967295	@ 0xffffffff
2000123e:	bf2c      	ite	cs
20001240:	f04f 0b01 	movcs.w	fp, #1
20001244:	f04f 0b00 	movcc.w	fp, #0
20001248:	45b1      	cmp	r9, r6
2000124a:	d903      	bls.n	20001254 <__udivmoddi4+0x1b4>
2000124c:	f1bb 0f00 	cmp.w	fp, #0
20001250:	f000 80a2 	beq.w	20001398 <__udivmoddi4+0x2f8>
20001254:	4650      	mov	r0, sl
20001256:	eba6 0609 	sub.w	r6, r6, r9
2000125a:	fa1f f983 	uxth.w	r9, r3
2000125e:	fbb6 f3f8 	udiv	r3, r6, r8
20001262:	fb08 6613 	mls	r6, r8, r3, r6
20001266:	fb03 fc0c 	mul.w	ip, r3, ip
2000126a:	ea49 4606 	orr.w	r6, r9, r6, lsl #16
2000126e:	45b4      	cmp	ip, r6
20001270:	d90e      	bls.n	20001290 <__udivmoddi4+0x1f0>
20001272:	19be      	adds	r6, r7, r6
20001274:	f103 38ff 	add.w	r8, r3, #4294967295	@ 0xffffffff
20001278:	bf2c      	ite	cs
2000127a:	f04f 0901 	movcs.w	r9, #1
2000127e:	f04f 0900 	movcc.w	r9, #0
20001282:	45b4      	cmp	ip, r6
20001284:	d903      	bls.n	2000128e <__udivmoddi4+0x1ee>
20001286:	f1b9 0f00 	cmp.w	r9, #0
2000128a:	f000 8082 	beq.w	20001392 <__udivmoddi4+0x2f2>
2000128e:	4643      	mov	r3, r8
20001290:	ea43 4000 	orr.w	r0, r3, r0, lsl #16
20001294:	eba6 060c 	sub.w	r6, r6, ip
20001298:	fba0 8c02 	umull	r8, ip, r0, r2
2000129c:	4566      	cmp	r6, ip
2000129e:	4643      	mov	r3, r8
200012a0:	46e1      	mov	r9, ip
200012a2:	d302      	bcc.n	200012aa <__udivmoddi4+0x20a>
200012a4:	d107      	bne.n	200012b6 <__udivmoddi4+0x216>
200012a6:	45c6      	cmp	lr, r8
200012a8:	d205      	bcs.n	200012b6 <__udivmoddi4+0x216>
200012aa:	ebb8 0302 	subs.w	r3, r8, r2
200012ae:	eb6c 0c07 	sbc.w	ip, ip, r7
200012b2:	3801      	subs	r0, #1
200012b4:	46e1      	mov	r9, ip
200012b6:	b15d      	cbz	r5, 200012d0 <__udivmoddi4+0x230>
200012b8:	ebbe 0203 	subs.w	r2, lr, r3
200012bc:	eb66 0609 	sbc.w	r6, r6, r9
200012c0:	fa06 f404 	lsl.w	r4, r6, r4
200012c4:	fa22 f301 	lsr.w	r3, r2, r1
200012c8:	40ce      	lsrs	r6, r1
200012ca:	431c      	orrs	r4, r3
200012cc:	e9c5 4600 	strd	r4, r6, [r5]
200012d0:	2100      	movs	r1, #0
200012d2:	e733      	b.n	2000113c <__udivmoddi4+0x9c>
200012d4:	fa02 fc03 	lsl.w	ip, r2, r3
200012d8:	f1c3 0220 	rsb	r2, r3, #32
200012dc:	4099      	lsls	r1, r3
200012de:	409c      	lsls	r4, r3
200012e0:	40d6      	lsrs	r6, r2
200012e2:	ea4f 4e1c 	mov.w	lr, ip, lsr #16
200012e6:	fa20 f202 	lsr.w	r2, r0, r2
200012ea:	fa1f f78c 	uxth.w	r7, ip
200012ee:	fbb6 f0fe 	udiv	r0, r6, lr
200012f2:	430a      	orrs	r2, r1
200012f4:	fb0e 6610 	mls	r6, lr, r0, r6
200012f8:	0c11      	lsrs	r1, r2, #16
200012fa:	ea41 4106 	orr.w	r1, r1, r6, lsl #16
200012fe:	fb00 f607 	mul.w	r6, r0, r7
20001302:	428e      	cmp	r6, r1
20001304:	d90e      	bls.n	20001324 <__udivmoddi4+0x284>
20001306:	eb1c 0101 	adds.w	r1, ip, r1
2000130a:	f100 38ff 	add.w	r8, r0, #4294967295	@ 0xffffffff
2000130e:	bf2c      	ite	cs
20001310:	f04f 0901 	movcs.w	r9, #1
20001314:	f04f 0900 	movcc.w	r9, #0
20001318:	428e      	cmp	r6, r1
2000131a:	d902      	bls.n	20001322 <__udivmoddi4+0x282>
2000131c:	f1b9 0f00 	cmp.w	r9, #0
20001320:	d034      	beq.n	2000138c <__udivmoddi4+0x2ec>
20001322:	4640      	mov	r0, r8
20001324:	1b89      	subs	r1, r1, r6
20001326:	b292      	uxth	r2, r2
20001328:	fbb1 f6fe 	udiv	r6, r1, lr
2000132c:	fb0e 1116 	mls	r1, lr, r6, r1
20001330:	ea42 4201 	orr.w	r2, r2, r1, lsl #16
20001334:	fb06 f107 	mul.w	r1, r6, r7
20001338:	4291      	cmp	r1, r2
2000133a:	d90e      	bls.n	2000135a <__udivmoddi4+0x2ba>
2000133c:	eb1c 0202 	adds.w	r2, ip, r2
20001340:	f106 38ff 	add.w	r8, r6, #4294967295	@ 0xffffffff
20001344:	bf2c      	ite	cs
20001346:	f04f 0901 	movcs.w	r9, #1
2000134a:	f04f 0900 	movcc.w	r9, #0
2000134e:	4291      	cmp	r1, r2
20001350:	d902      	bls.n	20001358 <__udivmoddi4+0x2b8>
20001352:	f1b9 0f00 	cmp.w	r9, #0
20001356:	d016      	beq.n	20001386 <__udivmoddi4+0x2e6>
20001358:	4646      	mov	r6, r8
2000135a:	1a52      	subs	r2, r2, r1
2000135c:	ea46 4100 	orr.w	r1, r6, r0, lsl #16
20001360:	e70f      	b.n	20001182 <__udivmoddi4+0xe2>
20001362:	1a84      	subs	r4, r0, r2
20001364:	eb66 0203 	sbc.w	r2, r6, r3
20001368:	2001      	movs	r0, #1
2000136a:	4617      	mov	r7, r2
2000136c:	e6fb      	b.n	20001166 <__udivmoddi4+0xc6>
2000136e:	3e02      	subs	r6, #2
20001370:	4462      	add	r2, ip
20001372:	e721      	b.n	200011b8 <__udivmoddi4+0x118>
20001374:	3902      	subs	r1, #2
20001376:	4462      	add	r2, ip
20001378:	e6c1      	b.n	200010fe <__udivmoddi4+0x5e>
2000137a:	4464      	add	r4, ip
2000137c:	3802      	subs	r0, #2
2000137e:	e6d3      	b.n	20001128 <__udivmoddi4+0x88>
20001380:	4464      	add	r4, ip
20001382:	3802      	subs	r0, #2
20001384:	e734      	b.n	200011f0 <__udivmoddi4+0x150>
20001386:	3e02      	subs	r6, #2
20001388:	4462      	add	r2, ip
2000138a:	e7e6      	b.n	2000135a <__udivmoddi4+0x2ba>
2000138c:	3802      	subs	r0, #2
2000138e:	4461      	add	r1, ip
20001390:	e7c8      	b.n	20001324 <__udivmoddi4+0x284>
20001392:	3b02      	subs	r3, #2
20001394:	443e      	add	r6, r7
20001396:	e77b      	b.n	20001290 <__udivmoddi4+0x1f0>
20001398:	3802      	subs	r0, #2
2000139a:	443e      	add	r6, r7
2000139c:	e75b      	b.n	20001256 <__udivmoddi4+0x1b6>
2000139e:	bf00      	nop

200013a0 <__aeabi_idiv0>:
200013a0:	4770      	bx	lr
200013a2:	bf00      	nop
200013a4:	0000      	movs	r0, r0
	...

200013a8 <__tu_fifo_write_veneer>:
200013a8:	f85f f000 	ldr.w	pc, [pc]	@ 200013ac <__tu_fifo_write_veneer+0x4>
200013ac:	10006a51 	.word	0x10006a51

200013b0 <__panic_veneer>:
200013b0:	f85f f000 	ldr.w	pc, [pc]	@ 200013b4 <__panic_veneer+0x4>
200013b4:	10001c5d 	.word	0x10001c5d

200013b8 <__tud_event_hook_cb_veneer>:
200013b8:	f85f f000 	ldr.w	pc, [pc]	@ 200013bc <__tud_event_hook_cb_veneer+0x4>
200013bc:	10004d69 	.word	0x10004d69

200013c0 <__memset_veneer>:
200013c0:	f85f f000 	ldr.w	pc, [pc]	@ 200013c4 <__memset_veneer+0x4>
200013c4:	10007019 	.word	0x10007019

200013c8 <__rom_data_lookup_veneer>:
200013c8:	f85f f000 	ldr.w	pc, [pc]	@ 200013cc <__rom_data_lookup_veneer+0x4>
200013cc:	100027f9 	.word	0x100027f9

200013d0 <__best_effort_wfe_or_timeout_veneer>:
200013d0:	f85f f000 	ldr.w	pc, [pc]	@ 200013d4 <__best_effort_wfe_or_timeout_veneer+0x4>
200013d4:	10001b01 	.word	0x10001b01

200013d8 <__time_us_64_veneer>:
200013d8:	f85f f000 	ldr.w	pc, [pc]	@ 200013dc <__time_us_64_veneer+0x4>
200013dc:	10001be5 	.word	0x10001be5

200013e0 <UART_ID>:
200013e0:	40070000 00000100 00000000 00000002     ...@............
200013f0:	40078000 00000504 00000000 00000003     ...@............
20001400:	00000000 00000908 00000000 00000006     ................
20001410:	00000000 00000d0c 00000001 00000007     ................
20001420:	00000000 00001110 00000002 0000000a     ................
20001430:	00000000 00001514 00000003 0000000b     ................

20001440 <led_i2c_pin>:
20001440:	0000000e                                ....

20001444 <default_alarm_pool>:
	...
20001458:	200049b0                                .I. 

2000145c <striped_spin_lock_num>:
2000145c:	00000010                                ....

20001460 <irq_handler_chain_slots>:
20001460:	00000000 	.word	0x00000000
20001464:	00010000 	.word	0x00010000
	...
20001470:	00020000 	.word	0x00020000
	...
2000147c:	00030000 	.word	0x00030000
	...
20001488:	00ff0000 	.word	0x00ff0000
2000148c:	00000000 	.word	0x00000000

20001490 <irq_handler_chain_first_slot>:
20001490:	b501      	push	{r0, lr}
20001492:	6848      	ldr	r0, [r1, #4]
20001494:	3101      	adds	r1, #1
20001496:	468e      	mov	lr, r1
20001498:	4700      	bx	r0

2000149a <irq_handler_chain_remove_tail>:
2000149a:	4670      	mov	r0, lr
2000149c:	3809      	subs	r0, #9
2000149e:	4901      	ldr	r1, [pc, #4]	@ (200014a4 <irq_handler_chain_remove_tail+0xa>)
200014a0:	4788      	blx	r1
200014a2:	bd01      	pop	{r0, pc}
200014a4:	100022e9 	.word	0x100022e9

200014a8 <stdio_uart>:
200014a8:	100045b5 100046bd 10004605 100046cd     .E...F...F...F..
200014b8:	00000000 00000100                       ........

200014c0 <i2c1_inst>:
200014c0:	40098000 00000000                       ...@....

200014c8 <i2c0_inst>:
200014c8:	40090000 00000000                       ...@....

200014d0 <_usbd_qdef>:
200014d0:	20010328 000c0010 00000000 00000000     (.. ............
	...

200014ec <_usbd_rhport>:
200014ec:	000000ff                                ....

200014f0 <malloc_mutex>:
	...

200014f8 <print_mutex>:
	...
