:020000041000EA
:10000000002008205D0100101301001015010010F0
:100010001101001011010010110100101101001058
:100020001101001011010010110100101701001042
:100030001101001011010010190100101B01001026
:100040001D0100101D0100101D0100101D010010F8
:100050001D0100101D0100101D0100101D010010E8
:100060001D0100101D0100101D0100101D010010D8
:100070001D0100101D0100101D0100101D010010C8
:100080001D0100101D0100101D0100101D010010B8
:100090001D0100101D0100101D0100101D010010A8
:1000A0001D0100101D0100101D0100101D01001098
:1000B0001D0100101D0100101D0100101D01001088
:1000C0001D0100101D0100101D0100101D01001078
:1000D0001D0100101D0100101D0100101D01001068
:1000E0001D0100101D0100101D0100101D01001058
:1000F0001D0100101D0100101D0100101D01001048
:100100001D0100101D0100101D0100101D01001037
:1001100000BE00BE00BE00BE00BE00BEEFF3058004
:10012000103800BEF2EB88710078001024780010BF
:10013000A801001090A31AE7D3DEFFFF42012110AF
:10014000FF010000DC8A0000793512AB4FF000009F
:100150002049086006C881F3088810474FF05040D6
:10016000006810B14FF00000F2E70FA40ECC002998
:1001700002D000F015F8F9E71749184A002000E00E
:1001800001C19142FCD1002080F30A8814498847BC
:10019000144988471449884700BEFDE701C901C2D8
:1001A0009A42FBD3704700BF247800101001002052
:1001B00000150020148C001000000820000008200A
:1001C000148C00100010082000100820000000000F
:1001D0007047000008ED00E0001500205C120120CF
:1001E000FD4200106D120010F5420010F8B500BF7E
:1001F0000348044B834202D0034B03B118477047B6
:10020000001500200015002000000000064B0749E3
:10021000C91A891048BF0131491003D0044B0BB1F2
:1002200001481847704700BF001500200015002046
:100230000000000010B5064C237843B9FFF7D8FF43
:10024000044B13B10448AFF300800123237010BDA9
:10025000304B0020000000006473001008B5044B10
:100260001BB104490448AFF30080BDE80840CDE766
:1002700000000000344B0020647300102DE9F04FA3
:1002800041F63C6909FB00F92D4D09F110062E4499
:1002900004468FB00021304607F036F8002845D0DC
:1002A000284F4FEA041857F8080005EB090A55F8DB
:1002B0000910DAF8073007EB041200284AD09942F7
:1002C00037D141F63C6303FB04531A79DB7A93423E
:1002D00000F0DF8141F63C6303FB0453997957F842
:1002E00008004F1F5B79022F88BF0821022A14BF24
:1002F00001220222012B1BBF023BB3FA83F302232C
:100300005B0902F075F941F63C6304FB03F31D44FD
:100310000D4AA879911D68731A4432F8012CCA520B
:1003200030460FB0BDE8F04F06F0DEBF0FB0BDE8BD
:10033000F08F02F00FF955F80930CAF80730C0E71E
:10034000E04C0020E0130020E54C00200000003BC2
:10035000000080439942029100F082800520D2F88B
:10036000089002F0E5F9029906EE900AC90007EE3E
:10037000901AF8EE666AF8EE677A1FED0C6A86EE60
:10038000A77A77EE067ABCEEE77A17EE103A9BB2C0
:10039000002B00F08D8207EE103AB8EE477A5FED41
:1003A000146A77EEC77A67EEA67AFCEEE77ACDEDAF
:1003B000027A9DF80820120242EA034209EB49033F
:1003C000DB0003F1A04303F50013C3F8C82041F696
:1003D0003C6304FB03F307EB0802052055F803A078
:1003E000D2F8089002F0A4F94FEACA0A07EE90AAE0
:1003F00006EE900AB8EE677AF8EE666A1FED2D6A8F
:10040000C6EE877A77EE867ABCEEE77A17EE103A78
:100410009BB2002B00F04E8207EE103AB8EE477AFE
:100420005FED356A77EEC77A67EEA67AFCEEE77A7B
:10043000CDED027A9DF80820120242EA034209EB50
:100440004903DB0003F1A04303F54013C3F8C820C0
:1004500041F63C6304FB03F3EA582B44C3F807203E
:1004600041F63C6303FB045393F805B01A7B5A45ED
:100470003FF456AF07EB080292F8059091684FEAF7
:10048000C93202F4782203924FEA096202F0F8506E
:1004900083F80CB002910490BBF1000F40F0128180
:1004A000CDF800B0D3F807304A4605937D4B7E481F
:1004B000D3F800A0012306F015FD4846062101F0FF
:1004C00071FF5A464846012101F08AFF4FF48031FE
:1004D0004FF4F833CDE90A134FF440234FEACA1E14
:1004E0000C930AF109034EEA033E0498CDF834B0A8
:1004F0000DF1180C0DF128092EF0F85B4BEA000BFA
:1005000099E80F008CE80F00CDF81CE09CE80F0084
:1005100089E80F00039A05200D92644ACDF82CB0AB
:100520000C9202F005F9059B06EE900ADB0007EE3F
:10053000103AF8EE666AB8EE477A9FED5D6AC6EE4D
:10054000877A77EE867ABCEEE77A17EE103A9BB29E
:10055000002B00F0B78107EE103AB8EE477ADFEDD6
:10056000556A77EEC77A67EEA67AFCEEE77ACDEDAC
:10057000037A9DF80C201202DDF808B042EA03432A
:100580005246DFF824A1594650460A934B4606F0DE
:10059000EFFC41F63C620123DAF800E002FB045272
:1005A000B84498F8044003FA0BF747EA0E07D8F866
:1005B0000850DFF80CC1CAF8007003FA04FAD2F848
:1005C00007702946534652463B48DCF8008006F047
:1005D0001FFC534652462946374806F04DFC20463C
:1005E000072101F0DFFE4FF480330A93A30203F4E6
:1005F000F84304F01F04234343F0804343F4801383
:100600000D9308F103024FEAC81343EA023323F0C3
:10061000C04343F080430B93284B05200C9302F01A
:1006200087F8FF0007EE907A06EE900AB8EE677A38
:10063000F8EE666A9FED1E6AC6EE877A77EE867AD6
:10064000BCEEE77A17EE103A9BB2002B00F038812F
:1006500007EE103AB8EE477ADFED166A77EEC77A02
:1006600067EEA67AFCEEE77ACDED027A9DF80810E7
:100670000902114C41EA034142464B460A91204689
:10068000294606F075FC01232268AB401343236022
:1006900046E6A944B9F80C10B9F8053099427FF440
:1006A00019AE3DE6201201200000205000000C8011
:1006B0000000003B000080430000305000000C4070
:1006C000401201204FF0000AD3F807304A46059344
:1006D0007D4B7E48D3F800B00123CDF800A006F092
:1006E00001FC4846062101F05DFE524648460121C4
:1006F00001F076FE4FF480324FF4F833CDE90A234F
:100700004FF440234FEACB1E0C930BF109034EEA42
:10071000033E049ACDF834A00DF1180C0DF1280910
:100720002EF0F85A4AEA020A99E80F008CE80F0006
:10073000CDF81CE09CE80F0089E80F00039A052023
:100740000D92634ACDF82CA00C9201F0F1FF059BAD
:1007500006EE900ADB0007EE103AF8EE666AB8EE95
:10076000477A9FED5C6AC6EE877A77EE867ABCEEB2
:10077000E77A17EE103A9BB2002B00F09F8007EE4D
:10078000103AB8EE477ADFED546A77EEC77A67EE33
:10079000A67AFCEEE77ACDED037A9DF80C201202E2
:1007A000DFF828A142EA03435A46DDF808B0504674
:1007B00059460A934B4606F0DBFB012341F63C6C9D
:1007C000DAF800E047440CFB045C3D7903FA0BF4D3
:1007D00044EA0E04BF68414ACAF8004003FA05FA29
:1007E000D2F800803946534652463D48DCF807406F
:1007F00006F00EFB534652463946394806F03CFB9C
:100800002846072101F0CEFD4FF480330A93AB0256
:1008100003F4F84305F01F052B4343F0804343F4F2
:1008200080130D9308F103024FEAC81343EA023321
:1008300023F0C04343F080430B932A4B05200C93D5
:1008400001F076FFE40007EE904A06EE900AB8EE5B
:10085000677AF8EE666A9FED1F6AC6EE877A77EED2
:10086000867ABCEEE77A17EE103A9BB223B307EE16
:10087000103AB8EE477ADFED186A77EEC77A67EE7E
:10088000A67AFCEEE77ACDED027A9DF8081009020F
:10089000134C41EA034142464B460A9120463946F1
:1008A00006F066FB01232268BB401343236037E553
:1008B0001A4681E51A46C0E51946E9E71A466FE788
:1008C0001946D6E61A4657E62412012000002050A9
:1008D00000000C800000003B000080434412012017
:1008E0000000305000000C402DE9F84F41F63C6408
:1008F00041F21C4800FB04F41E4F3E1956F8082034
:100900000AB9BDE8F88F04F5A159B944054600219C
:10091000484606F0F9FC0028F3D004F61C2407EB47
:10092000040B56F808205946284605F03BF956F8BE
:1009300008208246824213D841F63C6341F21C41B2
:1009400003FB0573A2EB0A0248465A5006F0CCFCA2
:10095000BAF1000FD5D02846BDE8F84F05F0DCB855
:100960000444A2EB0A025846391906F0A7FB56F8D0
:100970000820E1E7E04C00202DE9F84F05F0A2FD4A
:10098000DFF8C880DFF8C890002700214FF0FF3063
:1009900004F080FA41F63C6A3C462A4E04E00134F9
:1009A000062C564457441FD0E5B2284605F03CF8C3
:1009B0000028F4D0A6F5F15B584606F099FCABF19F
:1009C0001001284605F046F8584606F08DFC2846EA
:1009D00005F04EF8834698B928460134FFF784FFA6
:1009E000062C56445744DFD1D8F8003099F800203F
:1009F000ABB1012141EC4020013BC8F80030C3E716
:100A0000304606F075FC56F8083CC3F520625A459E
:100A100028BF5A463AB9304606F066FCDCE70023A8
:100A200043EC4020B0E707F5A15108311944064BCB
:100A30002846194405F028F856F8083C034446F8BF
:100A4000083CE8E7106B0020E04C0020F01101208A
:100A5000401400202DE9F04F564E0701F25904468C
:100A600083B006EB0013002A70D09369D80625D511
:100A7000514D41F63C6808FB04F808F5A159A9441A
:100A80000021484606F040FC00283BD141F63C637B
:100A900041F6386203FB0455AB583E44317B43B109
:100AA0004FF0010040EC4010013BAB5003B0BDE8FB
:100AB000F08F43EC401003B0BDE8F08F9369D90686
:100AC000D6D441F63C604FF4FA7E3B4D00FB045017
:100AD00000F5F15808F11808D0F8181AB1F5206F90
:100AE000C7D29369DB06FCD4D2F800C0431883F860
:100AF00018C093690131DB06C0F8181AC8F800E085
:100B0000B7D4E9E741F21C4B05EB080A5AF80B0091
:100B1000DAF8183AC0F520629A4228BF1A4600F661
:100B20001C2008F11801404429442844019206F091
:100B3000C5FA0023019ACAF8183A5AF80B30484609
:100B400013444AF80B3006F0CFFB9FE701221B4904
:100B50009B68486808339A40104289D1486802422D
:100B600086D141F63C6C4FF4FA79134D9B000CFB97
:100B7000045C03F1A04E0CF5F1580EF5001E08F1CF
:100B80001808DCF8180AB0F5206FBFF472AF4B6894
:100B90001A42FCD19EF800A00CEB00030130C8F80B
:100BA000009083F818A0CCF8180A4B681A42E8D0D5
:100BB0005FE700BFE0130020E04C00200000205061
:100BC0002DE9F04F41F63C6641F6286B00FB06F636
:100BD000704D044605EB060959F80B3083B02BB174
:100BE00041F62C6A59F80A2093421AD86A4F4FEA04
:100BF000041841F63C6341F6386203FB0455AB58D8
:100C00004744397B43B14FF0010040EC4010013BB9
:100C1000AB5003B0BDE8F08F43EC401003B0BDE82B
:100C2000F08F06F5F1531033EB18002118460193AD
:100C300006F06AFB0028D9D041F638634FF4FA7207
:100C4000554F4FEA041849F8032057F8082007EBDE
:100C50000413002A49D0936959F80AC099062BD485
:100C60000CF5A153073309EB0A013344EE180B4688
:100C70004FF00D0A61469C4609EB0B00DFF820E1BE
:100C8000DFF8209103688B4215D9A2EB0E03B3FA6B
:100C900083F30131CCF800105B0916F801BF39F974
:100CA00013305B451BD093699B06FCD4C2F800B09F
:100CB00093699B06E6D58C4641F63C6341F6286273
:100CC00004FB03F3E9188958614504D11344002259
:100CD000E918EA504A60019806F006FB89E7936933
:100CE0009B06FCD4C2F800A0DDE759F80B209868F9
:100CF00059F80A304FEAC00EA2EB030C274AD1681C
:100D000021FA0EF101F00F01C1F10701614528BF81
:100D100061468B4669B3DFF890E099F805C003F5AA
:100D2000A1599E4409F10709B64400F1100A4E4446
:100D300000F10409604601219C460346DE442E442E
:100D400001FA0AF116F801AF5BB18AEA5A0080EAAB
:100D50009000012B80EA101016D080F001004AEAC2
:100D6000002A50680842FCD1B64542F829A0E9D1D2
:100D7000634603EB0B0C41F63C6341F62C6203FB2C
:100D8000045343F802C097E7000200F4807040EA81
:100D90000A0AE6E7E04C0020E01300200000305093
:100DA0000080074048120120076100202DE9F04F24
:100DB000CC4D0701EB5906468DB005EB00143BB155
:100DC0000221207901F0EEFA0221607901F0EAFABD
:100DD00041F63C6A08224FF416504FF001030AFB1B
:100DE00006FAC14C4FF0000804EB0A0904F1040BA9
:100DF0006FF07F0E4FF0250C44F80A0089F80620AA
:100E00002BF80A3089F80D2041F21C43012204F12D
:100E10000B0189F807E089F808C089F8098089F88A
:100E20000A8021F80A2049F8038041F628634246E7
:100E300049F8038041F62C630AF110002044029225
:100E400049F80380C9F8188A00F08AFB0AF5A15016
:100E5000204400F085FB0AF5F1501030204405EBEA
:100E6000070B00F07DFB9BF80C0001F0CDFA01228E
:100E70009BF80C1042EC4410029A42EC401041F6F0
:100E8000386249F8028055F80780B8F1000F27D082
:100E900054F80A10404601F0DBFAE859034653F8CB
:100EA000302F02F4404203F580531A6099F806107F
:100EB00099F804204B1F022B99F8053088BF0821B0
:100EC000022A14BF01220222012B1BBF023BB3FAEC
:100ED00083F302235B090DB0BDE8F04F01F088BB3E
:100EE000CDF800809BF805A0D9F807307F4ADBF8E1
:100EF00008900293D2F800B00123524649467C483C
:100F000005F0F0FF5046062101F04CFA42465046EB
:100F1000012101F065FA4FF480324FF4F833CDE946
:100F200008234FF440234FEACB1E0A930BF1090329
:100F30004EEA033E4FEA0A624FEACA33CDF82C80EC
:100F40000DF1100C0DF1200802F0F85A03F478228C
:100F50002EF0F85303924AEA030A98E80F008CE84F
:100F60000F00CDF814E09CE80F0088E80F00039A0A
:100F700005200B925F4ACDF824A00A9201F0D8FB1D
:100F8000029B06EE900ADB0007EE103AF8EE666A66
:100F9000B8EE477A9FED586AC6EE877A77EE867A82
:100FA000BCEEE77A17EE103A9AB2002A00F096806B
:100FB00007EE102AB8EE477ADFED506A77EEC77A6F
:100FC00067EEA67AFCEEE77ACDED027A9DF808305E
:100FD0001B02DFF81CA143EA024349465A46089324
:100FE0005046434605F0C4FF41F63C62012302FB34
:100FF00006423D44DAF800602C7903FA09F9AD683D
:1010000049EA0606CAF8006003FA04F93C4FD2F830
:10101000076029464B464A463A483F6805F0F8FEC5
:101020004B464A462946374805F026FF2046072109
:1010300001F0B8F94FF480330893A30203F4F843A6
:1010400004F01F04234343F0804343F480130B93C5
:101050002D4BFA1C0A93FB0143EA023323F0C043F1
:1010600043F080430520099301F062FBF60007EE90
:10107000906A06EE900AB8EE677AF8EE666A9FED1F
:101080001E6AC6EE877A77EE867ABCEEE77A17EEAE
:10109000103A9BB223B307EE103AB8EE477ADFED71
:1010A000176A77EEC77A67EEA67AFCEEE77ACDED9F
:1010B000027A9DF808100902124C41EA03413A46AF
:1010C000434608912046294605F052FF0123226835
:1010D000AB40134323600DB0BDE8F08F134678E7B3
:1010E0001946E9E7E0130020E04C0020201201201F
:1010F0000000205000000C800000003B00008043F6
:10110000401201200000305000000C4070B592F8F1
:1011100000C00C460CF0600CBCF1400F84B004D051
:10112000601E18BF012004B070BD15464FF4FA725E
:10113000464B06461A606B78072BF1D8DFE803F0C0
:10114000453B2C26040404044A1ED2B2012A1BD8B3
:10115000EA88B2F5806F3ED883F00203C3F3400102
:101160006B88012C03F0010342D06BB9AC881346A5
:101170000091374A3748E1B203F032FC01300CBF2E
:1011800002220122344B1A700120CCE70129FBD145
:101190000B46314A294613E00129F5D16B88E3B9A2
:1011A0002E492C4803F0A2FB2946304604B0BDE886
:1011B000704004F0FDBA0129E6D104232946284AEB
:1011C00004B0BDE8704004F00DBB0129DCD102235E
:1011D0002946EA18F4E70020A5E72249224AB1FB94
:1011E000F3F19142A8BF11461A4803F07FFBDBE7F9
:1011F0003BB9A2B1134629463046154A04F0F2FA2B
:10120000C2E70091A98813461248114AC9B203F0F7
:10121000EFFB013015D0104B1C70EA88EAE78DF81F
:101220000F200091A98823460DF10F020948C9B289
:1012300003F0DEFB013008BF0224074B1C70EA8874
:10124000D8E70222044B1A70EA88D3E7F011012094
:10125000EC0D0120C014002058120120A0860100CE
:10126000C474001040420F00801A06002DE9F041BE
:10127000404982B0404805F04FFD02463F4B40498F
:1012800040481A6005F048FD02463F4B3F493A4846
:101290001A6005F041FD02463D4B3E4939481A604F
:1012A00005F03AFD3C4B4FF00104186005F006FDD7
:1012B0000F2001F0A9F80F2344EC443044EC4030F7
:1012C0001A2001F0A1F803211A2001F06BF8002286
:1012D00001211A2001F084F81B2001F095F8032168
:1012E0001B2001F05FF82D4D002201211B2001F091
:1012F00077F82B492B4803F04DFB287801F084F850
:101300002A7844EC4420002343EC4020264ADFF8AE
:10131000A48068461360454603F042FA234F0DF15E
:10132000FF340DF1070614F8012F2846394602F064
:10133000B1FFB44205F10205F5D100231C4688F83F
:101340001030E0B20134FFF731FD062CF9D1184816
:1013500000F0B6F80024E5B22846FEF78FFF2846D5
:10136000FFF778FB01342846FFF72AFC062CF2D160
:10137000F0E700BF0475001000002050201201208B
:10138000D87400100000305040120120E8740010A2
:1013900024120120C87400104412012040140020BF
:1013A000A0860100C0140020F01101206873001015
:1013B000790900102812012000487047E4760010D7
:1013C000004870473875001010B450B940F2094217
:1013D0004FF44173114C6280104823805DF8044B38
:1013E0007047052815D80E4B0C4C53F8201020469A
:1013F0000023013903E0132B20F8022F0BD011F842
:10140000012F0133DBB2002AF5D15B0043F44073B6
:10141000E2E70020E2E74FF44A73DDE7B809012074
:101420002075001003BD00BF10B5044601F02EFA70
:101430002346BDE810401847F0B5054687B019208F
:1014400017460E4600F01EFD00210446192000F04C
:1014500003FD0021CDE90465039700260027012242
:101460004FF050438C46CDE900670292B9B11A6D36
:101470009507FCD5596540BF1A6DD00703D420BF2E
:101480001A6DD207FBD59A6D8A420DD04FF0000C31
:1014900006AA02EB8C0252F8181CE7E79A6D1A6D47
:1014A000D607FBD440BFE2E70CF1010CBCF1060FFC
:1014B000EED12146192007B0BDE8F04000F0CCBCC9
:1014C0000C4B0D4A93420ED39C4603F2F4710B4A27
:1014D0009268CCF8F4070A48CCF8F837CCF8FC0747
:1014E0000848FFF7A9BF4FF0FF3340F2F3719C4665
:1014F000EDE700BF000808200000082000ED00E034
:101500002914001025140010014B0B440360704790
:101510006402012070B5104C104DAC420ED2FF2673
:10152000236863B100F048FC01462046FFF7ECFF5A
:10153000A680BFF35F8F0834AC42F1D370BD00F0DA
:101540003BFC01462046FFF7DFFF2671BFF35F8FAC
:101550000834AC42E4D370BDF01400200015002024
:1015600010B5044600F028FC01462046FFF7CCFFEA
:10157000FF232371BFF35F8F10BD00BF10B504467A
:10158000012000F025FC034B03442360BFF35F8F71
:1015900010BD00BF640201200D4B1A68EFF31081EB
:1015A00072B6D2E8CFCF0120BCF1000FF9D1C2E86A
:1015B0004C0FBCF1000FF4D1BFF35F8F00221B680A
:1015C000C3E88F2F81F3108840BF002000217047AF
:1015D0003C120120000000002DE9F04F2DED028BA0
:1015E00085B0EFF30583DBB2103B9A0818BF0122E8
:1015F0004FF0010103F0030018BFAB4DAB4B08BF28
:10160000AB4D00EB820201FA00FB53F8226005F5B6
:1016100041539FEDA38B0190C3F804B0CDF800B007
:101620002AE0B388180440F18C80B379002B40F095
:10163000D580B6F908100029C0F21581736901EB55
:10164000410103EBC103D3E90247B7F1FF3F08BFF4
:10165000B4F1FF3F09D0019B05EB8301AB6A0A6936
:10166000D21AE31A934238BF0C61284600F0B2FA4E
:10167000A042B941C0F2F780B6F90840009B002CA7
:10168000EB63CEDBD6F8149004EB440A284609EB52
:10169000CA07D7E902B800F09DFA584571EB080176
:1016A000BFDBB8F1000FC0F2C180D7E90431814A35
:1016B000934200F0EA807A88B6F9080092B242EAD2
:1016C0000040984702460B4652EA030100F0AE8004
:1016D000002B80F2CE80BBEB020B68EB030839F9DC
:1016E0003A30C7E902B8002B9BDB716903EB430278
:1016F00001EBC202D2E90270BB4578EB000C4FEA65
:1017000043028EDBB4462CF8083F0BE031F932304F
:10171000F446002B0DDB03EB430001EBC0005A0045
:10172000D0E90270BB451A4478EB000001EBC20E11
:10173000ECDA29F83A30ACF80040B38818043FF5E9
:1017400074AF3369EFF3108272B6D3E8CF0F012183
:101750000028FAD1C3E8401F0028F6D1BFF35F8FFD
:101760004FF6FF74B0880023316900B2B480C1E83D
:101770008F3F82F310889842FFF657AF0746A9467D
:10178000746906F1080807EB470E04EBCE03D3E9B2
:101790000250B6F90830C446002BA8BFB34605DA9C
:1017A0000FE034F93A309446002B09DB03EB430A8F
:1017B00004EBCA02D2E90261B54270EB0101F0DA32
:1017C0005E46ACF8007034F93E7024F83E30002FCD
:1017D000D9DAB3794D46002B3FF42BAF0023B37118
:1017E000B6F9083006F10808591C3CD0194677694B
:1017F00003E080465A1C3FF41EAF03EB430207EBA5
:10180000C200B0F802C01C461CF4004F9E4637F9D7
:101810003230EED08C4280ED028B05D0A8F800303B
:10182000318927F8321034817146E3E739F83A30CC
:1018300033813369EFF3108272B6D3E8CF0F012101
:101840000028FAD1C3E8401F0028F6D1BFF35F8F0C
:101850007388316929F83A3000237480C1E88F3FDA
:1018600082F31088DDE640BF05B0BDEC028BBDE819
:10187000F08F2846CDE9022300F0ACF9029A039BD1
:1018800010EB020B43EB010829E708460B690291B4
:1018900098470028CAD00299D1E9002314E700BF75
:1018A000FFFFFFFFFFFFFFFF00800B40F81101204B
:1018B00000000B40D91500102DE9F84F364C256972
:1018C0002DB1BDE8F84F0A213448FFF71DBEDFF8FF
:1018D000E4800321404600F06BF90326C4F80C8035
:1018E00000F06AFA4FF0504C2D4B267003442361F0
:1018F000DCF800300F216370636961801D834FF055
:101900000405A3F878504FF00505A3F890504FF068
:101910000605A3F8A8504FF007050E214FF6FF72F9
:1019200008274FF00A0EA3F8C0504FF001094FF0FE
:101930000C0C4FF0020B4FF0090A0D204FF00B0575
:10194000A3F868111749A280A3F808E1A160A3F8E1
:1019500048B0A3F8F0A0A3F82051A3F838C1A3F829
:101960005001A3F83090A3F86060A3F8D8701A80F3
:101970000D4B3046C8F820700C49DC6000F092FA3C
:101980004946304600F068FA094B0A211F640348B3
:10199000BDE8F84FFFF7B8BD441400203C12012009
:1019A00064020120FFFF1000F8110120D91500107A
:1019B00000200B4000000B400146F0B50069EFF33A
:1019C000108772B6D0E8CF5F0124002DFAD1C0E8AD
:1019D000454F002DF6D1BFF35F8FB1F902E04C699E
:1019E0000EEB4E0CBEF1000F4FEACC0504EBCC0C15
:1019F0003DDB605B002648800869C0E88F6F87F395
:101A00001088BCF80200CCE902230130C0F30E00BC
:101A1000012838BF0120059BACF80200CCF810303B
:101A2000069B40EA0E40CCF814300B69EFF31082AD
:101A300072B6D3E8CFCF0127BCF1000FF9D1C3E8CC
:101A40004C7FBCF1000FF4D1BFF35F8F8B886353E1
:101A5000A1F804E00B69C3E88F6F82F310880122BC
:101A6000CB68097803F501538A405A60F0BD002322
:101A70000A69C2E88F3F87F310884FF0FF30F0BD4E
:101A800003464089B0EB214F37DD58690A1402EB59
:101A9000420210B500EBC2001C69EFF3108C72B665
:101AA000D4E8CFEF0122BEF1000FF9D1C4E84E2FE8
:101AB000BEF1000FF4D1BFF35F8F428889B292B2BA
:101AC0008A4207D000221B69C3E88F2F8CF310884D
:101AD000002010BD42F4004242800121002218691A
:101AE0009971C0E88F2F8CF310881C78DA6808464B
:101AF00002F50153A140596010BD0020704700BF9E
:101B0000F0B506460D4683B0EFF30584E4B2002C31
:101B100035D1244F3A78F96804328B6A51F8222083
:101B2000D21AC31A934207D320BF1F4B586AA84248
:101B30001FD2002003B0F0BD00F054F8864265EBE0
:101B40000101002911DB194B3846CDE9003432463A
:101B50002B46FFF731FF011E07DD134B5A6AAA42DD
:101B600019D220BF0F48FFF78BFF0F4B586AA842CE
:101B7000DFD39B6A9E4209D8012003B0F0BD0A4B17
:101B8000586A8842D5D39B6AB342F5D2401B18BF2E
:101B9000012003B0F0BD9B6A9E42E3D9AA42E1D185
:101BA000DFE700BF4414002000000B40991500102F
:101BB00010B4054B054C064AA04214BF1846581CE9
:101BC0005DF8044B00F07EB88809012000800B40CE
:101BD000A87300100346416A0A46986A596A8A4205
:101BE000FAD17047034B596A0A46986A596A91427A
:101BF000FAD1704700000B4010B4174A536A9C4654
:101C0000946A536A6345FAD1001959414FF00002B2
:101C100028BF01220346CAB10F4B596A4B1C08BFAB
:101C20000B4608D04FF0FF310B460B48426A8A4200
:101C3000FCD38A4207D1084A02E0506A884202D1A6
:101C4000906A9842F9D35DF8044B7047024A526A91
:101C50009142EAD8EDE700BF00000B400FB400B599
:101C600083B0049C074802F087FC3CB105A92046DC
:101C7000019102F025FB044802F07EFC012002F0F5
:101C800037FB00BFCC730010DC730010EFF3108043
:101C900072B6064BD3E8CF1F01220029FAD1C3E860
:101CA000412F0029F6D1BFF35F8F70476F020120EB
:101CB0000023034AC2E88F3F80F31088704700BFBB
:101CC0006F02012070B58646EFF3108572B6124C94
:101CD000D4E8CF6F0120002EFAD1C4E8460F002EC1
:101CE000F6D1BFF35F8F4FF0010CC80801F0070376
:101CF0000CFA03F31EF800C01CEA030608D14CEAF4
:101D0000030C0EF800C0C4E88F6F85F3108870BD17
:101D10001046FFF7A3FF00BF6F020120F8B5EFF3F5
:101D2000108572B6234CD4E8CF7F0126002FFAD15C
:101D3000C4E8476F002FF6D1BFF35F8F9A4227D8D0
:101D40000126D70810F807E002F0070C06FA0CFC91
:101D50001EEA0C0F00EBD2070DD125E04FEAD20EA0
:101D600010F80EE002F0070C06FA0CFC1EEA0C0F4D
:101D700000EBD20718D001329342EFD24FF0FF3080
:101D80000023C4E88F3F85F31088984207DBF8BD35
:101D90000023C4E88F3F85F310884FF0FF300029FF
:101DA000F5D00698FFF75AFF4EEA0C0E104687F85A
:101DB00000E0E5E76F020120044A1078431CDBB223
:101DC000182B28BF10231370704700BF5C1400202D
:101DD00010B5054C82B001461F2318220094034819
:101DE000FFF79CFF02B010BDE07300108C090120CA
:101DF0004FF0E022936843F000539360704700BFB8
:101E00000021044B03F12002C3E88F1F01339342EA
:101E1000FAD17047640201204FF0E0234FF0803286
:101E2000C3F80024C3F80424C3F80824C3F80C241E
:101E3000C3F81024C3F81424C3F81824C3F81C24CE
:101E4000C3F82024C3F82424C3F82824C3F82C247E
:101E5000C3F83024704700BF012300F01F029340F5
:101E6000400941B1800000F1604000F56140C0F8D8
:101E7000803103607047024A203042F820307047BA
:101E800000E100E00123064A410952F8212000F058
:101E90001F008340134214BF01200020704700BF81
:101EA00000E100E0F8B50D46EFF3108772B6124E70
:101EB000D6E8CF2F0123002AFAD1C6E8423F002AF4
:101EC000F6D1BFF35F8F0D4B00F110049B680C4AF5
:101ED00053F82430934203D0994201D000F0C0FC63
:101EE000064B9B6843F82450BFF35F8F0023C6E87E
:101EF0008F3F87F31088F8BD6D02012000ED00E0F0
:101F00001D0100102DE9F04F81468B46164683B027
:101F1000EFF3108372B6DFF8D0A10093DAE8CF1F99
:101F200001230029FAD1CAE8413F0029F6D1BFF3C5
:101F30005F8F664B93F90040002CC0F2A080644D87
:101F400004EB440705EB870898F8061009F110091F
:101F50001970604BBF009B6853F829006300411B58
:101F60002F292FD95C49884240F0A4801C445B4B48
:101F700002372F44043BDB1BC3F34A036FEAC3431E
:101F80004FF421416FEAD34325F8241005EB840474
:101F900063804BF60153A380FF2348F00100E671F4
:101FA000C4F808B0A3714B4B9B6843F82900BFF3FA
:101FB0005F8F0023CAE88F3F009B83F3108803B034
:101FC000BDE8F08F20F0010E9EF80710B1422ED828
:101FD0004FF42143EB53414BB91C2944043B0437D4
:101FE0005B1A2F44AEF104013D4CC91BC1F34A01F9
:101FF0002143A8F80410C3F34A033A492343A8F83D
:1020000002304AF6AA2073465B1B5B415843000D21
:1020100088F8076088F80600C8F808B048F00100A2
:10202000CEF80010BFE7D179B1422ED996469EF97D
:1020300006C00CEB4C02BCF1000F05EB8202F2DA99
:102040004BF601510EF10402A8F10407BF1AC7F3C1
:102050004A076FEAC7476FEAD7478EF8064003EB97
:102060000408204C05EB8803AEF8047045F82840BE
:10207000998083F806C0DE71C3F808B093E700F0DA
:10208000EFFB124B93F9004059E7724632F8041FF8
:10209000490514D44915023102EB410101916FF059
:1020A0000701C91B019F491B3944C1F34A0141F48F
:1020B0006041C9E7019300F0D3FB019B56E701F5AE
:1020C000FF1101F5FF511F31E4E700BF5912012054
:1020D0006014002000ED00E01D01001090140020AD
:1020E00000E0FFFF014880476D0201202DE9F04F1D
:1020F00083B0EFF3108A72B6744ED6E8CF2F012367
:10210000002AFAD1C6E8423F002AF6D1BFF35F8F1A
:102110006F4B00F110089B686E4A53F828509542A7
:102120003FD08D420C464AD06B4FEB1B2F2B38D83B
:1021300001214FEA50194FEA890909F1604909F56F
:10214000614900F01F0301FA03F0D9F80030C9F823
:10215000800000EA030BBFF35F8FEFF30581C9B284
:1021600079B3884577D125F0010EDEF808C06445C3
:1021700005D17CE0D3F808C0644532D09E469EF974
:10218000062002EB4203002A07EB8303F2DA6445E0
:1021900000F08180BBF1000F20D0C9F88001C9F8A0
:1021A00000004B4B9B6843F82850BFF35F8F002320
:1021B000C6E88F3F8AF3108803B0BDE8F08F15465C
:1021C000EFE725F0010EDEF808C06445D7D19EF98F
:1021D00006407346002C08DA154666E0C9F8800010
:1021E000DFE793F90640002C56DB04EB440C07EBC9
:1021F0008C0CDCF8082061009A609CF80720DA71EA
:102200009CF90620002A9A715DDBBCF80420520577
:1022100004D502F5FF1202F5FF521F32521502F1EA
:10222000020C4FF0040E0C2212FB04E202EB4C02F3
:102230006FF0070C3A44ACEB030C6244C2F34A0261
:1022400042F460429A80254B21441A7807EB8101C1
:102250001C708A719EE7CDE9000100F001FBDDE909
:10226000000125F0010EDEF808C0644587D19EF913
:1022700006407346002CB8DA194A1A4CD21A083AAA
:10228000C2F30A316FEA01516FEA115144EA520276
:10229000DA8099807EE773460029EDD1FF228EF81F
:1022A00006204BF60152AEF804200C4C4AF6AA2246
:1022B00094F800C01946C91B49414A43120D83F8DE
:1022C00006C0227066E74BF60152BBE76D020120A3
:1022D00000ED00E01D0100106014002059120120E3
:1022E0009A14002000F8FFFFF0B5EFF30585EDB27A
:1022F000EFF3108C72B62649D1E8CF2F0123002AC4
:10230000FAD1C1E8423F002AF6D1BFF35F8F214ED8
:1023100040F0010EB4684AF6AA2354F825701E4A0C
:102320000446A41A644163431B0D77455BB21BD07E
:1023300092F906409C421CD092F912409C4223D054
:1023400092F91E409C4221D092F92A409C4208BF3B
:1023500003240FD0114A0024157813708571C1E849
:102360008F4F8CF31088F0BDB2680D4C42F82540B9
:10237000F0E7002404EB440402EB8402FF24947190
:102380004BF601549480E5E70124F3E70224F1E7DA
:102390006D02012000ED00E06014002059120120C0
:1023A0001D01001010B44FF480740C4B53F8202022
:1023B00003EB8003C00082F0400200F1804003F58F
:1023C000805C02F0C00200F5203003F54053CCF8E9
:1023D000002041601C605DF8044B7047048003409E
:1023E00010B4084CC90041EA820154F8202004EBE3
:1023F0008003514003F5805301F00C015DF8044B5C
:10240000196070470480034030B44FF0000343EC80
:10241000440043EC400005254FF480740B4BC20090
:1024200053F8201003EB800081F0400102F180435B
:1024300003F5203301F0C00200F5805100F5405053
:102440000A605D60046030BC704700BF04800340D8
:10245000F8B5054606200E4600F06AF9002842D07D
:10246000354A3648954214BF4FF080624FF0006203
:10247000334B344902601A608C6832EA0404FBD1A1
:102480002D4B4FF48071EB1AB3FA83F32E4A5B099C
:10249000062022F8131000F04BF9C300B3FBF6F34B
:1024A0000133DA0920D1402601216962AA622F6B2B
:1024B000FB0722D42B46002253F82C1F062003F5DD
:1024C000805422602F6300F033F940F2013103227F
:1024D0008000B0FBF6F0EB6A83F0700303F07E033C
:1024E00023602963AA64F8BD4FF6FE718A421BD9A6
:1024F00022464FF6FF71154ED7E740F2013205F53F
:1025000040531A636B6AAC6A062004EB831400F034
:102510000FF90F4BA402A3FB0023DB0A0021B4FB3D
:10252000F3F0FFF769FBC5E7C3F34503114603EB7F
:1025300082161A46B9E700BF00800740002002401B
:10254000003002400000024048120120C0FF3F005E
:10255000757B2B8FF8B5044606200D4600F0E8F891
:10256000C300B3FBF5F30133DA0908D04FF6FE716F
:102570008A421AD900224FF6FF711B4D01E0402517
:1025800001216162A262266BF30715D42346002263
:1025900053F82C1F062003F580531A60266300F0C1
:1025A000C7F88000B0FBF5F0F8BDC3F34503114652
:1025B00003EB82151A46E4E740F2013204F540537A
:1025C0001A63636AA76A062007EB831700F0B0F866
:1025D000064BBF02A3FB0030C00A0021B7FBF0F09E
:1025E000FFF70AFBD2E700BFC0FF3F00757B2B8FD0
:1025F000013A0539D200F8B5054642EA411443B123
:10260000A3F10103B3FA83F35B0944EA830343F0C4
:1026100002042E6BF3070AD42B4653F82C2F62408A
:1026200002F06E0203F580531A602E63F8BD40F28B
:10263000013205F540531A636B6AAF6A062007EB57
:10264000831700F075F8054BBF02A3FB0030C00AEA
:102650000021B7FBF0F0FFF7CFFADDE7757B2B8F9A
:1026600000EB400C4FEA8C0C0CF1804C0CF5803CDC
:10267000F0B51646DCF80420051FB2F5803F38BFE0
:102680004FF48032EDB238BFCCF80420012D2AD9A6
:102690004FF40067254C0CF54052176054F8202089
:1026A000B2B9DCF80020012D82EA461202F0E00205
:1026B0000CF5805632602AD94FF4006144F820307E
:1026C0004FF480330CF500521160CCF80430F0BDAB
:1026D0006769B7FBF2FE0EF1010E0EEB4E0EBEF176
:1026E000030EFCD2DDE70129D2D103240CF54052C0
:1026F0001460DCF80820D207FBD5DCF800200B4C76
:1027000082EA461202F0E0020CF5805632600122A5
:10271000DCF800504D4005F00305356002FA01F188
:10272000DCF808200A42FBD0C6E700BF9009012070
:10273000014B53F8200070479009012070B4039DAD
:1027400004682D0345EA03451B4B002CB3FBF1F352
:10275000B2FBF3F61FDB194A194B904214BF4FF43A
:1027600080424FF40042174C1A6003F580531A6000
:10277000A36832EA0303FBD1212200F5405304335E
:10278000016086601A600268002AFCDA0822C560CF
:102790001A6070BC7047036803F03F038B42DAD1C4
:1027A0008368C3F30B03B342D5D1C36803F4EE23AC
:1027B000AB42D0D1EDE700BF001BB7000080054061
:1027C0000020024000000240012300EB4000800096
:1027D00000F1804000F5841041600360704700BF45
:1027E0000023DB8A002242E800F2520201D41021C9
:1027F00018470421184700BF00234021DB8A1847EF
:10280000034AD2F82838002BFBD0BFF35F8F704704
:1028100000000E400021044B044ABFF35F8F43F8D1
:10282000041B9342F9D170470C080E402C080E404F
:1028300010B42F204FF42A64054A064B0649146051
:10284000D06019605368002BFCDA5DF8044B7047C8
:102850000080044000A0044000B0FA00704700BFB0
:1028600008B50148FFF7FAF9FC73001038B5054CBC
:10287000054DAC4204D254F8043B9847AC42FAD31D
:1028800038BD00BF187300105873001038B5054CE0
:10289000054DAC4204D254F8043B9847AC42FAD3FD
:1028A00038BD00BF447300105873001010B40748BF
:1028B000074C084B084A094904601A608B6832EAE1
:1028C0000303FBD15DF8044B704700BF00200240BA
:1028D0007F3BEFEF00300240F6FFF30300000240C1
:1028E000044BDB6CB3F5004F03D14FF48022024B55
:1028F000DA64704700001150002011504FF0E022C0
:10290000044BD2F8881D0B43C2F8883D10EE30040A
:10291000704700BF030330006FF06041044B054A6D
:1029200019609368DB4333F06043FAD1704700BF0E
:10293000003002400000024010B545F25320FFF77E
:102940004FFFBDE8104003460420184710B545F27C
:102950005320FFF745FFBDE810400346012018470C
:10296000FFF74EBA10B5054B054C4FF48872184668
:10297000A16804F0A3FBA06010BD00BF0000002010
:1029800000ED00E0002370B52B4C82B0C4F8843019
:10299000FFF74EFF0122294BDA63636C012BFCD158
:1029A0000321264A244B11639C6B012CFCD1022687
:1029B000052521460523224A22480096FFF7BEFE40
:1029C00021462B46204A21480095FFF7B7FE0022FA
:1029D000042031461E4BFFF743FE214628460022C5
:1029E0001C4BFFF73DFE0022082011461A4BFFF753
:1029F00037FE002209201146174BFFF731FE002257
:102A000006201146134BFFF72BFE0022114B072027
:102A10001146FFF725FE0420FFF78AFE00240F4B26
:102A2000A3FB0035AD0CE0B229460134FFF7CCFE24
:102A3000062CF8D102B070BD00000140003001400A
:102A4000002F685900000540008C86470080054033
:102A5000001BB70080D1F008006CDC0283DE1B4352
:102A600086B003B451FC0804CDE9020151FC09040D
:102A7000CDE9040151EC0A04CDE9060103BCF0479D
:102A8000BDE800504EEC00C4BDE800504EEC01C45F
:102A9000BDE800504EEC02C400BD000000B5FFF7D9
:102AA000DFFF02E010FE30F4F8D441EC100443ECF8
:102AB000112400EE010410EE010480EE200451EC1C
:102AC0001004704700B5FFF7CBFF02E010FE30F4B2
:102AD000F8D441EC100443EC112400EE010410EE94
:102AE000210480EE200451EC3004704700B5FFF75C
:102AF000B7FF02E010FE30F4F8D410B541EC10043A
:102B000043EC112451EC040453EC0524A0FB024CCB
:102B10005FF0000EE0FB03CEE1FB02CE4CEC204464
:102B20000024E1FB03E444EC30E480EE200451ECAB
:102B30005004BDE81040704700B5FFF791FF02E078
:102B400010FE30F4F8D441EC100443EC112451ECA5
:102B50002104A0FB01126FEA820252FB100052FB1B
:102B600012F252FB1000A0EBD07C53EC04245CFB6F
:102B700013F153EC1524A1FB022001FB030053ECDD
:102B80004424A2EB000050FB1CF24FEA111312EB9D
:102B9000017043EBE27140EA515020EA915020F07D
:102BA000070053EC7524A0FB023C53EC752400FB9A
:102BB00003CC01FB02CC53EC0424ACEB824C40EA86
:102BC0005C70A0F1010041EC400480EE200451EC67
:102BD0007004704700B5FFF743FF02E010FE30F4C9
:102BE000F8D440EC700400EE010410EE210480EEF5
:102BF000200451EC3004704700B5FFF731FF02E0CC
:102C000010FE30F4F8D440EC600400EE010410EE45
:102C1000210480EE200451EC3004704700B5FFF72A
:102C20001FFF02E010FE30F4F8D441EC800400EE07
:102C3000010410EE010480EE400410EE130470470E
:102C400000B5FFF70DFF02E010FE30F4F8D441ECC0
:102C5000800400EE010410EE010480EE400410EE4A
:102C60003304704700B5FFF7FBFE02E010FE30F4BE
:102C7000F8D441EC100443EC112400EE010410EEF2
:102C80003004C0F30070704700B5FFF7E9FE02E0C2
:102C900010FE30F4F8D443EC102441EC110400EEA3
:102CA000010410EE30F48CBF01200020704700BFFB
:102CB00000B5FFF7D5FE02E010FE30F4F8D441EC89
:102CC000100443EC112400EE010410EE30F42CBF8C
:102CD00001200020704700BF00B5FFF7C1FE02E0F1
:102CE00010FE30F4F8D441EC100443EC112400EE53
:102CF000010410EE30F48CBF01200020704700BFAB
:102D00009A4238BF88547047704700BF2DE9F04F92
:102D100083B09946DDE90DAB0F9B884611469A07B3
:102D2000074616D1DA453AD20C460D46ABEB0A06F9
:102D30000E4422464B46414620200134B847B44257
:102D4000F7D12946BAF1000F08D1204603B0BDE8FB
:102D5000F08F0C46BAF1000F10D00E4655460C9B72
:102D60002E449A440191721B4B46013D41461AF88C
:102D7000010D3446B847002DF5D101990F9B9B07F3
:102D8000E3D5651AAB45E0D922464B4641462020A3
:102D90000135B8475D4504F10104F5D3D5E7BAF133
:102DA000000FDAD10C46D0E72DE9F04F0F9FDDF888
:102DB00024E017F0020F0A9C9DF82C900E9DDDE98F
:102DC0000C8629D1002D6FD1B44225D2202C07F0DA
:102DD000010B00F0128104F1FF3C4FF0300AF44483
:102DE00001E0202C7AD00134A6420CF801AFF8D8CB
:102DF000BBF1000F10D0AC420ED2202C74D004F1E5
:102E0000FF3C4FF0300AF44401E0202C29D001347B
:102E1000AC420CF801AFF8D117F0100F3AD017F40C
:102E2000806F28D11CBBB8F1100F00F0CA80B8F138
:102E3000020F00F0D48030248EF800400124B9F154
:102E4000000F67D17E0740F1AA802B260EF80460A0
:102E50000134CDE90B57CDE909E4BDE8F04FFFF7A8
:102E600055BFFC0640F189807C0535D42024A6425C
:102E70006AD0AC4268D0B8F1100F00F08780B8F18A
:102E8000020F5AD0202CE4D0264601344FF0300CEB
:102E90000EF806C0202CD2D1CDE90B57CDE909E4BC
:102EA000BDE8F04FFFF732BF17F0010B3ED0B9F18C
:102EB000000F47D117F00C0F44D1B4429BD2202C05
:102EC00089D1202D10D8FC0657D57C0555D4202E4D
:102ED00000F0B980202D10D02024CCE7BBF1000FEA
:102EE00000F0A580202DBCD9FC0646D57C0544D435
:102EF000202E00F0A880202D3FD12C461F26B8F1AF
:102F0000100F7FD0B8F1020FC0D14FF0620C0EF855
:102F100006C0B7E72D260EF804600134CDE90B5743
:102F2000CDE909E4BDE8F04FFFF7F0BEB442BFF4CD
:102F300073AF202C7FF44FAFD6E7202C89D02646E4
:102F40000134E2E7013DB8E7661ED8D1B8F1100FB1
:102F500064D0B8F1020F7FF46EAF62268EF8006085
:102F6000302644468EF80160B9F1000F3FF46AAF95
:102F7000D0E7B8F1100F7FF46CAF2024CDE90B57E8
:102F8000CDE909E4BDE8F04FFFF7C0BEBE060ED4A0
:102F9000202CF2D078260EF80460013472E73E0748
:102FA0007FF557AF20260EF80460013451E7202C3E
:102FB000E3D04FF0580C0EEB040686F800C0013445
:102FC00060E7BE0617D558248EF8004030248EF8EE
:102FD00001400224B9F1000F3FF434AF9AE76224B4
:102FE0008EF8004030248EF801400224B9F1000F21
:102FF0003FF428AF8EE77824F2E7BBF1000F7FF4AF
:1030000062AF71E717F0200F0CBF4FF0780C4FF054
:10301000580CA61E0EF806C0013C35E7BC06EAD5E2
:1030200058248EF8004030248EF80140DDE717F078
:10303000100F3FF40EAF17F4806F9AD1202E7FF45B
:1030400018AF1F265BE734461F2658E700B97047C4
:1030500001F050BA000000002DE9F04F9FB09DED47
:10306000287BDDE92AA558EC177B83461E460D9187
:10307000109243463A46384641468DED087B2C9CDB
:10308000FFF7F4FD002840F0D880384641464FF065
:10309000FF32754BFFF724FE002840F0CE80384603
:1030A00041464FF0FF326FF48013FFF7F1FD002827
:1030B00040F0C380DDE9087800223846414600230D
:1030C000FFF7E6FD002840F0C081CDE90A78DDE990
:1030D0000A2390461F4614F4806308BF4FF0060A87
:1030E000139304F4006258EA0703119240F0C08081
:1030F000002A00F0A2819FED5A7B00278DED0E7B08
:103100004FF00009BA45CCBFAAEB070A4FF0000AFE
:103110004F46C8BF0AF1FF3A44F480644D4594BF5E
:103120004FF00008A5EB090814F00203119304D036
:10313000B9F1000F18BF4FF000083FB1DDE90A01F7
:10314000DDE90E23FFF7FCFCCDE90A01DDE908010A
:1031500000220023FFF79CFD30B1DDE90A010246A1
:1031600001F10043CDE90A239DED0A7BCDE902A8D8
:10317000DDF834A024F4006304938DED007B334626
:1031800051465846109A00F097F98046B9F1000F61
:103190004FD014F0200F024600F1010433460CBF5B
:1031A000652045205146D84709F1FF3087EAE77C82
:1031B0000DF1580900224B46DFF8B080ACEBE77CFC
:1031C0004FEAD77E01E0202A10D0E246A8FB0C711E
:1031D000C90801EB8107ACEB47073037BAF1090F9B
:1031E0008C4602F1010203F8017BECD8052305901F
:1031F000069300200A230D9FCDE90330CDE9012E6F
:103200003346224639465846CDF80090FFF7CCFDAC
:10321000119B80466BB1109BC41AA54209D9424646
:103220003346394620200134D847A54208F1010829
:10323000F5D840461FB0BDE8F08F9DED087B3346C2
:103240005846109A0D998DED287BCDE92B54CDF879
:10325000A8A01FB0BDE8F04F00F02EB9AFF300807A
:103260000000000000000000FFFFEF7FCDCCCCCCC1
:10327000C7F30A50A0F2FF30FFF7B0FC8AA3D3E9EE
:103280000023FFF737FC8AA3D3E90023FFF70AFCEA
:10329000C7F31307CDE90E0147F07F5140460022E6
:1032A0007B4B41F44011FFF711FC6BA3D3E90023E2
:1032B000FFF720FC02460B46DDE90E01FFF7F2FBAB
:1032C000FFF7B0FC0746FFF789FC65A3D3E90023AD
:1032D00080468946FFF70EFC00226E4BFFF7E2FBAB
:1032E000FFF7A0FC03464946404612935EA3D3E98C
:1032F0000023FFF7FFFB804612988946FFF76EFC1C
:103300005BA3D3E90023FFF7F5FB02460B464046DB
:103310004946FFF7DBFB02460B4680468946FFF72E
:10332000E9FB42464B46CDE90E0140464946FFF7D0
:10333000B9FB0022CDE91401DDE90E01564BFFF780
:10334000FFFB0022554BFFF7ADFB02460B46DDE9C4
:103350000E01FFF7F5FB0022514BFFF7A3FB0246DE
:103360000B46DDE90E01FFF7EBFB42464B4680467C
:10337000894600204FF08041FFF7A8FB02460B462C
:1033800040464946FFF78EFB02460B46DDE9140135
:10339000FFF7D6FB0022434BFFF784FB129B002272
:1033A00003F2FF3C4FEA0C53FFF7A4FB804689462B
:1033B000DDE90A0142464B46CDE90E89FFF768FC7C
:1033C00068BB4346494607F16302C62A119A8CBF7F
:1033D0004FF005094FF00409002A3FF49FAE0B435C
:1033E0003FF48EAEDDE90A0123A3D3E90023FFF702
:1033F00063FC48B1DDE90A0121A3D3E90023FFF70B
:1034000047FC00287FF47CAEBAF1000F3FF486AE93
:10341000139B002B3FF482AE0AF1FF3A7EE60022B6
:103420001E4B40464946FFF78BFB0A4601460346C2
:10343000CDE90E12013F1146C5E79FED137B1746FC
:103440004FF004098DED0E7B68E608F100430A9702
:103450000B933CE6AFF3008061436F63A787D23FD5
:1034600071A379094F930A401655B5BBB16B024061
:10347000EF39FAFE422EE63F2D431CEBE2361A3FAF
:103480000000000080842E410000000000000000C9
:103490000000F83F0000E03F00002C400000244006
:1034A000000018400000F03FFB799F501344D33FC9
:1034B000B3C8608B288AC63F2DE9F04F97B0DDE98D
:1034C0002089CDE90401DDE9224BCDE90623404600
:1034D00042464B464946DDF890A0FFF7C7FB00285F
:1034E00040F0C581404649464FF0FF326FF48013EB
:1034F000FFF7CEFB002840F01D81404649464FF0C3
:10350000FF32C14BFFF7ECFB002840F0E380B8A38B
:10351000D3E9002340464946FFF7E2FB002840F08C
:10352000CB80B5A3D3E9002340464946FFF7B0FB63
:10353000002840F0C1804046494600220023FFF7A2
:10354000A7FB002840F0E0801AF480650D9000F0A1
:10355000E980092C40F296810EAB1A460C9330217B
:103560000023A4F109050133202B02F8011BA4EB71
:10357000030600F03A81AB42F5D19FED9D7B8DEDC6
:10358000087B49464046FFF74DFB0446FFF726FB04
:1035900002460B4640464946FFF798FADDE9082304
:1035A000FFF7A8FA02460B46CDE90A23FFF74CFBCA
:1035B0000746FFF725FB02460B46DDE90A01FFF748
:1035C00085FA02460B46CDE90A2300228F4BFFF70E
:1035D00087FB002800F0DB8001373846FFF710FB3F
:1035E000DDE90823FFF768FB08B100270134002E4E
:1035F00040F0B1802046FFF7F1FA02460B46404604
:103600004946FFF763FA0022804B06460F46FFF754
:103610003FFB40B93046394600227C4BFFF760FB48
:10362000002800F015810C9B691E7948194410E0B0
:1036300080FB0462C3EBA20303EB8302A4EB42040E
:1036400004F1300201351C4601F8012F002B00F077
:10365000AB80202D4FEAE473EAD10AF00303012B7B
:103660001CD1BBF1000F19D00D9B002B40F0F9804D
:103670001AF00C0F40F0F580AB4540F2D380202DBE
:103680000BD030220C996B1E0B4401355D4503F8BD
:10369000012F00F08D80202DF7D12025DDE90623B4
:1036A000DDE904010C9CCDE902BA01950094FFF715
:1036B0002DFB17B0BDE8F08FCDE92089DDE90623A9
:1036C000DDE90401CDE923BA229417B0BDE8F04F3B
:1036D000FFF7C2BC4F4DCDF88CA00AF0040ABAF136
:1036E000000F4D4C18BF2C46DDE90623DDE904012F
:1036F00020940CBF03240424CDF888B0219417B083
:10370000BDE8F04FFFF702BB4B46424600200021C8
:10371000FFF7DCF901231AF48065804689460D9392
:103720007FF417AF9FED367B0EAB06268DED087B41
:103730000C9326E70424DDE90623DDE90401374D77
:10374000CDF88CA0CDF888B02095219417B0BDE8B5
:10375000F04FFFF7DBBA0C9B681EDFF8C4C01844BB
:103760000DE0ACFB0721C90801EB8102A7EB420287
:103770003032092F00F8012F27D90F461D46202D82
:1037800005F1010306F1FF36EBD120254BE70022BE
:10379000DDE90A011D4BFFF77BFA00287FF427AF14
:1037A000002F5AD1013722E70AF00303012B75D00D
:1037B000202D3FF473AF0D9BBBB32D2205F15803B1
:1037C0006B4403F8202C013568E7202BDDD0AEB325
:1037D0000C9A1E441544302201E0B3422ED001332E
:1037E000202B05F8012FF8D1CFE71D46C5E600BF15
:1037F0000000000065CDCD410000000065CDCDC1C9
:103800000000000080842E41FFFFEF7F0000E03FBA
:10381000676666664C740010547400105C74001087
:10382000CDCCCCCC202D3FF439AF1AF0040F0DD104
:103830001AF0080F3FF432AF2022BFE72E2103F128
:1038400058026A4402F8201C5D1CECE62B22B5E706
:10385000E3077FF5E8AE0134E5E6FA077FF5C7AE8A
:10386000A0E70BF1FF3BAB453FF609AFA0E7032410
:10387000DDE90623DDE904010A4DCDF88CA0CDF881
:1038800088B061E7084B264603EBC40393ED007B49
:103890000EAB8DED087B00250C9372E6BBF1000F9B
:1038A00086D0E1E658740010507700102DE9F04FF3
:1038B0009A469BB0249C964D0B94964C0B1E18BFB9
:1038C000834625609AF80000934C0A9308BFA346EC
:1038D0000992002800F0BC824FF000090AE04A4635
:1038E000099B0A9909F10109D8479AF800000028B4
:1038F00000F0CE8025280AF1010AF0D100235246BB
:1039000012F8010BA0F1200110290AD8DFE801F01C
:103910004009093C09090909090909380934090953
:103920003000A0F13001092940F28C802A2800F0F3
:10393000F58000210C912E2800F099800027A0F13D
:10394000680112292DD8DFE811F057012C00510130
:103950002C0045012C002C002C002C002C002C00ED
:103960002C0027002C002C002C002C002C00270001
:10397000924643F00103C2E7924643F00203BEE7DA
:10398000924643F00403BAE7924643F01003B6E7C9
:10399000924643F00803B2E79AF8010043F48073BB
:1039A00001326728924600F28280242840F2C680C5
:1039B000A0F12502422A00F2C180DFE812F05F0187
:1039C000BF00BF00BF00BF00BF00BF00BF00BF00FF
:1039D000BF00BF00BF00BF00BF00BF00BF00BF00EF
:1039E000BF00BF00BF00BF00BF00BF00BF00BF00DF
:1039F000BF00BF00BF00BF00BF00BF00BF00260167
:103A000045012601BF00BF00BF00BF00BF00BF00CF
:103A1000BF00BF00BF00BF00BF00BF00BF00BF00AE
:103A2000BF00BF00D301BF00BF00BF00BF00BF0089
:103A3000BF00BF00BF00BF00D3016701D301260153
:103A400045012601002100E0013201EB810100EB7C
:103A5000410110789246A0F13004092CA1F1300107
:103A6000F2D92E280C9102F101027FF467AF9AF887
:103A700001001146A0F13006092E43F4806340F2A4
:103A800031812A2800F03E8192460027013256E714
:103A90004C46099B994501D303F1FF394A46002062
:103AA000099B0A99D84720461BB0BDE8F08FA0F1CA
:103AB0006902D2B20F2A41D8012649F2410196404B
:103AC0000E4040F001810A2A3FD0072A36D10B9CD4
:103AD00054F8042B002A00F0288143F021010DF155
:103AE000480E704603E0202E00F029811A4602F0AD
:103AF0000F052B46092D94BF303337330F2A00F8BA
:103B0000013B06F101064FEA1213ECD817E100BFA2
:103B1000AD380010EC110120092D00100B9C9AF813
:103B2000010054F8045B9246002DBDBF694243F08A
:103B300002030C910C950B940132FCE64A46099B5A
:103B40000A9909F10109D847CFE60B9951F8048B7E
:103B500098F800201046002F40F0E18072B16FF01D
:103B6000010C0CF1010C4646C44401E0664503D04B
:103B700016F8014F002CF9D1A6EB080613F4806C5F
:103B800002D0BE4228BF3E4613F0020400F08781F7
:103B9000002A00F02B81BCF1000F00F041810B9452
:103BA0000D964A46DDE909540E464F4408E02B467F
:103BB0002146D84718F8010F09F1010910B14A460A
:103BC0004F45F4D131460B9C0D9E002C40F00E81E8
:103BD0000B918AE69AF801006C287FF4DFAE9AF820
:103BE000020043F440730AF10302DAE69AF8010096
:103BF00043F400730132D4E69AF80100682800F01B
:103C0000208143F080030132CBE6672800F0E78093
:103C1000472800F00081452800F0FF800B9C0493AA
:103C20000C9B0734CDE9027324F007031C46DDE941
:103C30000931F4E802674A465846CDE900670B941B
:103C4000FFF70AFA814650E646280B9C08BF43F06E
:103C5000200304930C9B0734CDE9027324F007037F
:103C60001C46DDE90931F4E802674A465846CDE9C9
:103C700000670B94FFF720FC814636E64A46252074
:103C8000099B0A9909F10109D8472EE60B9A9C076E
:103C900002F1040709F1010640F1E6801078099B62
:103CA0004A460A99D8470C9B012B40F22C81DDE94A
:103CB0000954994432462B46214620200136D847E4
:103CC0004E45F7D10B9710E66F2800F08B8040F23D
:103CD0006581782800F008814FF00A0823F010036E
:103CE000C44647E0002707EB870700EB4700A0F139
:103CF000300711F8010FA0F13002092AF3D98A46E2
:103D00004A1C1CE60B9C9AF8020054F8047B0AF14A
:103D1000020A0AF101020B9427EAE7770FE6002A6C
:103D20003FF42CAF07F1FF3C1BE723F0100113F425
:103D3000806241F021013FF4D2AE0DF1480E08231C
:103D40001020059300234A46CDE9023006915846DB
:103D5000DDE90931CDE900E60497FFF725F80B947A
:103D60008146C2E5582879D0622840F051824FF050
:103D70000208C44613F480606DD123F00C0313F4E1
:103D8000007240F0C2800B9904310D9113F48071E0
:103D900040F02E825E060B9A40F1AA801278002A2B
:103DA00040F0DA8023F01003002800F0D58011469F
:103DB0000DF1480E06930C9BCDF80CC0CDE90473B1
:103DC000019100234A4602935846DDE90931CDF8B6
:103DD00000E0FEF7E9FF0D9B81460B9385E543F478
:103DE00000631BE74FF00808C446C3E70C9B4C4632
:103DF000B3427FF6EDAE0F464B44A3EB0609DDE977
:103E0000096522463346294620200134D8474C45CF
:103E1000F7D13946DCE643F4006343F02003FDE6C6
:103E20000F460B94DDE909544A462B462146D847F4
:103E300018F8010F09F101090028F5D139460B9C4A
:103E4000C3E69AF8020043F0C0030AF10302A8E5B2
:103E5000044681461DE623F00D0390E74FF010085D
:103E600043F02003C44685E70C9B012B45D9DDE9CF
:103E700009544E4609F1FF38984432462B462146F4
:103E800020200136D8474645F7D10C9B324699444D
:103E90000B9B1878DDE90931D8470B9725E50C9B7A
:103EA000B34240F2EE81CDE90D48DDE90954884680
:103EB0004B449E1BCDF82CC04A462B462146202061
:103EC00009F10109D847B145F6D14146DDF83880FE
:103ED0000C9BDDF82CC00D9C98F800205E1C104651
:103EE000002A7FF458AE73E64FF01008C44641E74D
:103EF0001D064CBF1288126851E713464A461878CF
:103F0000DDE90931D847B146DCE60B9C073424F0E3
:103F100007042246656852F8084B0B9254EA0502E2
:103F200040F02C8123F01003002800F027810026A8
:103F30000DF1480E06930C9B4A46CDE9047300230D
:103F4000CDE900E6CDF80CC002935846DDE9093111
:103F5000FEF72AFF8146C8E413F0200F14BF41206A
:103F600061200DF1480E7646A0F10A0803E02029F1
:103F70003FF420AF2246B2FBFCF40CFB1425E8B260
:103F8000092D00F130058ABF4044E8B2C0B2624555
:103F900006F8010B01F10101E9D20BE723F0100251
:103FA00069280D9240F06F8113F4806204D04FF4C1
:103FB000806223F011030D930D9B13F4007640D122
:103FC0000B9B03F104080D9B13F4807040F0988064
:103FD000590640F1C6800B9B19780C46CB0F00297F
:103FE00000F0B98022460DF1480E74461646DFF8FF
:103FF000A0C201E020280FD03546ACFB0621C9083D
:1040000001EB8102A6EB42023032092D0E4600F18F
:10401000010004F8012BEDD80D9ACDE901030692B9
:104020000C9ACDE904720A234A4603935846DDE907
:104030000931CDF800E0FEF7B7FECDF82C808146BF
:1040400053E40B9C073424F00704214608466368B8
:1040500050F8081BDC0F0B9051EA030000F0C380FE
:104060000A46191E48DB13460DF1480EF446002699
:10407000CDE90E94DFF8188201E0202E2DD05A18D9
:1040800042F10002A8FB025929F0030505EB99054E
:10409000521B1C469B1A61F1000508464FF0CC31BB
:1040A00001FB03F108FB0511A3FB08531944052389
:1040B00005F00109A9FB03399B180A2C03F1300311
:1040C0004FEA550570F100000CF8013B06F10106BE
:1040D00045EAC1734FEA5101CFD2DDE90E940D9B41
:1040E0004A4606930C9BCDE90164CDE904730A238B
:1040F000CDF800E0039328E7524261EB4101B2E7BB
:104100000B9B1968CB0F002900F0AB8081EAE172AC
:10411000A2EBE1720DF1480E7046DFF874C101E0C8
:10412000202E10D01546ACFB0241C90801EB8104DA
:10413000A2EB440404F13002092D00F8012B06F132
:1041400001060A46ECD80D9ACDE9016306920C9A55
:10415000CDE9047267E7002A3FF445AF0DF1480E40
:104160005AE713F0800F0B9B00F08180B3F9001029
:1041700081EAE174A4EBE174A4B22FE713F0200FFD
:1041800014BF412261220DF1480E0A3ACDE90D9784
:10419000CDF844B000267746F3469146CDE90F3C72
:1041A00003E0202E17D004460D4629464246002340
:1041B000204603F095F8D2B2092A02F1300388BFF5
:1041C00002EB09034445DBB275F1000507F8013B3A
:1041D00006F10106E5D2DE46DDE90D97DDE90F3C8B
:1041E000DDF844B0A6E6002A47D1134611463BE766
:1041F0000B990968A1B923F0100388B10DF1480E9D
:1042000006930C9BCDF80CC0CDE904730192D8E560
:1042100013F480627FF4CBAE23F010030D93CBE652
:1042200013F0200F14BF412061200DF1480E764697
:10423000A0F10A0802E0202AE2D02146B1FBFCF4FA
:104240000CFB1415E8B2092D00F130058ABF40447B
:10425000E8B2C0B2614506F8010B02F10102EAD2F0
:10426000CEE7002A3FF456AF0DF1480E6BE7196810
:1042700081EAE174A4EBE174B0E600260DF1480E8A
:104280002DE701362BE64FF00A081346C44671E5C8
:10429000CDCCCCCC0EB410B585B007AC54F8043BF3
:1042A00001464FF0FF32009404480394FFF7FEFAF2
:1042B00005B0BDE8104003B0704700BF012D0010ED
:1042C00010B5094B84B01C684CB1034600914FF007
:1042D000FF3203A90548A047012004B010BD00F03B
:1042E0004BF9204604B010BDEC1101204D300010F8
:1042F00000BEFDE708B5FFF7FBFF00BF38B5064C71
:10430000064DFEF7B3FAAC4204D254F8043B98478A
:10431000AC42FAD338BD00BF58730010647300106C
:104320000368084611461847437D2DE9F04781464A
:104330000F461646002B43D0002A3BDD037D0020AC
:104340004D1E014615F8012FDFF884800A2A01F17D
:1043500001040ED0A6421CD02B782146A3F10D03F8
:10436000B3FA83F315F8012F5B090A2A01F101045E
:10437000F0D1002BEED18142A1EB000138441BDCCF
:1043800002214046D9F800309847A64208D020467E
:10439000E2E7864204DD311AD9F800303844984704
:1043A000374417F8013CA3F10D03B3FA83F35B091B
:1043B00089F81430BDE8F087D9F800309847DFE776
:1043C0003846D9F800301146BDE8F047184700BF1D
:1043D000A07700102DE9F04782B00D46924699462D
:1043E0000746FDF7FFFB4FF0FF366FF000442F4A02
:1043F000821841F10003964274EB03013CBF324640
:1044000023462B4802F07CFF6B1C804603D13846C4
:1044100002F0D0FE0546274B274E1C68274BB9F10A
:10442000000F18BF1E46B4B1BAF1000F1AD1DFF861
:10443000909001E0246974B12368002BFAD0D9F878
:1044400000300BB19C42F5D120462A463946B04790
:104450002469002CF0D1B8F1000F1FD1284602B01A
:10446000BDE8F0874FF00A0ADFF8549002E02469B3
:10447000002CF0D02368002BF9D0D9F800300BB114
:10448000A342F4D12A4639462046B04701222046AD
:104490000DF107018DF807A0B047E8E7044802F0E6
:1044A00023FF284602B0BDE8F08700BF40420F005E
:1044B000F8140020E00901202143001029430010D6
:1044C000E80901200A4A13684BB1834202D109E08E
:1044D000984207D003F110021B69002BF8D101B1FB
:1044E000106070470029FCD10369136001617047B7
:1044F000E0090120F0B583B006468DF80700FDF70E
:1045000071FB4FF0FF356FF00044174A821841F1FC
:104510000003954274EB03013CBF23462A4613482F
:1045200002F0EEFE124B07461C689CB1114D01E0F3
:1045300024697CB12368002BFAD02B680BB19C4214
:10454000F6D1204601220DF10701FFF7EDFE2469A7
:10455000002CEFD117B9304603B0F0BD034802F08C
:10456000C3FE304603B0F0BD40420F00F8140020F7
:10457000E0090120E809012038B5044602F01AFEDE
:10458000012305461A4620462946FFF723FF084B1C
:104590001C682CB163682BB198472469002CF9D1B1
:1045A000284638BD2469002CF4D1284638BD00BF08
:1045B000E0090120B1F1000C1DDD0F4A0F4B12681C
:1045C00030B5D31AB3FA83F30D240D4D5B09411EA8
:1045D00035F913E08C4411F8010F864506D0936934
:1045E0009B06FCD461451060F5D130BD93699D06F2
:1045F000FCD41460F3E7704750120120008007409C
:1046000048120120224BB1F1000C10B41C682EDDC1
:10461000034600201F4A591E12689369DB0617D40F
:1046200001309369DB06FCD41368844501F8013F2F
:10463000F3D14CB150211346916353F8342F02F05B
:10464000380203F580531A6060465DF8044B7047EA
:104650004CB150211346916353F8342F02F03802C5
:1046600003F580531A6078B15DF8044B70475CB174
:10467000084B50211A681346916353F8342F02F007
:10468000380203F580531A606FF00200ECE700BFB8
:104690008009012050120120054B1B6833B1002115
:1046A000044A05481268006891631847704700BFC4
:1046B000800901205012012084090120024B1A6850
:1046C00093691B07FCD4704750120120F8B51C4FAA
:1046D0001C4D3A681C4EAA4214BF212522250446CF
:1046E000D6F800C018B1BCF1000F10D0F8BDBCF175
:1046F000000FFBD0014690632846FDF7ADFB28462E
:104700001249FDF7F3FC124B34601C60F8BD0B46F8
:104710000F4A0E49306028461360FDF7C3FB0121A4
:104720002846FDF799FB3A6850211346916353F8E8
:10473000342F02F0380203F580531A60F8BD00BF31
:104740005012012000800740800901209946001086
:104750008409012070B5104E0D463060101E1C46B5
:1047600006DB10F0020F0CBF02210B21FDF71AFE31
:10477000002C07DB14F0020F0CBF02210B21204696
:10478000FDF710FE29463068FDF762FEBDE8704077
:1047900001210248FFF796BE50120120A814002004
:1047A00000234FF04B0C10B588B004460D2268462C
:1047B00004A90093CDE90133CDE9053304938DF8C5
:1047C0000C308DF81C308DF800C002F079FDDDF85A
:1047D0001520DDF819302260636008B010BD00BFFD
:1047E00070B5002501260468002BE56684466160EB
:1047F00028469DF810E0E66616DD5D1E616F102903
:10480000FCD000B30021A84204BF8EF0010641EAAB
:10481000462141F480712161D4F88010616B490612
:1048200005D54FF0FF30636D8CF804E070BDA16FCB
:104830000029F1D021690130834202F8011BF3D035
:10484000DCF80040DAE79CF804108902DBE700BFDF
:104850002DE9F0410024012794460268B3F1000ECF
:10486000D4660546516020469DF81860D7661DDD68
:104870002979774089027F020EF1FF34A0420CBFF4
:10488000B8464FF000081CF8013B0B4343EA08030D
:104890001361536BD906FCD5D2F8801049B9A042F8
:1048A0001CD0013086454FF00001E7D12E71BDE8E4
:1048B000F0814FF00108536D536B9B05FCD5136ECF
:1048C000B8F1000FEDD069B1CB070BD411F0080F90
:1048D00008BF4FF0FF302E71BDE8F081002EE0D10F
:1048E000B046E9E74FF0FF30E0E700BFF8B5064615
:1048F00005200C46FDF71CFF00EB540CBCFBF4FC40
:10490000214B0CEB4C02A3FB025320499F088C4225
:10491000ACEB930530D801F1D64101F5A10101F6C8
:104920002C0100EB4003A1FB03139B0D013300247A
:104930004F2A98BF01223168B0FBFCF0CC660C68AE
:1049400001F5805684F0040404F00604346088BF46
:104950000D4CCD6184BFA4FB024292090F62C1F8E5
:10496000A0200A46012452F87C5F6B409BB202F5FE
:1049700080521360CC66F8BD054900EB4003A1FBF3
:104980000313DB0D0133D2E7CDCCCCCC3F420F007B
:10499000893BE6550E4A30B4904214BF20221022C3
:1049A0000C4D0D4B0D4C2A601A60A36832EA0303CC
:1049B000FBD140F26515032402680371D3661560CC
:1049C000D3639363C2F8884030BCFFF78FBF00BF4A
:1049D000C8140020002002400030024000000240C5
:1049E00010B49DF8044001945DF8044BFFF730BF0C
:1049F00010B49DF8044001945DF8044BFFF7F0BE3D
:104A000070B500F02BF90C2340251B4CFF220E2023
:104A10001A49A367FDF776FA194B002118462A4672
:104A200002F0FAFA0346002180200126154A588434
:104A30009A60843A59605E701D831D87C2F88410A5
:104A4000C2F8801002F58072DA60DA62803A83F888
:104A5000211083F83B1059629A6202F02DFC4FF04E
:104A600000504FF480320849084B2664E064C4F8D3
:104A70009010DA6470BD00BF0000115019060020CC
:104A8000EC0901208400105010D0010000201150CA
:104A900001210E20FDF7E0B900220248114600F086
:104AA000FDB800BF0C0A0120044B197021B14FF46E
:104AB0000032034BC3F89020704700BF551201200D
:104AC000002011500B785B0602D14B78052B00D0EB
:104AD00070474B88014ADBB21360704700001150E9
:104AE0004FF0000C2DE9F0418878354D00F07F0241
:104AF0005600CF788B8806EBD01105EB4111C40925
:104B00008870C7F30100C876C3F30A0384F001007C
:104B100081F803C00B83487007F00307D10084BB02
:104B20002848043105EB821E01EB0008CEF808800E
:104B300041F800C082B32449D2001144CEF80410D9
:104B400022483F33016823F03F03022F204A08BF69
:104B50005B000B44036081EA02085340321905EB05
:104B60004212B3F5805FD16027D8264405EB461585
:104B70006B6848EA876242F0004201201A60BDE893
:104B8000F081DFF840E010B2714405EB8218C8F8FC
:104B900028104EF830C042B900230E4A05EB4414E9
:104BA0000120E2606360BDE8F081D20002F1A04222
:104BB00002F58012C8F82420C2E7FDF751FED4E7C1
:104BC000EC0901208000105004001050F411012065
:104BD000000010500001105002F06EBB8C4608B56A
:104BE000114607481A460CF07F034FEADC1C0CEB19
:104BF000430C00EB4C1000F051F8012008BD00BF41
:104C0000EC090120CB0911F07F0103D1064AC3F161
:104C100002009066054803EB41034FF40062002157
:104C200000EB431002F068BB00201150EC0901209A
:104C300011F07F0300D17047002210B4C809064C60
:104C400000EB430004EB40136FF4006118465DF87D
:104C5000044BDA7002F050BBEC0901204FF0805297
:104C600009480A4908B50A4B02600A609968C943B5
:104C700011F08051FAD14FF48052064802F0CCF97D
:104C80000922054B5A6708BD00200240003002404F
:104C900000000240000010500000115000234FF0AF
:104CA000010C10B580F81AC08282C38201610446EB
:104CB00002F00AFB20B14FF40032074BC3F89020FA
:104CC000204602F025FB10B10123237710BD2046BA
:104CD000BDE8104002F000BB002011502DE9F0416A
:104CE00000241D4E054623463278DFF878801B4F9E
:104CF0000DE03B6813EB441325D0DB68284698474A
:104D000032780134E4B2511CA142234606DBA242B0
:104D1000A3EB0203EDD808EB4313EEE7104C54224B
:104D20000021204602F078F94FF0FF33251D636023
:104D3000C5E90133EB6004F114002022BDE8F04125
:104D4000FF2102F069B94FF0E023D3F8F03DDB0713
:104D500000D500BEBDE8F0815412012048020120B8
:104D6000CC020120A4770010704700BF704700BF3D
:104D7000002070470020704700207047704700BF38
:104D8000704700BF704700BF704700BF024B5878A4
:104D9000003818BF01207047CC020120024B187860
:104DA000C0F38000704700BFCC0201202DE9F8431A
:104DB0002C4F3B78FF2B02D00120BDE8F883002167
:104DC00054220646284802F027F90022274C284B97
:104DD00020461A70FCF7C4FB264B27481C60274C62
:104DE000FCF7CCFB204601F02FFF254A254B264D32
:104DF000146063B32846AFF30080244B2A78186010
:104E00000024DFF88C902346DFF880800EE0D8F88D
:104E1000003013EB441311D05B687BB198472A78BC
:104E20000134E4B2511CA142234612DBA242EED867
:104E30009B1A09EB43135B68002BEFD14FF0E02383
:104E4000D3F8F03DDB0700D500BE0020B5E72A7897
:104E5000D6E730463E70FFF7D3FD3046FFF718FE29
:104E6000AAE700BFEC140020CC020120840201203C
:104E70005612012020030120E4140020D014002049
:104E800024030120000000005412012048020120E8
:104E9000A47700102DE9F04FDFF8C8928BB099F895
:104EA0000030FF2B00F0F180A84CA94DDFF8B0A234
:104EB000DFF8B4B226687369EFF3108272B6D3E8F4
:104EC000CF0F01210028FAD1C3E8401F0028F6D1F6
:104ED000BFF35F8FB261304607A901F003FD0023E5
:104EE0007269C2E88F3FB36983F31088002800F02D
:104EF000CC809DF81D30013B072B00F27D83DFE85D
:104F000003F0A7B1959D8E350A04089B002BD1D0E4
:104F100009989847CEE79DF8201001F07F0605EB31
:104F2000460000EBD11090F8343023F0010380F8F4
:104F3000343090F8343023F0040380F83430002EFD
:104F400000F0A680037D9AF80020934280F09380C1
:104F5000804A126812EB431300F090809E699DF81E
:104F60002120099B9DF81C00B047A3E79BF8003067
:104F7000002B00F083809BF80030013BDBB28BF804
:104F800000309BF8003003F0FF00002B92D1704FEF
:104F90009DF81C803B7843F001033B7097F8343058
:104FA00060F3000387F8343097F8343060F38203FD
:104FB00087F8343097F8353060F3000387F83530E0
:104FC00097F8353060F3820387F8353000F06AFCDB
:104FD0009DF8203003F06002602A6CD0402A7CD01B
:104FE00003F01F03012B00F0C180022B00F0818031
:104FF000002B60D1202A00F0E981002A5BD19DF8C6
:105000002130092B57D8DFE813F0B001A201560078
:10501000C101560095016B0156006001F4002B7828
:10502000D9077FF547AFFFF7AFFE43E7EB78DA0725
:105030007FF540AF0898FFF799FE3BE72B78D8073C
:105040007FF538AF2878C0F3C000FFF79BFE31E74B
:105050009DF81C00FFF742FE00F01AFC9DF820307E
:10506000AB7027E79DF81C00FFF738FE00F010FC3E
:10507000FFF786FE1EE7501C984211DA4FF0E0233E
:10508000D3F8F03DDC0700D500BE0BB0BDE8F08FD3
:10509000099B9DF821209DF81C0000F017FC09E7F2
:1050A0009B1A2D4A02EB431358E7FCF789F9024695
:1050B000002840F082814FF0E023D3F8F03DDE0776
:1050C00000D500BE9DF81C000021FFF79BFD80214C
:1050D0009DF81C00FFF796FDECE6204800F0E2FB8F
:1050E0000121404608AAFCF711F800287FF4E2AE3F
:1050F000E8E79DF8241011F0700FDCD101F07F0675
:1051000007EB4600164B00EBD1101B78007D7600B4
:10511000019698424FEAD116009659D35E1C8642FA
:10512000C0F26681C01A0C4B03EB4016002A00F057
:105130006381706900F0B6FB01214046736908AADB
:10514000984700287FF4B6AEBCE700BF24030120D7
:10515000CC02012048020120A47700100D1100109C
:1051600054120120EC140020561201209DF8243026
:105170000F2BA7D8AE4A3B441B791278934232D307
:10518000511C99429EDBAB4E9B1A06EB431670698D
:1051900000F088FB01214046736908AA984700285F
:1051A0007FF488AE9DF8203013F060068AD19DF818
:1051B00021300A3B012B85D800F074FB9DF821308B
:1051C0000A2B00F0F281404608A900F0F1FA71E6DE
:1051D000994B1B6803EB4016002A00F00D81002E4E
:1051E0003FF470AFA5E7944A166816EB4316CED18C
:1051F00068E77B789DF822609E4200F04F817B78C3
:10520000002B40F0BE817E70002E00F04581701EA4
:10521000C0B2FCF7D5F80346002800F05F81427861
:10522000022A40F05B81C17903F10906C1F3401203
:105230001201C1F3801142EA41123146387820F060
:10524000300002433A705A88CDF80C809A180192C7
:10525000019B8B4240F2A4814A780B2A00F0AF8177
:105260000123042A40F03A810026019A0096521A3E
:1052700092B202926E4A049312781DE06E4B1B6844
:1052800013EB461800F02A81029AD8F810300398E0
:105290000591984708280246059906F1010303D9AC
:1052A0000298904280F0FF80DEB2614B00961A783F
:1052B000531C9E4200F31281009BB242A3EB0202F8
:1052C000DCD85C4B03EB4218DEE77B7840468DF878
:1052D0001A300DF11A02012308A900F083FAE9E55A
:1052E000BDF82200030A013B020AC0B20E2B3FF6B2
:1052F000E9AE01A151F823F00D550010A95300109B
:1053000049550010C5500010C55000102B55001015
:10531000A9530010C5500010C5500010C550001012
:10532000C5500010C5500010C5500010C5500010E9
:10533000FF54001008A800F0BBFA40469DF8221068
:10534000FFF7AAFB3B7843F002033B70B2E5BDF8E0
:105350002230012B7FF4B6AE3B78404623F00803A1
:1053600008A93B7000F024FAA4E540463B789A086F
:1053700002F00202C3F340131343ADF81A300DF1EB
:105380001A02022308A900F02DFA93E5BDF8223095
:10539000012B7FF497AE3B78404643F0080308A901
:1053A0003B7000F005FA85E5022A3FF47EAEFFF778
:1053B000E3FC024600283FF485AE4046538808A926
:1053C00000F010FA00287FF475AD7BE69DF82430DC
:1053D0000F2B3FF677AE164A3B441B791278934267
:1053E0001DD2154A166816EB43167FF4A2AE69E685
:1053F000002A7FF467AE00269DF8212002F0FD030D
:10540000012B1BD0002A7FF456AE019B009A3B442F
:10541000134493F834304046C3F34003ADE7511CC6
:105420009942FFF64FAE034E9B1A06EB431680E6F9
:1054300054120120A477001048020120BDF8223048
:10544000B3B9012A99F8000000F08680FFF7DAFB73
:10545000019B009A3B44134493F8342042F002022B
:1054600083F8342093F8342042F0010283F834208A
:10547000002E3FF41FAD706900F014FA736901212A
:1054800008AA40469847002000F00CFA97F83530FB
:10549000DF073FF50FAD96E6FFF772FC404608A91F
:1054A00000F086F906E5049B012B00F09E80002B9E
:1054B00000F08A80002091F8028005E08CF80460FA
:1054C0005FFA80FC63457FD908EB000C57FA8CFC2F
:1054D0009CF804E00130BEF1FF0FEFD04FF0E02365
:1054E000D3F8F03DDA0700D500BE4FF0E023D3F843
:1054F000F03DDB0700D500BE00237B70E2E5FFF73F
:1055000037FC024600287FF458AFDBE5FBF754FF79
:10551000024600283FF4CFAD4046122308A900F010
:1055200061F900287FF4C6ACCCE5FFF723FC024606
:1055300000283FF4C7AD4046137808A900F052F99F
:1055400000287FF4B7ACBDE5BDF82410FBF73CFFA5
:1055500002460028EFD1B5E50293FFF769FB019AF7
:10556000009B3A441A4492F83410029B63F34101C1
:1055700082F8341092F8341063F3000182F834108A
:1055800076E700214046FFF78FFA4046FFF724FBFD
:10559000BB7840460093FFF7A1FB009BBB7032E64F
:1055A000DDF80C80FFF7EAFB78E74046012308A905
:1055B0000DF11A028DF81A6000F014F97AE40A78F5
:1055C000CB7811444A784CE6334610480492029155
:1055D00000F0FEFF0E4B049A02991B781144009ACA
:1055E00001339342BFF634AE78E7D8F810C00948CB
:1055F000844508BF02235DE74FF0E023D3F8F03D78
:10560000DB077FF557AC00BE54E400BFE002012089
:10561000541201204D5E00102DE9F84FDDF828806E
:10562000002A3FD00C461E4615464FF0000B1F4F78
:10563000DFF87C9017E0204699F8021000F096FF02
:10564000F8B121465046FFF74BFA08B3A3780BF1A7
:10565000010BDA0916BF0B9A88F800301370237813
:10566000AB451C441ED06378052B11D1E17801F0C5
:105670000301B1420CD1A37897F800A013F0700F8A
:10568000D9D04FF0E023D3F8F03DDA0700D500BEC3
:105690004FF0E023D3F8F03DDB0700D500BE00203B
:1056A000BDE8F88F0120BDE8F88F00BFEC140020A2
:1056B000CC02012038B50E4B1D788B7813F0700F9B
:1056C00008D04FF0E023D3F8F03DDB0700D500BE53
:1056D000002038BD074B0C460846997800F046FF7D
:1056E0000028EED021462846BDE83840FFF7F8B93B
:1056F000EC140020CC0201200B46064A0648116833
:10570000DA09343203F07F0302EB4303184400F05C
:10571000E7BE00BF20030120CC0201200B46064A51
:1057200006481168DA09343203F07F0302EB4303C1
:10573000184400F0FFBE00BF20030120CC0201206E
:1057400010B5194C01F07F0E04EB4E0404EBD1149C
:1057500094F834C015481CF0010F04F130040078AF
:1057600008D04FF0E023D3F8F03DDA0700D500BEB3
:10577000002010BD94F804C04CF0010C84F804C063
:10578000FFF72CFA0028F4D14FF0E021227960F3E2
:1057900000022271227960F382022271D1F8F03D79
:1057A000DB07E5D5E3E700BFCC020120EC140020C5
:1057B00030B50B4C8C46A646054608684968002360
:1057C000AEE803009CF800102846C943C4E9023340
:1057D000BDE830401A4601F08001FFF7B1BF00BFBD
:1057E000500201202DE9F041274F4FF00008BE463E
:1057F0008C46064608684968BA60AEE80300A7F818
:105800000E801546BCF80620934228BF1346BB8184
:105810009AB11C462BB3DDB197F90030402C28BF5C
:105820004024002B28DB414623463046174AFFF729
:1058300087FF68B10120BDE8F0819CF80010134695
:10584000C943304601F08001FFF77AFF0028F1D10B
:105850004FF0E023D3F8F03DDB0700D500BE002079
:10586000E9E71A46397801F0800123463046FFF710
:1058700067FF0028DED1EBE722462946034801F006
:105880001DFC8021014AF0E7500201208C0201201A
:105890000022034BC3E90022C3E902221A617047C8
:1058A00050020120014B1861704700BF50020120D7
:1058B00030B40246044C0025234600685168C4E910
:1058C000025530BC03C370475002012070B53C4CF8
:1058D000C90922780646B1EBD21F1D4682B017D007
:1058E00053B14FF0E023D3F8F03DDB0702D40020A2
:1058F00002B070BD00BEFAE72146FFF7E3F8236966
:105900001BB12246032130469847012002B070BDEA
:1059100094F90030A068002B05DB0028E7D02A4668
:10592000284901F0CBFBE089A168E388284480B2D4
:1059300029448342E081A16016D03F2D14D9A28969
:1059400094F90040131A9BB2402B28BF4023002C2F
:1059500026DB90424FF0000130D01A4A3046FFF764
:10596000EFFE0028D1D1BCE7236923B102213046E4
:10597000134A984758B121780023C94330461A4644
:1059800001F08001FFF7DCFE0028BED1A9E7014647
:105990003046FFF737F980213046FFF733F9B4E797
:1059A000904208D01A460748019301F087FB8021F6
:1059B000044A019BD2E780210022CFE70A46CDE7C7
:1059C000500201208C02012070B50446FFF7DEF979
:1059D00000B970BDFFF7E2F905460028F9D1E37878
:1059E000002BF6D004F11006304600F069FF3F2886
:1059F000EFD92846E178FFF77FFE0028E9D030464E
:105A000000F05EFF3F2808D92846E17804F64802F6
:105A10004023BDE87040FFF793BE2846E178BDE81B
:105A20007040FFF77BBE00BF10B50446FFF7AEF92C
:105A300008B9002010BDFFF7B1F90028F9D140F6F0
:105A4000C802034B02FB0433187900F0010010BDBB
:105A50000015002040F6C802044B02FB0033986892
:105A600008609A899B7B8A808B71704700150020A3
:105A700040F6C80208B5034B02FB003000F006FFF9
:105A800008BD00BF101500202DE9F8434FF6FF7444
:105A900040F6C803A24228BF224603FB00F41D4F74
:105AA00004F110053D44284692B200F065FF064619
:105AB000FFF76CF910B93046BDE8F883FFF76EF9CF
:105AC00081460028F7D107EB040898F80330002B33
:105AD000F1D0284600F0F4FE3F28ECD9484698F86B
:105AE0000310FFF709FE0028E5D0284600F0E8FE85
:105AF0003F2809D904F648024846402398F8031085
:105B00003A44FFF71DFED6E7484698F80310FFF722
:105B100005FED0E7001500202DE9F0410446FFF70F
:105B200035F910B90020BDE8F081FFF737F90646D6
:105B30000028F7D140F6C80303FB04F4DFF86080C7
:105B400004F124054544284600F0A0FE0028E9D0D1
:105B500008EB04073046B978FFF7CEFD0028E1D006
:105B600004F68804444428464022214600F004FFFD
:105B7000054680B1034622463046B978FFF7E0FD7E
:105B800038B94FF0E023D3F8F03DDB07CAD500BEAB
:105B9000C8E72846C7E7B978FFF7C0FDC2E700BFEE
:105BA0000015002038B54FF6FF7540F6C803AA422D
:105BB00028BF2A460A4C92B203FB00440546204601
:105BC00000F096FF034620461C4600F05FFE3F288B
:105BD00001D8204638BD2846FFF79EFF204638BD35
:105BE000241500202DE9F04743F2B042002121485E
:105BF00082B001F011FA00224FF0FF0A4FF00109C4
:105C00001D4B1E4CDFF878801A7000254FF4E137E9
:105C1000082604F1280104F80BAC012300954FF489
:105C2000806244F8087C04F8026C204624F8045C86
:105C300000F0FCFD04F6280704F5856101234FF40C
:105C4000806204F11400CDF8009000F0EFFD04F53F
:105C500003663846FBF784FC3046FBF781FCC4E959
:105C60000357C4E9086504F6C8044445CDD102B021
:105C7000BDE8F087001500204C020120101500201F
:105C8000C04900204B4B1A6A196B12B10022C3E9BC
:105C9000072219B100200021C3E90C01D3F8E8283C
:105CA000D3F8F8081AB10021434AC2E9011120B122
:105CB00000200021414A42E90201414AD2F8B011D4
:105CC000D2F8C00100293FD0002141F2B01C00B53C
:105CD000C2F8AC1102F5D87E43F80C1020B10020B8
:105CE0000021384BC3E90001D2F8783AD2F8881A7B
:105CF0001BB10022344BC3E9012221B10020002155
:105D0000324B43E90201324BD3F84023D3F850031E
:105D100012B10021C3E9CF1120B1002000212D4A8A
:105D2000C2E90001D3F8082CD3F8181C1AB10022DC
:105D3000294BC3E9012221B100200021274B43E96F
:105D4000020101205DF804FB20B1002000211D4B61
:105D5000C3E90001D2F8783AD2F8881A1BB10022C0
:105D6000194BC3E9012221B100200021174B43E95F
:105D70000201174BD3F84023D3F8500312B100218E
:105D8000C3E9CF1120B100200021124AC2E900016D
:105D9000D3F8082CD3F8181C1AB100220E4BC3E913
:105DA000012221B1002000210C4B43E90201012016
:105DB000704700BF00150020E01D0020001E0020DD
:105DC00000250020C0260020702F0020902F0020EA
:105DD00000350020503800200041002020410020E4
:105DE0002DE9F0410026164CDFF85C80154F3B781A
:105DF0002660DA0726711DD59B0704F1240509D515
:105E00000121284604F6C80400F03AFFA045EED16F
:105E1000BDE8F081284600F017FF04F6C804012110
:105E2000284600F02DFF4445F2D03B782660DA0783
:105E30002671E1D404F1100000F006FF3B78DBE7A7
:105E4000001500204C020120B04900202DE9F04748
:105E50004B7982B0022B04D00026304602B0BDE858
:105E6000F0878B79022BF7D13F4F0546B87800B306
:105E700097F8CA0800285BD007F5805090F8924147
:105E8000002C6BD090F85A3A002B4ED007F50053F7
:105E900093F82203002863D093F8EA3B4FF0050AF9
:105EA00043B14FF0E023D3F8F03DDB07D4D500BE7B
:105EB000D2E7824640F6C80808FB0AF88B78092624
:105EC00007F808300B7807EB0809CC18617824290B
:105ED0000BD1082A02D824E0B24222D323781C44F2
:105EE0006178334424299EB2F6D0052923D00429B1
:105EF00017D163790A2B14D10223284608EB030239
:105F0000257808F103083A444744CDE90072611945
:105F10001A46FFF781FB0028C3D00E3615FA86F625
:105F2000B6B24846FFF750FD97E74FF0030AC1E7C6
:105F30004FF0010ABEE721462846FFF7BBFB0028C9
:105F4000AFD040F6C80303FB0A7AA3788AF8013081
:105F500023781C44334461789EB2C8E79A46A9E787
:105F60004FF0040AA6E700BF00150020F8B513782B
:105F700003F06003202B1DD13C4B948893F800C0A4
:105F8000A44519D093F8C8C8A44556D003F5805C41
:105F90009CF890E1A64554D09CF858CAA44553D02B
:105FA00003F5005393F820C3A44550D093F8E83B81
:105FB000A3423FD00020F8BD1C4600255378203B6B
:105FC000032BF7D8DFE803F029200802012941D08C
:105FD000032943D00120F8BD01293BD00329F9D181
:105FE000578804F1240007F0010686F001012771AB
:105FF00000F046FE1E4B002BECD031462846C7F37E
:106000004002AFF30080E5E70129E3D11146072301
:1060100004F10802FFF7E6FBDCE70129F6D00329CB
:10602000D8D1144B002BD5D0284604F10801AFF38A
:106030000080CFE70525104CC0E7012503F6C80412
:10604000BCE702250D4CB9E703250D4CB6E7042546
:106050000C4CB3E71146FFF7ABFBBBE70A4B002B39
:10606000B8D028465188AFF30080B3E70015002070
:106070000000000000000000E84000209026002002
:10608000582F002020380020000000002DE9F04F9C
:106090007D4D0C46EA7807468A421E4685B045D0BB
:1060A000AB788B4200F0BB8095F8CB388B4200F088
:1060B000BE8095F8CA388B4200F0BD8005F580534C
:1060C00093F893218A4200F0BA8093F892218A4291
:1060D00000F0B98093F85B2A8A4200F0B88093F808
:1060E0005A3A8B4200F0B78005F5005393F823230A
:1060F0008A4200F0B88093F822238A4200F0B780E9
:1061000093F8EB2B8A4200F0B68093F8EA3B8B427F
:1061100000F0B5804FF0E023D3F8F03DDB0703D467
:10612000002005B0BDE8F08F00BEF9E74FF0000B8E
:10613000DA4640F6C80909FB0AF909F11003EB1821
:1061400009F648011846B2B22944019300F0D0FC88
:106150004E4B3BB305EB09025179FF2922D00EB318
:106160004B4B09F6470833444B44029403961C46B4
:106170001646A84402E0A04512D0717918F8010F24
:106180008842F8D1019800F091FB0028F3D140F645
:10619000C80101FB0A5158464979AFF30080EAE78C
:1061A000DDE902463B4B23B1019800F07FFB00285C
:1061B00055D005EB0900FFF707FC40F6C80303FBC9
:1061C0000A539B78A34203D0012005B0BDE8F08FAD
:1061D000314B13B15846AFF300805846FFF79CFC93
:1061E0000028F1D109F12400284400F04FFB0028D9
:1061F000EAD1002EE8D016F03F06E5D140F6C804FB
:1062000004FB0A543846A178FFF776FA0028DBD061
:10621000334632463846A178FFF792FAD4E74FF07A
:10622000000BDA4640F6C80909FB0AF9C5E74FF04A
:10623000010BDA467DE74FF0010BDA46F2E74FF04B
:10624000020BDA4675E74FF0020BDA46EAE74FF049
:10625000030BDA466DE74FF0030BDA46E2E75846E8
:10626000AFF30080A5E74FF0040BDA4661E74FF08B
:10627000040BDA46D6E74FF0050BDA4659E74FF044
:10628000050BDA46CEE700BF001500200000000035
:10629000471D0020000000000000000070B5154CF4
:1062A00084B040F28C420021204600F0B5FE20264A
:1062B00000234FF40075221D029204F52372194643
:1062C000CDE9002503961A4604F51A7000F0ACF9E2
:1062D000002304F1240104F16800CDE902160090C6
:1062E00001221946019504F1440000F09DF904B023
:1062F00070BD00BFF403012010B5054C204600F02E
:10630000BFF9A4F5097000F0BBF9012010BD00BF72
:106310005C060120002310B5054C04F51C702370A9
:1063200000F092FC04F14C00BDE8104000F08CBC81
:10633000F40301202DE9F84F4B79FF2B02D0002008
:10634000BDE8F88F3A4D0E4695F869320C78002B6F
:10635000F5D195F84570002FF1D18B780C442B7056
:106360000B79002B3ED0804604EB020B05F51C7A1E
:1063700005F51A796378052B09D0A34502D831E0D9
:106380005C452FD223781C446378052BF8D1A345B4
:1063900028D921464046FFF78DF900283FD0A37841
:1063A000DB0923D1504600F04FFCA37895F8681222
:1063B00085F86932A3884046C3F30A03A3F5007346
:1063C000B3FA83F35B0963F3410185F86812494628
:1063D00000F0C4F918B32378317901371C44FBB2BB
:1063E0009942C7D8A11B88B2BDE8F88F114800F0C8
:1063F0002BFCA37895F844C085F84530A3880E4956
:10640000C3F30A03A3F50073B3FA83F35B0963F3E1
:10641000410C002085F844C000F068F9DBE74FF03C
:10642000E023D3F8F03DDB0789D500BE87E700BF46
:10643000F4030120400401203804012070B51B4CF6
:10644000064694F869C21D468C4512D094F8453032
:106450008B420CD1164B1BB10020A9B2AFF30080C8
:106460003046144900F042F9D0B1012070BD00203F
:1064700070BDB4F874325BB90F4B23B100200F49E3
:10648000AAB2AFF3008030460D4900F067F9ECE79F
:10649000D4F86C12AAB204F51C7000F029FBEBE7EB
:1064A0002A463046034900F0EDF8DEE7F403012008
:1064B000000000003804012000000000F803012063
:1064C0005C06012008B50020FEF770FC00B108BD95
:1064D0004FF0E023D3F8F03DDB07F8D500BE08BD50
:1064E000F8B5037813F001041AD1037805465A076A
:1064F000C3F3800701D52046F8BD0E464FF0FF31AB
:10650000304600F0E5FE2B7813F001040BD12B7818
:106510005B0709D42B78012443F004032B7003E0BC
:1065200000242046F8BD3C46304600F0DDFE204603
:10653000F8BD00BF70B50C4605464FF0FF31204650
:1065400000F0C6FE2B78C3F380065B0708D52B78D6
:1065500013F0010311BF00262A7863F382022A7028
:10656000204600F0C1FE304670BD00BFC37882886F
:1065700003F003000228C2F30A021FD0032803D04D
:1065800001280AD000207047022914BF40234FF48D
:106590008063934209D301207047022940F2FF3300
:1065A00008BF4FF480639342F6D24FF0E023D3F854
:1065B000F03DDB07E6D500BE00207047022902D07F
:1065C000402AE8D9F1E7B2F5007FE4D0EDE700BF5B
:1065D0000A44914226D291F801C0BCF1050F05D0C2
:1065E00091F800C061448A42F5D8704700B591F82F
:1065F00002C00CF07F0E00EB4E0E4FEADC1C0EF8D2
:106600000C3091F800C061448A4209D991F801C068
:10661000BCF1050FEBD091F800C061448A42F5D877
:106620005DF804FB704700BF2DE9F0418E4682B053
:10663000009390F800C0089EBDF824706EF3000C23
:1066400004461546012331463A4600F808CBBDF80A
:106650002C8000F0EBF806B13FB901200A9BA4F8AA
:106660000280636002B0BDE8F08104F11C06304690
:10667000FAF776FF0DB135460026C4E90556ECE77A
:1066800001207047F8B50746084640F2FF1315464B
:1066900010F8082B0C4612F0020F0CBF3F261E46C6
:1066A00000F0F4F828B925B12E4202D12378DA0798
:1066B00001D50020F8BD38466178FFF71DF80028A5
:1066C000F7D0237813F0010307D04FF0E023D3F87D
:1066D000F03DDB07EDD500BEEBE71A4638466178A2
:1066E000FFF72EF80028F0D0F8BD00BF70B501F11B
:1066F0000805064628460C4600F0C8F810B1237875
:10670000D80701D5002070BD30466178FEF7F4FF50
:106710000028F7D028466288616800F02DF92378B8
:10672000054648B1D9070ED54FF0E023D3F8F03D28
:10673000DA07E7D500BEE5E7DB07E3D4304661784A
:10674000FEF7ECFFDEE70346626830466178FEF74D
:10675000F7FF0028E8D0284670BD00BF8A892DE9E0
:10676000F0410B780C4605468AB9DF0725D44978F5
:10677000FEF7C2FF08B322786388D6073FD54FF0F3
:10678000E023D3F8F03DDA0717D500BE15E003F09B
:10679000020301F10808002B40460CBF40274FF4CC
:1067A00000774FF6C07618BF4FF47E4600F088F8A9
:1067B000874202D82378D80702D50020BDE8F081AF
:1067C00028466178FEF798FF0028F6D0404600F092
:1067D00077F887421FD823786288D907CFD4304012
:1067E000904228BF104661780646E0B162683346A1
:1067F0002846FEF7A5FF0028C1D03046DEE76178C5
:106800003BB162682846FEF79BFF0028B7D060883E
:10681000D4E71A46F6E72378DB07CED4284661781A
:10682000FEF77CFFC9E70246E1E700BF2DE9F04132
:10683000B2F5004F9DF8188024D80446C06817466A
:106840000E461D4618B14FF0FF3100F041FD2069A2
:1068500018B14FF0FF3100F03BFD0022C5F30E03ED
:10686000E06843EAC83362812660A780E380228122
:1068700008B100F039FD206908B100F035FD0120B4
:10688000BDE8F0810020BDE8F08100BF03894289A6
:106890009BB292B28088934236BFC2EB40029B1AF1
:1068A0009B189BB2984228BF1846704702894389BB
:1068B00090B29BB2C01AB0FA80F04009704700BF96
:1068C000038942899BB2808892B2934236BFC2EB61
:1068D00040029B1A9B189BB2984286BFC01A80B296
:1068E0000020704738B5044600690D4618B14FF0D6
:1068F000FF3100F0EDFC2189638989B29BB2A28847
:10690000994236BFC3EB4200C81A401880B250B358
:10691000824209D291422CBF891A89188BB29A42BD
:10692000638103D89B1A9BB29A42FBD9E288216803
:10693000C2F30E0202FB0311284600F0BFFB61897F
:10694000012589B24B1C9BB29942A2880ED9002323
:1069500002FA05F15B1A9BB22069638108B100F06D
:10696000C3FC284638BD054663899BB2B3EB420F92
:106970004FEA4201F0DBEDE72DE9F04706460069FA
:106980008846914618B14FF0FF3100F0A1FC3389E1
:1069900074899BB2A4B2B588A34236BFC4EB450745
:1069A0001F1BFF18BFB2002F4AD0BD4240D3B945CC
:1069B00028BFB946A5421FFA89F703D8641BA4B2C1
:1069C000A542FBD9B6F806A02B1B31689BB2CAF3CF
:1069D0000E029F42924602FB041123D913FB02F3DD
:1069E0001FFA83F94A4640467D1B00F067FB621997
:1069F00012FB0AF2316808EB090092B200F05EFB6C
:106A00007289B58892B2D3199BB29A421AD96A0098
:106A10009B1A9BB23069738108B100F065FC38465F
:106A2000BDE8F087404607FB02F200F047FBE7E7CE
:106A3000AB422CBF5B1B5B199CB22F467481B6E73F
:106A400073899BB2B3EB450F4FEA4502E2DBDFE708
:106A5000F8B50446C0680E4618B14FF0FF3100F09B
:106A600037FC2589238961899BB289B2A2888B4230
:106A700036BFC1EB42015B1A5B189BB29A42ADB2C2
:106A800008D8E779FF0905D1E06808B100F02CFCCF
:106A90003846F8BD954219D32B469B1A9BB29342B8
:106AA000FBD2E2882068C2F30E0202FB03003146EB
:106AB00000F004FB6B1C9BB29D42A28812D90023FC
:106AC00051005B1A9BB201272381DDE7E288206831
:106AD000C2F30E0205FB0200314600F0EFFA013569
:106AE000A288ABB2B3EB420F4FEA4201EBDBE8E71F
:106AF0002DE9F04F164683B0002A4CD00546C068F9
:106B0000884618B14FF0FF3100F0E2FBEA792F8997
:106B10006989D209AB88BFB289B240D18F4236BFF2
:106B2000C1EB4301791AC91989B2994241D2591A64
:106B300089B28E4228BF0E46B5F806A007EB0609BB
:106B4000A6EB030BCAF30E0A1FFA89F91FFA8BFB97
:106B50009F423C4603D3E41AA4B29C42FBD21B1BC7
:106B600028689BB2B3420AFB04004BD341460AFBA0
:106B700006F200F0A3FAAA884F454FEA420302D872
:106B8000B9EB420F03DBA9EB03031FFA83F9E868B3
:106B9000A5F8089088B9304603B0BDE8F08FB5F885
:106BA00006A09E42CAF30E0A0DD3002B3FD11E460B
:106BB00000E00026E8680028EDD000F095FB3046A4
:106BC00003B0BDE8F08F8F4236BFC1EB43027A1AA3
:106BD000D21992B258003244A6EB030B82421FFA3C
:106BE0008BFB0ADB01EB03091FFA89F9A9EB060706
:106BF000BFB2B94218D9381A87B206EB07091FFA93
:106C000089F9A5E713FB0AF35C4414FB0AF49AB272
:106C10004146019200F052FA019A286808EB0201FD
:106C2000A2B200F04BFAA6E7B84291DCE3E7F61A0D
:106C300001EB03090AFB06880F461E464FF0000BC6
:106C40001FFA89F984E700BF10B50446C06818B17F
:106C50004FF0FF3100F03CFB206918B14FF0FF31DD
:106C600000F036FB0023E0686381238108B100F067
:106C70003BFB206908B100F037FB012010BD00BFCD
:106C800038B50446C0680D4618B14FF0FF3100F02A
:106C90001FFB206918B14FF0FF3100F019FBE379B9
:106CA000E06865F3C713E37108B100F01DFB2069CC
:106CB00008B100F019FB012038BD00BF10B5192044
:106CC000FBF7A2FB1922012343EC4420044C0548A6
:106CD000002220604FF4E131BDE81040FDF73ABDDD
:106CE0004C1201200000074000B545F247308BB040
:106CF000FBF776FD01220346092101A89847DDE94B
:106D00000332044912BA1BBAC1E900230BB05DF883
:106D100004FB00BF181201202DE9F0478946054603
:106D2000FAF7B4FF012399F8042099F905C005F199
:106D30002F4EDFF8D8800EF5600E93404FEA1E5EAE
:106D4000BCF1000F58F82E7003F1FF3346DBC2F19F
:106D500020018C45644631DC03FA0CF139422DD117
:106D60006646D5F868A199F80710BAF1000F2CD043
:106D7000C9072CD4BCF1000F01DB664527D1B34015
:106D80001F423CD1D9F8001082B1B44601EB420950
:106D900031F8022B0CF1120AB2F5005F38BF9219DC
:106DA00049450CF1010C45F82A20F1D13B4348F844
:106DB0002E30FAF77DFF2046BDE8F0874FF0FF3414
:106DC000FAF776FF2046BDE8F0874907D2D56FF085
:106DD0000A04FAF76DFF2046BDE8F087D2F12004DF
:106DE0000DD403FA04F13942264603D1B9E73942FA
:106DF0002646B6D0013C661C03FA04F1F7D16FF0C9
:106E00000804FAF755FF2046BDE8F087E8030120A3
:106E10002DE9F0434FF4003501EB410600EBC604C9
:106E200004F5435400EBC606D6F8DC904F00D6F8C4
:106E3000CC80E560B3B193FAA3FCBCFA8CFC22FAD7
:106E40000CF503F1FF3E4FEA4C1C05F001054CF038
:106E5000806445F4604513EA0E03C6F8DC40C6F8CA
:106E6000D850E8D10F4400EBC700C0F8DC90C0F860
:106E7000CC80BDE8F08300BF2DE9F0474FF400352A
:106E800001EB410600EBC60404F5435400EBC606D3
:106E9000D6F8DCA04FEA4108D6F8CC90E560BBB14B
:106EA0004EF2800793FAA3FCBCFA8CFC22FA0CF594
:106EB00003F1FF3E4FEA4C1C05F001054CF08064E5
:106EC0003D4313EA0E03C6F8DC40C6F8D850E9D1BA
:106ED000884400EBC800C0F8DCA0C0F8CC90BDE846
:106EE000F08700BF2DE9F041D0F868419DF81860A7
:106EF000121B1F2A38D84EF29F044EF280054FF421
:106F0000003801EB410C002E18BF254600EBCC04E5
:106F100004F5435400EBCC0C052BDCF8DC704FEA95
:106F2000410EDCF8CC60C4F80C800CD95401053B50
:106F300044F0A0540532052BCCF8DC4002F01F02CF
:106F4000CCF8D850F2D8714400EBC10100205201B6
:106F500042EA8363C1F8DC30C1F8D850C1F8DC7074
:106F6000C1F8CC60BDE8F0816FF00400FAE700BF23
:106F7000F0B5012504688D4024EA05040460B3B32C
:106F8000D3E901561F68DC6801EB410300EBC30342
:106F9000C3F8C8704FEA410CC3F8D060C3F8CC50B6
:106FA000C3F8DC400CEB01034FF0013500EBC30CE0
:106FB0004FF0004600EBC30E01230EF5865E0C1D5C
:106FC00001F108078D40CEF8106003FA04F4CEF802
:106FD000106002F01F028560BB4000F500500460A5
:106FE0000EF1100E03600020CCF8D820F0BD4FF455
:106FF00080374FF440264FF4F83501EB410400EBA5
:10700000C404C4F8C8704FEA410CC4F8D060C4F896
:10701000CC50C4F8DC30C5E770B5860747D0541EA5
:10702000002A3ED0CAB2034601E0013C39D303F83E
:10703000012B9D07F9D1032C2CD9CDB20F2C05EBD8
:10704000052505EB054535D9A4F1100C03F1100E0B
:107050001A462CF00F064FEA1C1CB644C2E9005534
:10706000C2E9025510327245F8D10CF1010214F058
:107070000C0F04F00F0C03EB021213D0ACF104035D
:1070800023F003030433134442F8045B9342FBD11F
:107090000CF003042CB1C9B21C4403F8011BA34239
:1070A000FBD170BD64461346002CF4D1F9E70346CA
:1070B0001446C0E71A46A446E0E700BF844641EA0A
:1070C000000313F0030349D1403A23D30B68036054
:1070D0004B6843608B688360CB68C3600B69036156
:1070E0004B6943618B698361CB69C3610B6A03623E
:1070F0004B6A43628B6A8362CB6AC3620B6B036326
:107100004B6B43638B6B8363CB6BC363403040310A
:10711000403ADBD230320BD30B6803604B684360DC
:107120008B688360CB68C36010301031103AF3D2A3
:107130000C3205D351F8043B40F8043B043AF9D231
:10714000043208D0D2071CBF11F8013B00F8013B04
:1071500001D30B8803806046704700BF082A13D311
:107160008B07B1D010F00303AED0C3F10403D21AE1
:10717000DB071CBF11F8013B00F8013BA4D331F839
:10718000023B20F8023B9FE7043AD9D3013A11F8B9
:10719000013B00F8013BF9D20B7803704B78437048
:1071A0008B78837060467047002301461A46184664
:1071B00000F042B820F0030110F00300C0F100001D
:1071C00051F8043B00F1040C4FEACC0C6FF00002C4
:1071D0001CBF22FA0CF213434FF0010C4CEA0C2CAA
:1071E0004CEA0C4CA3EB0C0222EA030212EACC128A
:1071F00004BF51F8043B0430F4D0C2F1000102EAAC
:107200000102B2FA82F2C2F11F0200EBD200704713
:1072100038B5074D074C2C1BA41005D0013C55F880
:10722000043D9847002CF9D1BDE8384000F040B843
:10723000647300106473001070B4164D2C681CB396
:1072400065681F2D23DC38B96B1C00200235636094
:1072500044F8251070BC704704EB850C0228CCF86C
:1072600088204FF00102D4F8886102FA05F246EA5C
:107270000206C4F88861CCF80831E5D1D4F88C3125
:107280001343C4F88C31DFE7034C2C60D8E74FF090
:10729000FF30DFE7DC4C00204C4B0020024B13B1E9
:1072A0000248FFF781BF7047000000001172001014
:1072B000F8B500BF000000005FF800F01D050020D9
:1072C0005FF800F0E50300205FF800F00D0D0020EE
:1072D0005FF800F0BD0200205FF800F0AD0D002067
:1072E0005FF800F0711000205FF800F0F502002058
:1072F0005FF800F0110100205FF800F0690D002038
:107300005FF800F0510200205FF800F091010020CA
:107310005FF800F0350D002039290010AD2800106D
:10732000E1280010852900101929001015280010E7
:1073300061290010012800101515001065290010A2
:10734000B91800105D2800104D290010FD2800100C
:10735000F11D0010191E00109D7200105D0200103A
:04736000E96C0010C4
:10736800255800003830383620436F6E73756C74BA
:10737800616E6379000000005069636F5541525493
:10738800360000004344432053657269616C000075
:107398006932632D74696E792D757362000000007F
:1073A800486172647761726520616C61726D202535
:1073B8006420616C726561647920636C61696D65D4
:1073C800640000000A2A2A2A2050414E4943202AF4
:1073D8002A2A0A000A0000004E6F207370696E6C3A
:1073E8006F636B732061726520617661696C61629D
:1073F8006C65000048617264206173736572740083
:1074080052656C6561736500626F6F74325F7732C5
:107418003571303830000000322E312E3000000037
:107428007069636F32000000756172745F6932635E
:107438005F627269646765004F6374203239203275
:1074480030323500666E692B00000000666E6900F8
:107458006E616E00666E692D00000000556E6861F1
:107468006E646C65642049525120307825780A0092
:10747800657020253032582077617320616C726501
:1074880061647920617661696C61626C65000000F5
:1074980043616E277420636F6E74696E756520781A
:1074A800666572206F6E20696E6163746976652007
:1074B80065702025303258004C4544000100FF8E8D
:1074C800D074001004FF0100A09F28F70160420655
:1074D800E074001004FF0100A09F27F70160420636
:1074E800F07400100AFF0100202028EA014042063B
:1074F800C80014C0A0200000774020800C75001040
:107508000AFF0100202027EA01404206C80014C0F3
:10751800A020000078402080000000006C7300105C
:1075280080730010281201208C73001098730010CB
:107538000902AC010D0100A0FA080B0002020200CA
:1075480000090400000102020004052400200105CE
:107558002401000104240206052406000107058110
:107568000308001009040100020A000000070501D1
:107578000240000007058202400000080B020202D8
:107588000200000904020001020200040524002090
:10759800010524010003042402060524060203074A
:1075A80005830308001009040300020A000000070D
:1075B80005030240000007058402400000080B0490
:1075C800020202000009040400010202000405246A
:1075D80000200105240100050424020605240604F0
:1075E800050705850308001009040500020A0000C4
:1075F8000007050502400000070586024000000854
:107608000B0602020200000904060001020200043F
:10761800052400200105240100070424020605248E
:107628000606070705870308001009040700020A71
:107638000000000705070240000007058802400017
:1076480000080B08020202000009040800010202F7
:107658000004052400200105240100090424020671
:10766800052406080907058903080010090409000C
:10767800020A0000000705090240000007058E0203
:10768800400000080B0A020202000009040A000177
:10769800020200040524002001052401000B042433
:1076A80002060524060A0B07058B030800100904C7
:1076B8000B00020A00000007050B02400000070546
:1076C8008C0240000009040C0002FF0000050705B9
:1076D8000D0220000007058D0220000012010002A3
:1076E800EF02014071316000000101020301000056
:1076F80006005250D3F0754208740010060052502C
:10770800E182887F1074001006005250ABB36053BA
:107718002074001006005250BBFF3CB628740010BD
:1077280006005250861C03023074001006005250A6
:107738005422A29D4074001005005250DE65F46882
:10774800288C001000000000000000000000F03F3E
:107758000000000000002440000000000000594024
:107768000000000000408F40000000000088C34077
:1077780000000000006AF8400000000080842E41EC
:1077880000000000D01263410000000084D7974138
:107798000000000065CDCD410D0A0000000000008A
:1077A800E55B0010855C0010E15D00104D5E001087
:1077B8006D5F00108D6000100000000000000000E8
:1077C8009D620010F9620010156300103563001007
:1077D8000D1100103D640010000000000900525017
:1077E80000000002C074001008005250121002007D
:0877F800C4F8FF7F010000004E
:10780000F876001004770010107700101C77001035
:10781000287700103477001040770010F0770010C0
:04782000E4770010F9
:107824004FF0504310B5026893F90040EFF3108312
:1078340072B6D2E8CFCF0121BCF1000FF9D1C2E872
:107844004C1FBCF1000FF4D1BFF35F8F90F90420FB
:10785400002A1CDB00210268C2E88F1F83F3108812
:1078640020BF0268EFF3108372B6D2E8CFEF5FF067
:10787400010CBEF1000FF8D1C2E84ECFBEF1000FEB
:10788400F3D1BFF35F8F90F90420002AE3DA0022DA
:1078940001680471C1E88F2F83F3108810BD00BF05
:1078A400034600B50268EFF3108C72B6D2E8CFEF4E
:1078B4000120BEF1000FF9D1C2E84E0FBEF1000F56
:1078C400F4D1BFF35F8F93F90420002A0ADB01B1DE
:1078D4000A60002000221B68C3E88F2F8CF31088F5
:1078E4005DF804FB4FF05042126801201A71F1E771
:1078F4004FF050412DE9F0410027044616461D463D
:10790400D1F8008009E02368C3E88F7F8CF31088E6
:107914003046294601F0E4F8F0B92168EFF3108C01
:1079240072B6D1E8CF2F0123002AFAD1C1E8423F31
:10793400002AF6D1BFF35F8F94F904E0BEF1000F83
:10794400E1DA0023226884F80480C2E88F3F8CF3D4
:1079540010880120BDE8F0810020BDE8F08100BF5F
:1079640030B501460468EFF3108C72B6D4E8CFEF5B
:107974000125BEF1000FF9D1C4E84E5FBEF1000F3E
:10798400F4D1BFF35F8F90F90440002C11DB002188
:107994000568C5E88F1F8CF310884FF0504C9CF994
:1079A40000C0A44501D1084630BDBDE83040FFF712
:1079B4009FBF4FF05040006800230A680871C2E876
:1079C4008F3F8CF31088012030BD00BF70B5054691
:1079D4000C4601F089F802460B464FF47A704FF0DA
:1079E400FF3E6FF0004CE4FB002396457CEB030163
:1079F40038BF72462846BDE8704038BF6346FFF77B
:107A040077BF00BF0368EFF3108272B6D3E8CFCF1D
:107A14000121BCF1000FF9D1C3E84C1FBCF1000FE8
:107A2400F4D1BFF35F8F4FF0FF0C0023016880F89F
:107A340004C0C1E88F3F82F3108840BF704700BF85
:107A440010B40A4C23786BB9094BC3F1804103F598
:107A5400807001F56021CA5843F8042F8342FAD19B
:107A6400012323705DF8044B704700BF57120120B7
:107A74007C080120004B184781080120034B1A6A37
:107A840002609A6A42605B6A8360704700000D403E
:107A94000422014B1A60704700300D400422014B50
:107AA4001A60704700200D4010B5044644F2464069
:107AB40001F012F824B103681888C0F3033010BD34
:107AC4000A2010BD10B504460120FFF7EDFF38B9B8
:107AD4002268074B1A6262689A62A2685A6210BDF1
:107AE4004FF480514AF20202014BD9621A6310BD6D
:107AF40000000D402DE9F0430024174685B00646EA
:107B04008946E28A002343E800F35D0254BF102152
:107B1400042144F24960904700230546DA8A002391
:107B240043E800F35C0254BF1021042145F64500EC
:107B3400904700230446DA8A002343E800F35802FE
:107B440054BF1021042144F2463090478046FFF789
:107B540077FF00F063F801A8FFF790FFA847A0475C
:107B6400FFF79CFF01223C46214B1A60214A37B3A0
:107B74001368590503F4803508D5002DF7D16CBB83
:107B840013680024590503F48035F6D4334613F8FA
:107B9400011B013F51607DB90CBBEFB90122164BAB
:107BA4001A60FFF775FFC047FFF764FF01A8FFF7EE
:107BB40089FF05B0BDE8F0831E46002FD8D10D4AD9
:107BC400002CEBD01368DB03FCD449469368013CDA
:107BD40001F8013B8946F3E71E46D1E7334649469F
:107BE4001E46044B013C9B6801F8013B8946BEE7F5
:107BF40000200D4000000D4000300D40014488423B
:107C040006D2002302F1C052135408308142FBD83B
:107C1400BFF34F8FBFF36F8F704700BF01224FF444
:107C240080410148FFF7EABF00C0FF03002108B507
:107C3400134B4FF4707299601248D96019615961FD
:107C44009961D961196259629962D9621963596358
:107C54009963D963196459649964D9641965596538
:107C64009965D965196659669966D9661967596718
:107C74009967D96700F02CFF034B044A1A6008BDCA
:107C8400000010502C0A0120F41101208001105032
:107C94002DE9F04F214B85B09E6D0EB300240125D4
:107CA4001F4F01E0202C1BD006EA0503621C21466D
:107CB400AA46D4B26D00002BF4D0022304F00108CC
:107CC4004FEA510913FB098B164B07EB4B1B584624
:107CD400C3F858A000F024FC28B936EA0A06E1D11A
:107CE40005B0BDE8F08F0022CDF80620ADF80A20DB
:107CF4004FF4E06208EB490307EB4313ADF80420AB
:107D04009A78DB8A01A801218DF80820039300F0FA
:107D140025FC584600F0AAFBDFE700BF0000115025
:107D2400EC09012000301150F0B5B84B85B0D3F800
:107D3400985015F400367BD0B54BB64C996A94F83C
:107D44003B30B54A022B116000F01181002694F8F3
:107D54007B30022B00F0EC8194F8BB30022B00F056
:107D6400DD8194F8FB30022B00F0CE8194F83B3196
:107D7400022B00F0BE8194F87B31022B00F0AE811F
:107D840094F8BB31022B00F09E8194F8FB31022B56
:107D940000F08E8194F83B32022B00F07D8194F840
:107DA4007B32022B00F06C8194F8BB32022B00F082
:107DB4005B8194F8FB32022B00F04A8194F83B3348
:107DC400022B00F0398194F87B33022B00F0E18020
:107DD40094F8BB33022B00F0048194F8FB33022B9C
:107DE40000F0EE803EB98D4B1B7823B94FF400327E
:107DF4008B4BC3F8902000224FF44074834B012135
:107E04009B6C01A8C3F30A03CDF80620CDF80A2021
:107E1400ADF80E20ADF80440029300F09FFBEA0693
:107E24004FF400367F4C07D5FFF732FF264603E0B8
:107E3400EA064FF01004F7D4EB0331D5754C46F441
:107E44008036A37E9BB10221774B704A1966536E2C
:107E54009F07FCD54FF4405200216E4800F00CFB04
:107E64006C4800F003FB02226D4B5A661A6601232C
:107E740094F83A20E370F2B901234FF4C0616B4ADD
:107E840084F82330019192E8030004AA02E9030074
:107E9400194601A800F062FB4FF40032604B1A65EA
:107EA400E9041DD46A0436D42B044AD4AE4240F00B
:107EB400B78105B0F0BD5C4A1366A2F50052536E5B
:107EC400D807FCD54FF440520021594800F0D4FAA9
:107ED400574800F0CBFA0122514B5A661A66CBE799
:107EE40000244A4B46F480561C60FFF79FFE4FF473
:107EF4008073012101A8ADF80430ADF80E40CDF82F
:107F04000640CDF80A4000F029FB4FF40022444B10
:107F14001A656A04C8D500234FF48062012101A8C0
:107F2400ADF80E30CDF80630CDF80A30ADF80420A7
:107F340000F014FB10223A4B46F480461A652B04D9
:107F4400B4D500234FF4A062012101A8ADF80E308E
:107F5400CDF80630CDF80A30ADF8042000F0FEFA72
:107F64004FF400622E4B46F400461A659EE794F8DF
:107F74003A60002E3FF4EBAE94F83C30002B3FF413
:107F8400E6AE002304F1200084F83C3000F096FAB9
:107F9400DDE694F87A73002F3FF41AAF94F87C333B
:107FA400002B40F0368194F8BB33022B23D194F894
:107FB400BA33DBB994F8FB33022B7FF41CAF3E4693
:107FC40094F8FA33002B3FF40DAF94F8FC33002BF4
:107FD4003FF411AF0023174884F8FC3300F06EFA25
:107FE40009E794F8BA33002B3FF4F7AE94F8BC33A6
:107FF400002B40F0A78094F8FB33022B7FF4FBAEF8
:1080040094F8FA33002BE0D1F5E600BF00001150DC
:1080140000000B40EC090120E40901205512012065
:1080240000301150100002000020115000001050C8
:108034000C0A0120CC0D012094F83A73002F3FF470
:10804400C2AE94F83C33002B40F0DB803E46BAE6E7
:1080540094F8FA72002F3FF4B1AE94F8FC32002B7E
:1080640040F0C7803E46A9E694F8BA72002F3FF468
:10807400A0AE94F8BC32002B40F0B3803E4698E6A4
:1080840094F87A72002F3FF48FAE94F87C32002B70
:1080940040F09F803E4687E694F83A72002F3FF402
:1080A4007EAE94F83C32002B40F08B803E4676E660
:1080B40094F8FA71002F3FF46DAE94F8FC31002B64
:1080C40077D13E4666E694F8BA71002F3FF45DAE70
:1080D40094F8BC31002B64D13E4656E694F87A718C
:1080E400002F3FF44DAE94F87C31002B51D13E4625
:1080F40046E694F83A71002F3FF43DAE94F83C31D3
:10810400002B3ED13E4636E694F8FA70002F3FF439
:108114002DAE94F8FC3063BB3E4627E694F8BA7063
:10812400002F3FF41EAE94F8BC30D3B93E4618E697
:1081340094F87A70002F3FF40FAE94F87C3043B972
:108144003E4609E60023394884F8BC3300F0B6F90A
:1081540051E70023364884F87C303E4600F0AEF9FF
:10816400FAE50023334884F8BC303E4600F0A6F913
:10817400F7E50023304884F8FC303E4600F09EF9D1
:10818400F4E500232D4884F83C313E4600F096F98E
:10819400F1E500232A4884F87C313E4600F08EF94C
:1081A400EEE50023274884F8BC313E4600F086F90A
:1081B400EBE50023244884F8FC313E4600F07EF9C8
:1081C400E8E50023214884F83C323E4600F076F985
:1081D400E5E500231E4884F87C323E4600F06EF943
:1081E400E2E500231B4884F8BC323E4600F066F901
:1081F400DFE50023184884F8FC323E4600F05EF9BF
:10820400DCE50023154884F83C333E4600F056F97B
:10821400D9E50023124884F87C3300F04FF9C2E614
:10822400104886EA050100F04BFC00BF8C0D0120CC
:108234004C0A01208C0A0120CC0A01200C0B0120DD
:108244004C0B01208C0B0120CC0B01200C0C0120C9
:108254004C0C01208C0C0120CC0C01200C0D0120B5
:108264004C0D0120647400102DE9F043828A048BC4
:1082740003469442C07828BF1446051E18BF012542
:1082840080F00100121B5E78D87092B244F48060D2
:108294009A8240EA453006BBDD6804F1FF3805EBFD
:1082A400811C1D69ACB1B8F1050F05F1010203D9B8
:1082B400ACEB0207022F17D80CF1FF3C254400E079
:1082C400013212F8016CAA420CF8016FF8D11D6951
:1082D4009A8A25441D6140F400400AB940F4804064
:1082E40001B10004BDE8F0832F46E6463246261F5E
:1082F400B608013657F8049B013296424EF8049BA7
:10830400F8D8B4EB860FA8EB860205EB860E0CEBCF
:108314008607DCD015F826500CF82650002AD6D053
:108324009EF80150012A7D70D1D09EF80220BA70C7
:108334001D699A8ACDE700BF83680246186801B1B7
:10834400000C5378C0F3090013B3F0B5D2E9035419
:108354008F0105EB8113461E78B1052E04D9013730
:108364003D44651B022D1CD8611E1D1813F8014BDA
:108374009D4201F8014FF9D11469D38A044403449E
:10838400D382138B1461834284BF00239382F0BD94
:10839400D38A0344D382138B834284BF0023938202
:1083A40070479E4625460021A0F1040C4FEA9C0C20
:1083B4000CF1010C5EF8047B0131614545F8047B46
:1083C400F8D3B0EB8C0FA6EB8C0603EB8C0504EB17
:1083D4008C01D1D013F82C3004F82C30002ECBD0E3
:1083E4006B78012E4B70C7D0AB788B701469C4E7DF
:1083F40010B50446836800211B68FFF79DFF63687E
:108404001B685B0002D5238B834200D010BD20463D
:10841400BDE810400121FFF78FBF00BF084B1B6C64
:1084240013F0020302D18278D20901D100207047EF
:10843400C07EA0F10200B0FA80F04009704700BF8E
:108444000000115008B5FFF7E9FF50B1054A064B8B
:10845400906A1B68A0F54870C01AC6288CBF00201B
:10846400012008BD00000B40E40901200023C0E9FD
:1084740004338376704700BF10B5836809B11C6864
:10848400214082B1114352050DD51A6854050CD40C
:10849400084A21F480641C60126C920703D40C23F4
:1084A400033BFDD28368196010BD8178024800F057
:1084B40007FB00BF000011507874001030B543680A
:1084C400002183B004461D68FFF7CEFE134B40F431
:1084D40080521B6C13F0020FA3780ED05B060ED0F3
:1084E40025F0A04545F000550021204663681D6035
:1084F40003B0BDE83040FFF7BFBFDB09F0D0A38A6B
:10850400002BEDD0012120460192FFF7ADFE019A28
:1085140025F00055024345F0A045E5E70000115061
:1085240038B5857E044695B1FFF762FFA38A0BB97F
:10853400284638BD2046FFF785FF20B10123237765
:108544000025284638BD2046FFF7B8FFF8E78178B4
:10855400014800F0B5FA00BF987400102DE9F0430B
:1085640043788146023B0D4685B0042B13D8DFE8DF
:1085740003F0034A6A73440000217B4B1A7822F00B
:1085840001021A701A7822F002021A7059701A78CD
:1085940061F382021A70754B1C686369EFF31082F1
:1085A40072B6D3E8CF0F01210028FAD1C3E8401FE7
:1085B4000028F6D1BFF35F8FA2614946204600F040
:1085C4007BFA00236269C2E88F3FA36983F31088B2
:1085D40048B94FF0E023D3F8F03DDB070AD500BEDD
:1085E40005B0BDE8F0832A4699F8011099F8000017
:1085F40000F06AFA05B0BDE8F0835D4A13780133F0
:10860400DBB21370C7E700245A4E23463178DFF8F3
:108614006C81594F11E03B6813EB441307D0DB69BD
:108624002BB1D9F8041099F8000098473178013437
:10863400E4B24A1CA242234617DBA142EBD85B1AE0
:1086440008EB4313EBE7484B1A78D607D2D51A78D0
:1086540042F004021A709EE7434B1A78D407C9D536
:108664001A7822F004021A7095E73F4C23785807D1
:108674003AD4E378DA07BDD5032300263B4A99F8B8
:1086840000101468D9F804208DF804108DF8053012
:108694006369CDF80660CDF80A60ADF80E60029209
:1086A400EFF3108272B6D3E8CF0F01210028FAD17C
:1086B400C3E8401F0028F6D1BFF35F8F2046A261B4
:1086C40001A900F0F9F96369C3E88F6FA36983F323
:1086D400108800283FF47DAF2A469DF805109DF8C8
:1086E400040000F0F1F985E72378002723F0040360
:1086F400237005231D4A8DF80530166899F800206B
:10870400ADF80E708DF804207369CDF80670CDF8BD
:108714000A70EFF3108272B6D3E8CF0F012100285C
:10872400FAD1C3E8401F0028F6D1BFF35F8F30466B
:10873400B26101A900F0C0F97369C3E88F7FB3691E
:1087440083F3108838B94FF0E023D3F8F03DD9070C
:108754008FD500BE8DE72A469DF805109DF80400CC
:1087640000F0B2F985E700BFCC0201202403012008
:10877400561201205412012048020120A47700104F
:1087840053B94AB9002908BF00281CBF4FF0FF3174
:108794004FF0FF3000F08CB9ADF1080C6DE904CE58
:1087A40000F006F8DDF804E0DDE9022304B07047C8
:1087B4002DE9F04F099D0E4604460F46002B47D184
:1087C4008A429446B2FA82F35AD943B102FA03FCBC
:1087D400C3F120029F409C4020FA02F217434FEA63
:1087E4001C461FFA8CFE220CB7FBF6F106FB117730
:1087F40001FB0EF042EA0742904208D91CEB020248
:1088040001F1FF3702D2904200F23C813946121A3C
:10881400A4B2B2FBF6F006FB102200FB0EFE44EA03
:108824000244A64508D91CEB040400F1FF3202D22D
:10883400A64500F22A81104640EA0140A4EB0E044A
:1088440000211DB1DC400023C5E90043BDE8F08FE1
:108854008B4205D90DB1C5E9000100210846F5E7B1
:10886400B3FA83F100294FD1B342C0F002818242AE
:1088740040F2FF800846002DE8D0C5E90047E5E74F
:10888400002B40F0AF808A1A4FEA1C4E1FFA8CF777
:108894000121B2FBFEF60EFB1620220C42EA004236
:1088A40007FB06F090420FD91CEB020206F1FF38D9
:1088B4002CBF4FF001094FF00009904203D9B9F1E0
:1088C400000F00F0DC804646121AA4B2B2FBFEF0A0
:1088D4000EFB102200FB07F744EA0244A7420FD91B
:1088E4001CEB040400F1FF322CBF4FF0010E4FF0DB
:1088F400000EA74203D9BEF1000F00F0C980104654
:10890400E41B40EA06409CE7C1F120048B4006FAD0
:1089140001FC00FA01FE22FA04F7E6408A401F43F4
:1089240020FA04F34FEA174843EA0C031FFA87FCC2
:108934004FEA1349B6FBF8F008FB106649EA06460D
:1089440000FB0CF9B1450ED9BE1900F1FF3A2CBF5A
:108954004FF0010B4FF0000BB14503D9BBF1000FF1
:1089640000F0A2805046A6EB09061FFA83F9B6FB75
:10897400F8F308FB136603FB0CFC49EA0646B4450E
:108984000ED9BE1903F1FF382CBF4FF001094FF087
:108994000009B44503D9B9F1000F00F082804346C1
:1089A40043EA0040A6EB0C06A0FB028C6645434656
:1089B400E14602D307D1C64505D2B8EB02036CEBFE
:1089C400070C0138E1465DB1BEEB030266EB090614
:1089D40006FA04F422FA01F3CE401C43C5E900462A
:1089E400002133E702FA03FCC3F1200299409C40C2
:1089F400D6404FEA1C4E20FA02F21FFA8CF7B6FB5F
:108A0400FEF00A430EFB1066110C41EA064100FB1E
:108A140007F68E420ED91CEB010100F1FF382CBF82
:108A24004FF001094FF000098E4202D9B9F1000F4D
:108A340034D04046891B92B2B1FBFEF60EFB1611F0
:108A440042EA014206FB07F191420ED91CEB0202F5
:108A540006F1FF382CBF4FF001094FF00009914295
:108A640002D9B9F1000F16D04646521A46EA00411F
:108A74000FE7841A66EB030201201746FBE6023E69
:108A8400624421E702396244C1E664440238D3E611
:108A94006444023834E7023E6244E6E70238614443
:108AA400C8E7023B3E447BE702383E445BE700BF35
:108AB400704700BF000000005FF800F0516A00102A
:108AC4005FF800F05D1C00105FF800F0694D0010C5
:108AD4005FF800F0197000105FF800F0F92700103B
:108AE4005FF800F0011B00105FF800F0E51B0010B8
:108AF4000000074000010000000000000200000028
:108B0400008007400405000000000000030000008E
:108B1400000000000809000000000000060000003A
:108B2400000000000C0D0000010000000700000020
:108B34000000000010110000020000000A00000004
:108B44000000000014150000030000000B000000EA
:108B54000E00000000000000000000000000000003
:108B64000000000000000000B049002010000000D8
:108B740000000000000001000000000000000000F0
:108B840000000200000000000000000000000300DC
:108B940000000000000000000000FF0000000000D2
:108BA40001B5486801318E460047704609380149CD
:108BB400884701BDE9220010B5450010BD460010EC
:108BC40005460010CD460010000000000001000022
:108BD400008009400000000000000940000000007F
:108BE4002803012010000C00000000000000000019
:108BF400000000000000000000000000FF00000072
:108C04000000000000000000000000000000000060
:108C1400D3DEFFFFFE010000FF0100002475FFFF0B
:048C2400793512ABE1
:040000051000014D99
:00000001FF
